user_id,movie_id,movie_title,genre,rating
U158,M045,The Wedding Planner's Heart,Romance,5
U399,M036,Synthetic Dawn,Sci-Fi,4
U348,M038,Parallel Code,Sci-Fi,3
U314,M047,"Two Hearts, One City",Romance,4
U245,M054,Nightfall Manor,Horror,5
U259,M002,Midnight Pursuit,Action,3
U334,M020,Suburban Mayhem,Comedy,3
U285,M026,Broken Compass,Drama,4
U308,M018,The Prank War,Comedy,4
U193,M034,Echoes of Andromeda,Sci-Fi,3
U234,M018,The Prank War,Comedy,3
U171,M022,The Inheritance,Drama,3
U204,M049,Midnight Serenade,Romance,5
U226,M026,Broken Compass,Drama,2
U216,M016,Dog Sitter Diaries,Comedy,4
U147,M054,Nightfall Manor,Horror,4
U339,M038,Parallel Code,Sci-Fi,5
U234,M024,A Winter's Promise,Drama,3
U215,M040,Mars Protocol,Sci-Fi,5
U362,M014,Family Reunion Fiasco,Comedy,5
U101,M033,Colony Seven,Sci-Fi,2
U169,M033,Colony Seven,Sci-Fi,3
U261,M033,Colony Seven,Sci-Fi,4
U125,M032,The Quantum Divide,Sci-Fi,4
U169,M040,Mars Protocol,Sci-Fi,3
U312,M043,Second Chances,Romance,4
U275,M016,Dog Sitter Diaries,Comedy,3
U278,M060,Cursed Static,Horror,3
U153,M049,Midnight Serenade,Romance,2
U302,M026,Broken Compass,Drama,5
U327,M032,The Quantum Divide,Sci-Fi,5
U197,M047,"Two Hearts, One City",Romance,4
U329,M008,Crimson Velocity,Action,3
U168,M025,The Long Goodbye,Drama,2
U398,M015,The Interview Trap,Comedy,4
U140,M006,Rogue Circuit,Action,5
U223,M053,The Hollow House,Horror,4
U283,M037,Beyond the Rift,Sci-Fi,1
U295,M008,Crimson Velocity,Action,3
U118,M055,The Uninvited Guest,Horror,4
U123,M018,The Prank War,Comedy,2
U254,M042,The Coffee Shop Letters,Romance,2
U326,M043,Second Chances,Romance,4
U302,M024,A Winter's Promise,Drama,4
U274,M048,The Summer We Met,Romance,4
U301,M004,Blackout Squad,Action,4
U320,M005,Apex Strike,Action,5
U384,M042,The Coffee Shop Letters,Romance,4
U205,M015,The Interview Trap,Comedy,3
U181,M001,Steel Vendetta,Action,5
U286,M007,Last Stand Alpha,Action,4
U144,M056,Shadow Creek,Horror,3
U305,M039,The Singularity Gate,Sci-Fi,2
U165,M018,The Prank War,Comedy,5
U309,M050,Falling for You Again,Romance,4
U369,M032,The Quantum Divide,Sci-Fi,5
U343,M032,The Quantum Divide,Sci-Fi,4
U280,M051,The Basement,Horror,5
U333,M025,The Long Goodbye,Drama,2
U312,M046,Rainy Day Promises,Romance,5
U162,M027,Sunday's Child,Drama,4
U262,M030,Where We Belong,Drama,5
U114,M043,Second Chances,Romance,5
U237,M009,Ghost Payload,Action,4
U117,M005,Apex Strike,Action,4
U158,M043,Second Chances,Romance,4
U395,M034,Echoes of Andromeda,Sci-Fi,4
U223,M019,Blind Date Bingo,Comedy,2
U184,M044,Love at First Flight,Romance,2
U305,M051,The Basement,Horror,5
U305,M020,Suburban Mayhem,Comedy,3
U271,M017,Vacation Gone Wrong,Comedy,2
U298,M033,Colony Seven,Sci-Fi,4
U215,M056,Shadow Creek,Horror,1
U143,M029,Fractured Light,Drama,5
U117,M008,Crimson Velocity,Action,4
U365,M058,Haunted Hollow,Horror,3
U340,M002,Midnight Pursuit,Action,5
U266,M060,Cursed Static,Horror,3
U208,M021,Quiet Waters,Drama,4
U311,M042,The Coffee Shop Letters,Romance,4
U132,M045,The Wedding Planner's Heart,Romance,2
U341,M008,Crimson Velocity,Action,2
U364,M060,Cursed Static,Horror,5
U336,M032,The Quantum Divide,Sci-Fi,4
U333,M044,Love at First Flight,Romance,4
U369,M033,Colony Seven,Sci-Fi,5
U186,M008,Crimson Velocity,Action,4
U246,M004,Blackout Squad,Action,3
U156,M032,The Quantum Divide,Sci-Fi,5
U347,M023,Letters Unsent,Drama,5
U104,M057,The Cellar Door,Horror,2
U181,M029,Fractured Light,Drama,5
U112,M032,The Quantum Divide,Sci-Fi,4
U381,M060,Cursed Static,Horror,3
U360,M049,Midnight Serenade,Romance,5
U334,M045,The Wedding Planner's Heart,Romance,4
U263,M052,Whispers in the Attic,Horror,4
U377,M049,Midnight Serenade,Romance,5
U191,M056,Shadow Creek,Horror,2
U180,M047,"Two Hearts, One City",Romance,5
U272,M042,The Coffee Shop Letters,Romance,4
U247,M014,Family Reunion Fiasco,Comedy,5
U259,M021,Quiet Waters,Drama,5
U192,M038,Parallel Code,Sci-Fi,3
U232,M007,Last Stand Alpha,Action,5
U138,M014,Family Reunion Fiasco,Comedy,5
U106,M058,Haunted Hollow,Horror,3
U114,M050,Falling for You Again,Romance,4
U312,M049,Midnight Serenade,Romance,5
U273,M060,Cursed Static,Horror,3
U125,M027,Sunday's Child,Drama,4
U273,M044,Love at First Flight,Romance,5
U161,M056,Shadow Creek,Horror,4
U395,M041,Autumn in Paris,Romance,2
U102,M035,The Last Signal,Sci-Fi,3
U219,M022,The Inheritance,Drama,4
U132,M033,Colony Seven,Sci-Fi,5
U124,M056,Shadow Creek,Horror,3
U227,M042,The Coffee Shop Letters,Romance,5
U226,M036,Synthetic Dawn,Sci-Fi,3
U278,M031,Neon Horizon,Sci-Fi,2
U276,M044,Love at First Flight,Romance,5
U125,M004,Blackout Squad,Action,4
U387,M037,Beyond the Rift,Sci-Fi,5
U311,M047,"Two Hearts, One City",Romance,5
U294,M021,Quiet Waters,Drama,3
U127,M045,The Wedding Planner's Heart,Romance,5
U202,M012,Office Chaos,Comedy,4
U162,M046,Rainy Day Promises,Romance,3
U170,M039,The Singularity Gate,Sci-Fi,5
U303,M016,Dog Sitter Diaries,Comedy,3
U194,M051,The Basement,Horror,4
U137,M049,Midnight Serenade,Romance,5
U250,M053,The Hollow House,Horror,5
U200,M001,Steel Vendetta,Action,3
U256,M005,Apex Strike,Action,4
U250,M060,Cursed Static,Horror,5
U163,M020,Suburban Mayhem,Comedy,4
U281,M004,Blackout Squad,Action,4
U109,M048,The Summer We Met,Romance,5
U367,M028,The Weight of Silence,Drama,5
U290,M029,Fractured Light,Drama,4
U197,M041,Autumn in Paris,Romance,5
U181,M008,Crimson Velocity,Action,5
U389,M026,Broken Compass,Drama,5
U353,M013,Roommates Anonymous,Comedy,4
U363,M058,Haunted Hollow,Horror,4
U384,M024,A Winter's Promise,Drama,5
U101,M041,Autumn in Paris,Romance,3
U184,M037,Beyond the Rift,Sci-Fi,4
U231,M040,Mars Protocol,Sci-Fi,3
U305,M019,Blind Date Bingo,Comedy,3
U378,M009,Ghost Payload,Action,4
U212,M034,Echoes of Andromeda,Sci-Fi,4
U166,M060,Cursed Static,Horror,5
U184,M009,Ghost Payload,Action,3
U292,M033,Colony Seven,Sci-Fi,4
U238,M029,Fractured Light,Drama,5
U290,M044,Love at First Flight,Romance,4
U337,M046,Rainy Day Promises,Romance,2
U391,M017,Vacation Gone Wrong,Comedy,4
U302,M003,Iron Protocol,Action,4
U275,M028,The Weight of Silence,Drama,5
U119,M026,Broken Compass,Drama,4
U330,M014,Family Reunion Fiasco,Comedy,3
U331,M005,Apex Strike,Action,3
U321,M024,A Winter's Promise,Drama,4
U377,M035,The Last Signal,Sci-Fi,2
U374,M012,Office Chaos,Comedy,4
U108,M036,Synthetic Dawn,Sci-Fi,2
U136,M052,Whispers in the Attic,Horror,5
U344,M059,The Night Watcher,Horror,2
U158,M007,Last Stand Alpha,Action,2
U273,M021,Quiet Waters,Drama,3
U230,M036,Synthetic Dawn,Sci-Fi,4
U103,M025,The Long Goodbye,Drama,5
U222,M040,Mars Protocol,Sci-Fi,4
U291,M031,Neon Horizon,Sci-Fi,5
U105,M053,The Hollow House,Horror,4
U203,M006,Rogue Circuit,Action,4
U162,M052,Whispers in the Attic,Horror,1
U188,M008,Crimson Velocity,Action,4
U315,M030,Where We Belong,Drama,5
U250,M056,Shadow Creek,Horror,5
U131,M017,Vacation Gone Wrong,Comedy,4
U121,M027,Sunday's Child,Drama,5
U115,M045,The Wedding Planner's Heart,Romance,5
U243,M021,Quiet Waters,Drama,4
U326,M045,The Wedding Planner's Heart,Romance,5
U359,M029,Fractured Light,Drama,3
U362,M060,Cursed Static,Horror,5
U178,M034,Echoes of Andromeda,Sci-Fi,4
U232,M004,Blackout Squad,Action,4
U223,M021,Quiet Waters,Drama,5
U187,M017,Vacation Gone Wrong,Comedy,5
U103,M026,Broken Compass,Drama,5
U137,M033,Colony Seven,Sci-Fi,3
U102,M004,Blackout Squad,Action,3
U212,M055,The Uninvited Guest,Horror,4
U236,M033,Colony Seven,Sci-Fi,4
U398,M014,Family Reunion Fiasco,Comedy,5
U156,M035,The Last Signal,Sci-Fi,5
U243,M030,Where We Belong,Drama,4
U219,M036,Synthetic Dawn,Sci-Fi,4
U221,M054,Nightfall Manor,Horror,3
U203,M053,The Hollow House,Horror,4
U163,M043,Second Chances,Romance,2
U260,M058,Haunted Hollow,Horror,4
U381,M019,Blind Date Bingo,Comedy,2
U179,M047,"Two Hearts, One City",Romance,4
U118,M006,Rogue Circuit,Action,3
U163,M060,Cursed Static,Horror,4
U123,M060,Cursed Static,Horror,5
U250,M057,The Cellar Door,Horror,5
U244,M060,Cursed Static,Horror,4
U137,M030,Where We Belong,Drama,2
U298,M041,Autumn in Paris,Romance,3
U202,M032,The Quantum Divide,Sci-Fi,3
U145,M053,The Hollow House,Horror,3
U157,M009,Ghost Payload,Action,5
U220,M038,Parallel Code,Sci-Fi,4
U392,M053,The Hollow House,Horror,5
U375,M024,A Winter's Promise,Drama,5
U291,M037,Beyond the Rift,Sci-Fi,4
U283,M024,A Winter's Promise,Drama,2
U134,M024,A Winter's Promise,Drama,4
U351,M057,The Cellar Door,Horror,2
U354,M035,The Last Signal,Sci-Fi,3
U282,M021,Quiet Waters,Drama,5
U350,M018,The Prank War,Comedy,5
U120,M045,The Wedding Planner's Heart,Romance,4
U174,M012,Office Chaos,Comedy,3
U271,M056,Shadow Creek,Horror,3
U164,M044,Love at First Flight,Romance,4
U161,M041,Autumn in Paris,Romance,4
U390,M048,The Summer We Met,Romance,4
U202,M048,The Summer We Met,Romance,4
U235,M014,Family Reunion Fiasco,Comedy,5
U112,M047,"Two Hearts, One City",Romance,4
U312,M018,The Prank War,Comedy,5
U189,M057,The Cellar Door,Horror,4
U116,M036,Synthetic Dawn,Sci-Fi,5
U189,M043,Second Chances,Romance,4
U102,M036,Synthetic Dawn,Sci-Fi,4
U254,M025,The Long Goodbye,Drama,5
U175,M022,The Inheritance,Drama,4
U290,M042,The Coffee Shop Letters,Romance,4
U352,M015,The Interview Trap,Comedy,4
U194,M057,The Cellar Door,Horror,4
U341,M038,Parallel Code,Sci-Fi,5
U221,M024,A Winter's Promise,Drama,3
U252,M029,Fractured Light,Drama,4
U139,M036,Synthetic Dawn,Sci-Fi,5
U313,M052,Whispers in the Attic,Horror,4
U205,M044,Love at First Flight,Romance,4
U356,M038,Parallel Code,Sci-Fi,3
U330,M022,The Inheritance,Drama,4
U154,M035,The Last Signal,Sci-Fi,4
U361,M053,The Hollow House,Horror,1
U318,M038,Parallel Code,Sci-Fi,3
U217,M058,Haunted Hollow,Horror,4
U186,M010,Titan Fall Zero,Action,4
U378,M020,Suburban Mayhem,Comedy,4
U276,M041,Autumn in Paris,Romance,4
U138,M020,Suburban Mayhem,Comedy,5
U110,M044,Love at First Flight,Romance,2
U262,M024,A Winter's Promise,Drama,4
U348,M044,Love at First Flight,Romance,4
U121,M010,Titan Fall Zero,Action,4
U267,M015,The Interview Trap,Comedy,4
U342,M001,Steel Vendetta,Action,4
U152,M026,Broken Compass,Drama,5
U363,M053,The Hollow House,Horror,3
U223,M027,Sunday's Child,Drama,4
U333,M042,The Coffee Shop Letters,Romance,5
U214,M001,Steel Vendetta,Action,1
U234,M048,The Summer We Met,Romance,4
U246,M010,Titan Fall Zero,Action,5
U133,M047,"Two Hearts, One City",Romance,4
U234,M042,The Coffee Shop Letters,Romance,4
U220,M001,Steel Vendetta,Action,3
U272,M050,Falling for You Again,Romance,4
U113,M047,"Two Hearts, One City",Romance,4
U309,M001,Steel Vendetta,Action,5
U289,M019,Blind Date Bingo,Comedy,4
U210,M020,Suburban Mayhem,Comedy,5
U279,M021,Quiet Waters,Drama,3
U204,M041,Autumn in Paris,Romance,5
U115,M015,The Interview Trap,Comedy,3
U101,M025,The Long Goodbye,Drama,1
U218,M016,Dog Sitter Diaries,Comedy,5
U269,M040,Mars Protocol,Sci-Fi,3
U256,M059,The Night Watcher,Horror,2
U142,M047,"Two Hearts, One City",Romance,4
U192,M056,Shadow Creek,Horror,4
U177,M019,Blind Date Bingo,Comedy,4
U386,M025,The Long Goodbye,Drama,4
U119,M024,A Winter's Promise,Drama,4
U114,M002,Midnight Pursuit,Action,4
U275,M027,Sunday's Child,Drama,3
U174,M018,The Prank War,Comedy,3
U286,M022,The Inheritance,Drama,3
U335,M045,The Wedding Planner's Heart,Romance,5
U244,M056,Shadow Creek,Horror,4
U127,M042,The Coffee Shop Letters,Romance,3
U211,M047,"Two Hearts, One City",Romance,5
U152,M028,The Weight of Silence,Drama,4
U268,M021,Quiet Waters,Drama,5
U199,M009,Ghost Payload,Action,4
U362,M019,Blind Date Bingo,Comedy,5
U232,M010,Titan Fall Zero,Action,4
U345,M023,Letters Unsent,Drama,4
U195,M016,Dog Sitter Diaries,Comedy,5
U125,M028,The Weight of Silence,Drama,5
U222,M034,Echoes of Andromeda,Sci-Fi,4
U334,M021,Quiet Waters,Drama,4
U250,M054,Nightfall Manor,Horror,4
U254,M037,Beyond the Rift,Sci-Fi,2
U132,M047,"Two Hearts, One City",Romance,3
U275,M029,Fractured Light,Drama,5
U198,M035,The Last Signal,Sci-Fi,5
U238,M047,"Two Hearts, One City",Romance,3
U209,M043,Second Chances,Romance,4
U103,M007,Last Stand Alpha,Action,3
U365,M033,Colony Seven,Sci-Fi,5
U114,M049,Midnight Serenade,Romance,5
U220,M026,Broken Compass,Drama,4
U398,M049,Midnight Serenade,Romance,3
U190,M036,Synthetic Dawn,Sci-Fi,3
U238,M028,The Weight of Silence,Drama,5
U111,M047,"Two Hearts, One City",Romance,2
U305,M055,The Uninvited Guest,Horror,4
U378,M003,Iron Protocol,Action,4
U124,M049,Midnight Serenade,Romance,5
U121,M022,The Inheritance,Drama,5
U259,M057,The Cellar Door,Horror,3
U338,M018,The Prank War,Comedy,5
U267,M018,The Prank War,Comedy,5
U325,M016,Dog Sitter Diaries,Comedy,4
U212,M038,Parallel Code,Sci-Fi,3
U216,M008,Crimson Velocity,Action,3
U111,M056,Shadow Creek,Horror,4
U356,M017,Vacation Gone Wrong,Comedy,5
U139,M017,Vacation Gone Wrong,Comedy,2
U163,M057,The Cellar Door,Horror,4
U393,M011,The Wedding Disaster,Comedy,4
U213,M026,Broken Compass,Drama,5
U326,M048,The Summer We Met,Romance,4
U185,M005,Apex Strike,Action,4
U220,M009,Ghost Payload,Action,3
U324,M048,The Summer We Met,Romance,4
U359,M034,Echoes of Andromeda,Sci-Fi,5
U238,M050,Falling for You Again,Romance,3
U233,M056,Shadow Creek,Horror,3
U120,M037,Beyond the Rift,Sci-Fi,5
U172,M030,Where We Belong,Drama,5
U189,M012,Office Chaos,Comedy,3
U128,M037,Beyond the Rift,Sci-Fi,5
U386,M021,Quiet Waters,Drama,4
U383,M030,Where We Belong,Drama,4
U132,M005,Apex Strike,Action,4
U122,M016,Dog Sitter Diaries,Comedy,4
U201,M020,Suburban Mayhem,Comedy,5
U359,M046,Rainy Day Promises,Romance,2
U127,M049,Midnight Serenade,Romance,5
U309,M047,"Two Hearts, One City",Romance,5
U124,M017,Vacation Gone Wrong,Comedy,1
U229,M031,Neon Horizon,Sci-Fi,4
U285,M029,Fractured Light,Drama,5
U143,M021,Quiet Waters,Drama,4
U142,M042,The Coffee Shop Letters,Romance,5
U305,M006,Rogue Circuit,Action,4
U182,M009,Ghost Payload,Action,3
U290,M057,The Cellar Door,Horror,4
U183,M016,Dog Sitter Diaries,Comedy,3
U250,M052,Whispers in the Attic,Horror,5
U399,M007,Last Stand Alpha,Action,5
U256,M002,Midnight Pursuit,Action,5
U169,M027,Sunday's Child,Drama,5
U134,M059,The Night Watcher,Horror,4
U174,M042,The Coffee Shop Letters,Romance,5
U323,M030,Where We Belong,Drama,4
U235,M020,Suburban Mayhem,Comedy,4
U188,M048,The Summer We Met,Romance,5
U329,M045,The Wedding Planner's Heart,Romance,1
U169,M017,Vacation Gone Wrong,Comedy,2
U147,M020,Suburban Mayhem,Comedy,3
U103,M047,"Two Hearts, One City",Romance,2
U105,M056,Shadow Creek,Horror,5
U268,M015,The Interview Trap,Comedy,3
U346,M048,The Summer We Met,Romance,4
U162,M019,Blind Date Bingo,Comedy,2
U316,M006,Rogue Circuit,Action,5
U148,M028,The Weight of Silence,Drama,3
U208,M031,Neon Horizon,Sci-Fi,3
U399,M010,Titan Fall Zero,Action,4
U277,M047,"Two Hearts, One City",Romance,3
U373,M035,The Last Signal,Sci-Fi,4
U167,M034,Echoes of Andromeda,Sci-Fi,3
U270,M058,Haunted Hollow,Horror,3
U269,M052,Whispers in the Attic,Horror,3
U136,M057,The Cellar Door,Horror,5
U235,M046,Rainy Day Promises,Romance,4
U265,M009,Ghost Payload,Action,3
U276,M047,"Two Hearts, One City",Romance,5
U175,M029,Fractured Light,Drama,5
U110,M027,Sunday's Child,Drama,3
U124,M055,The Uninvited Guest,Horror,3
U364,M058,Haunted Hollow,Horror,4
U124,M044,Love at First Flight,Romance,3
U224,M058,Haunted Hollow,Horror,5
U353,M015,The Interview Trap,Comedy,5
U303,M049,Midnight Serenade,Romance,4
U237,M008,Crimson Velocity,Action,5
U379,M004,Blackout Squad,Action,5
U179,M050,Falling for You Again,Romance,5
U103,M006,Rogue Circuit,Action,4
U224,M053,The Hollow House,Horror,5
U214,M039,The Singularity Gate,Sci-Fi,5
U273,M027,Sunday's Child,Drama,4
U190,M029,Fractured Light,Drama,4
U281,M001,Steel Vendetta,Action,4
U353,M011,The Wedding Disaster,Comedy,3
U350,M015,The Interview Trap,Comedy,5
U310,M020,Suburban Mayhem,Comedy,5
U130,M047,"Two Hearts, One City",Romance,3
U102,M032,The Quantum Divide,Sci-Fi,4
U292,M038,Parallel Code,Sci-Fi,4
U116,M033,Colony Seven,Sci-Fi,3
U221,M042,The Coffee Shop Letters,Romance,4
U380,M019,Blind Date Bingo,Comedy,4
U299,M040,Mars Protocol,Sci-Fi,2
U388,M035,The Last Signal,Sci-Fi,5
U210,M014,Family Reunion Fiasco,Comedy,4
U104,M016,Dog Sitter Diaries,Comedy,2
U191,M011,The Wedding Disaster,Comedy,3
U128,M039,The Singularity Gate,Sci-Fi,3
U193,M028,The Weight of Silence,Drama,5
U248,M042,The Coffee Shop Letters,Romance,5
U348,M049,Midnight Serenade,Romance,5
U303,M048,The Summer We Met,Romance,5
U238,M039,The Singularity Gate,Sci-Fi,2
U279,M022,The Inheritance,Drama,4
U135,M010,Titan Fall Zero,Action,5
U142,M006,Rogue Circuit,Action,4
U112,M045,The Wedding Planner's Heart,Romance,5
U209,M021,Quiet Waters,Drama,2
U175,M024,A Winter's Promise,Drama,4
U193,M029,Fractured Light,Drama,4
U115,M032,The Quantum Divide,Sci-Fi,3
U395,M037,Beyond the Rift,Sci-Fi,4
U319,M045,The Wedding Planner's Heart,Romance,3
U363,M055,The Uninvited Guest,Horror,4
U227,M023,Letters Unsent,Drama,4
U253,M005,Apex Strike,Action,4
U357,M007,Last Stand Alpha,Action,4
U165,M022,The Inheritance,Drama,3
U134,M060,Cursed Static,Horror,5
U122,M030,Where We Belong,Drama,5
U113,M043,Second Chances,Romance,4
U225,M052,Whispers in the Attic,Horror,5
U243,M042,The Coffee Shop Letters,Romance,5
U370,M015,The Interview Trap,Comedy,5
U325,M018,The Prank War,Comedy,4
U372,M052,Whispers in the Attic,Horror,3
U379,M005,Apex Strike,Action,5
U265,M044,Love at First Flight,Romance,4
U344,M049,Midnight Serenade,Romance,3
U249,M006,Rogue Circuit,Action,4
U281,M002,Midnight Pursuit,Action,5
U303,M019,Blind Date Bingo,Comedy,3
U384,M050,Falling for You Again,Romance,4
U254,M057,The Cellar Door,Horror,3
U308,M011,The Wedding Disaster,Comedy,4
U358,M036,Synthetic Dawn,Sci-Fi,3
U264,M046,Rainy Day Promises,Romance,4
U115,M041,Autumn in Paris,Romance,4
U136,M017,Vacation Gone Wrong,Comedy,3
U216,M005,Apex Strike,Action,4
U287,M023,Letters Unsent,Drama,5
U300,M005,Apex Strike,Action,2
U179,M010,Titan Fall Zero,Action,3
U102,M031,Neon Horizon,Sci-Fi,5
U191,M042,The Coffee Shop Letters,Romance,4
U340,M037,Beyond the Rift,Sci-Fi,3
U256,M040,Mars Protocol,Sci-Fi,4
U153,M025,The Long Goodbye,Drama,5
U372,M002,Midnight Pursuit,Action,5
U368,M031,Neon Horizon,Sci-Fi,5
U392,M058,Haunted Hollow,Horror,4
U219,M006,Rogue Circuit,Action,4
U320,M007,Last Stand Alpha,Action,5
U356,M041,Autumn in Paris,Romance,5
U159,M026,Broken Compass,Drama,3
U153,M034,Echoes of Andromeda,Sci-Fi,4
U221,M015,The Interview Trap,Comedy,2
U296,M028,The Weight of Silence,Drama,5
U180,M042,The Coffee Shop Letters,Romance,4
U132,M019,Blind Date Bingo,Comedy,3
U254,M021,Quiet Waters,Drama,4
U267,M016,Dog Sitter Diaries,Comedy,4
U388,M037,Beyond the Rift,Sci-Fi,5
U313,M040,Mars Protocol,Sci-Fi,3
U167,M039,The Singularity Gate,Sci-Fi,2
U350,M010,Titan Fall Zero,Action,5
U323,M011,The Wedding Disaster,Comedy,4
U399,M008,Crimson Velocity,Action,5
U250,M058,Haunted Hollow,Horror,4
U209,M060,Cursed Static,Horror,5
U211,M045,The Wedding Planner's Heart,Romance,4
U189,M047,"Two Hearts, One City",Romance,4
U217,M059,The Night Watcher,Horror,4
U368,M036,Synthetic Dawn,Sci-Fi,5
U106,M001,Steel Vendetta,Action,5
U120,M047,"Two Hearts, One City",Romance,4
U123,M053,The Hollow House,Horror,4
U194,M044,Love at First Flight,Romance,1
U377,M044,Love at First Flight,Romance,4
U386,M059,The Night Watcher,Horror,1
U219,M002,Midnight Pursuit,Action,5
U308,M006,Rogue Circuit,Action,2
U210,M011,The Wedding Disaster,Comedy,4
U312,M013,Roommates Anonymous,Comedy,4
U155,M009,Ghost Payload,Action,4
U207,M038,Parallel Code,Sci-Fi,4
U159,M050,Falling for You Again,Romance,4
U228,M012,Office Chaos,Comedy,3
U198,M040,Mars Protocol,Sci-Fi,5
U373,M019,Blind Date Bingo,Comedy,5
U231,M036,Synthetic Dawn,Sci-Fi,4
U144,M018,The Prank War,Comedy,4
U306,M042,The Coffee Shop Letters,Romance,3
U262,M029,Fractured Light,Drama,4
U132,M034,Echoes of Andromeda,Sci-Fi,4
U358,M013,Roommates Anonymous,Comedy,3
U251,M013,Roommates Anonymous,Comedy,4
U340,M057,The Cellar Door,Horror,2
U315,M026,Broken Compass,Drama,5
U199,M001,Steel Vendetta,Action,4
U271,M003,Iron Protocol,Action,4
U112,M037,Beyond the Rift,Sci-Fi,4
U163,M045,The Wedding Planner's Heart,Romance,2
U304,M056,Shadow Creek,Horror,4
U212,M036,Synthetic Dawn,Sci-Fi,5
U107,M049,Midnight Serenade,Romance,4
U272,M011,The Wedding Disaster,Comedy,3
U119,M025,The Long Goodbye,Drama,3
U197,M034,Echoes of Andromeda,Sci-Fi,4
U349,M003,Iron Protocol,Action,5
U329,M024,A Winter's Promise,Drama,4
U239,M025,The Long Goodbye,Drama,5
U216,M003,Iron Protocol,Action,3
U363,M059,The Night Watcher,Horror,4
U287,M019,Blind Date Bingo,Comedy,3
U159,M046,Rainy Day Promises,Romance,4
U215,M041,Autumn in Paris,Romance,4
U126,M023,Letters Unsent,Drama,5
U383,M024,A Winter's Promise,Drama,4
U235,M005,Apex Strike,Action,4
U376,M028,The Weight of Silence,Drama,4
U176,M018,The Prank War,Comedy,4
U347,M033,Colony Seven,Sci-Fi,2
U190,M041,Autumn in Paris,Romance,3
U242,M020,Suburban Mayhem,Comedy,5
U310,M012,Office Chaos,Comedy,4
U389,M021,Quiet Waters,Drama,4
U316,M003,Iron Protocol,Action,5
U191,M007,Last Stand Alpha,Action,4
U305,M029,Fractured Light,Drama,2
U242,M019,Blind Date Bingo,Comedy,4
U322,M011,The Wedding Disaster,Comedy,2
U247,M017,Vacation Gone Wrong,Comedy,4
U144,M004,Blackout Squad,Action,5
U188,M012,Office Chaos,Comedy,3
U159,M021,Quiet Waters,Drama,4
U156,M012,Office Chaos,Comedy,3
U358,M014,Family Reunion Fiasco,Comedy,5
U151,M015,The Interview Trap,Comedy,4
U223,M022,The Inheritance,Drama,3
U372,M023,Letters Unsent,Drama,3
U379,M010,Titan Fall Zero,Action,4
U248,M048,The Summer We Met,Romance,4
U245,M058,Haunted Hollow,Horror,4
U362,M052,Whispers in the Attic,Horror,3
U348,M045,The Wedding Planner's Heart,Romance,4
U389,M056,Shadow Creek,Horror,3
U234,M044,Love at First Flight,Romance,5
U163,M058,Haunted Hollow,Horror,4
U367,M026,Broken Compass,Drama,5
U321,M022,The Inheritance,Drama,4
U341,M032,The Quantum Divide,Sci-Fi,5
U209,M059,The Night Watcher,Horror,3
U195,M021,Quiet Waters,Drama,4
U295,M009,Ghost Payload,Action,4
U210,M018,The Prank War,Comedy,4
U126,M055,The Uninvited Guest,Horror,2
U207,M037,Beyond the Rift,Sci-Fi,4
U362,M026,Broken Compass,Drama,2
U370,M034,Echoes of Andromeda,Sci-Fi,4
U156,M036,Synthetic Dawn,Sci-Fi,5
U343,M035,The Last Signal,Sci-Fi,5
U163,M038,Parallel Code,Sci-Fi,2
U290,M025,The Long Goodbye,Drama,3
U212,M032,The Quantum Divide,Sci-Fi,5
U201,M018,The Prank War,Comedy,4
U223,M007,Last Stand Alpha,Action,3
U114,M042,The Coffee Shop Letters,Romance,4
U387,M039,The Singularity Gate,Sci-Fi,4
U307,M059,The Night Watcher,Horror,5
U358,M058,Haunted Hollow,Horror,3
U290,M048,The Summer We Met,Romance,4
U183,M043,Second Chances,Romance,4
U352,M012,Office Chaos,Comedy,5
U239,M016,Dog Sitter Diaries,Comedy,4
U260,M033,Colony Seven,Sci-Fi,2
U164,M029,Fractured Light,Drama,5
U114,M001,Steel Vendetta,Action,4
U218,M008,Crimson Velocity,Action,4
U342,M009,Ghost Payload,Action,3
U126,M021,Quiet Waters,Drama,5
U384,M025,The Long Goodbye,Drama,5
U133,M048,The Summer We Met,Romance,4
U226,M002,Midnight Pursuit,Action,5
U240,M051,The Basement,Horror,4
U165,M017,Vacation Gone Wrong,Comedy,5
U361,M013,Roommates Anonymous,Comedy,5
U137,M050,Falling for You Again,Romance,4
U286,M021,Quiet Waters,Drama,3
U372,M022,The Inheritance,Drama,4
U224,M057,The Cellar Door,Horror,4
U216,M007,Last Stand Alpha,Action,4
U210,M015,The Interview Trap,Comedy,4
U399,M041,Autumn in Paris,Romance,1
U226,M010,Titan Fall Zero,Action,4
U125,M031,Neon Horizon,Sci-Fi,4
U137,M037,Beyond the Rift,Sci-Fi,4
U144,M015,The Interview Trap,Comedy,4
U171,M016,Dog Sitter Diaries,Comedy,4
U338,M058,Haunted Hollow,Horror,2
U345,M005,Apex Strike,Action,3
U350,M017,Vacation Gone Wrong,Comedy,5
U183,M003,Iron Protocol,Action,4
U104,M012,Office Chaos,Comedy,3
U305,M016,Dog Sitter Diaries,Comedy,5
U254,M013,Roommates Anonymous,Comedy,3
U120,M042,The Coffee Shop Letters,Romance,3
U313,M023,Letters Unsent,Drama,5
U219,M058,Haunted Hollow,Horror,2
U386,M003,Iron Protocol,Action,5
U167,M027,Sunday's Child,Drama,5
U272,M048,The Summer We Met,Romance,4
U352,M011,The Wedding Disaster,Comedy,4
U376,M026,Broken Compass,Drama,5
U325,M015,The Interview Trap,Comedy,4
U118,M007,Last Stand Alpha,Action,4
U261,M054,Nightfall Manor,Horror,5
U297,M007,Last Stand Alpha,Action,5
U302,M007,Last Stand Alpha,Action,4
U106,M035,The Last Signal,Sci-Fi,1
U188,M001,Steel Vendetta,Action,3
U309,M052,Whispers in the Attic,Horror,2
U173,M005,Apex Strike,Action,5
U339,M040,Mars Protocol,Sci-Fi,5
U199,M031,Neon Horizon,Sci-Fi,3
U134,M056,Shadow Creek,Horror,3
U354,M054,Nightfall Manor,Horror,4
U366,M049,Midnight Serenade,Romance,2
U179,M048,The Summer We Met,Romance,4
U218,M047,"Two Hearts, One City",Romance,3
U284,M028,The Weight of Silence,Drama,5
U355,M005,Apex Strike,Action,5
U221,M028,The Weight of Silence,Drama,4
U298,M016,Dog Sitter Diaries,Comedy,1
U230,M050,Falling for You Again,Romance,3
U199,M035,The Last Signal,Sci-Fi,5
U122,M020,Suburban Mayhem,Comedy,4
U121,M044,Love at First Flight,Romance,1
U260,M057,The Cellar Door,Horror,5
U149,M041,Autumn in Paris,Romance,5
U253,M012,Office Chaos,Comedy,5
U354,M034,Echoes of Andromeda,Sci-Fi,4
U272,M056,Shadow Creek,Horror,4
U390,M046,Rainy Day Promises,Romance,5
U215,M037,Beyond the Rift,Sci-Fi,5
U133,M036,Synthetic Dawn,Sci-Fi,5
U322,M046,Rainy Day Promises,Romance,3
U307,M018,The Prank War,Comedy,1
U139,M053,The Hollow House,Horror,3
U183,M041,Autumn in Paris,Romance,4
U373,M056,Shadow Creek,Horror,4
U385,M032,The Quantum Divide,Sci-Fi,3
U139,M035,The Last Signal,Sci-Fi,4
U313,M049,Midnight Serenade,Romance,1
U270,M009,Ghost Payload,Action,5
U143,M027,Sunday's Child,Drama,4
U144,M007,Last Stand Alpha,Action,4
U186,M005,Apex Strike,Action,4
U147,M057,The Cellar Door,Horror,4
U135,M004,Blackout Squad,Action,5
U281,M024,A Winter's Promise,Drama,4
U118,M002,Midnight Pursuit,Action,4
U305,M018,The Prank War,Comedy,4
U366,M031,Neon Horizon,Sci-Fi,2
U346,M049,Midnight Serenade,Romance,3
U279,M030,Where We Belong,Drama,4
U385,M034,Echoes of Andromeda,Sci-Fi,2
U198,M012,Office Chaos,Comedy,3
U350,M014,Family Reunion Fiasco,Comedy,5
U181,M048,The Summer We Met,Romance,2
U265,M041,Autumn in Paris,Romance,5
U332,M033,Colony Seven,Sci-Fi,3
U370,M014,Family Reunion Fiasco,Comedy,4
U196,M055,The Uninvited Guest,Horror,2
U351,M028,The Weight of Silence,Drama,4
U204,M027,Sunday's Child,Drama,4
U167,M025,The Long Goodbye,Drama,5
U296,M058,Haunted Hollow,Horror,4
U209,M056,Shadow Creek,Horror,4
U341,M035,The Last Signal,Sci-Fi,4
U208,M029,Fractured Light,Drama,5
U145,M059,The Night Watcher,Horror,4
U302,M009,Ghost Payload,Action,4
U161,M053,The Hollow House,Horror,5
U100,M001,Steel Vendetta,Action,5
U382,M019,Blind Date Bingo,Comedy,3
U387,M036,Synthetic Dawn,Sci-Fi,3
U387,M035,The Last Signal,Sci-Fi,5
U370,M016,Dog Sitter Diaries,Comedy,4
U280,M053,The Hollow House,Horror,5
U344,M037,Beyond the Rift,Sci-Fi,5
U120,M033,Colony Seven,Sci-Fi,4
U305,M059,The Night Watcher,Horror,4
U189,M045,The Wedding Planner's Heart,Romance,4
U352,M016,Dog Sitter Diaries,Comedy,5
U386,M008,Crimson Velocity,Action,4
U183,M031,Neon Horizon,Sci-Fi,2
U152,M011,The Wedding Disaster,Comedy,4
U237,M007,Last Stand Alpha,Action,5
U231,M031,Neon Horizon,Sci-Fi,5
U388,M038,Parallel Code,Sci-Fi,3
U114,M003,Iron Protocol,Action,3
U122,M014,Family Reunion Fiasco,Comedy,4
U261,M027,Sunday's Child,Drama,3
U377,M043,Second Chances,Romance,4
U363,M054,Nightfall Manor,Horror,4
U330,M028,The Weight of Silence,Drama,5
U288,M013,Roommates Anonymous,Comedy,5
U329,M014,Family Reunion Fiasco,Comedy,4
U154,M031,Neon Horizon,Sci-Fi,3
U265,M049,Midnight Serenade,Romance,3
U132,M049,Midnight Serenade,Romance,1
U193,M006,Rogue Circuit,Action,2
U118,M001,Steel Vendetta,Action,3
U237,M042,The Coffee Shop Letters,Romance,5
U327,M040,Mars Protocol,Sci-Fi,3
U253,M015,The Interview Trap,Comedy,5
U345,M020,Suburban Mayhem,Comedy,4
U210,M028,The Weight of Silence,Drama,5
U273,M023,Letters Unsent,Drama,4
U157,M002,Midnight Pursuit,Action,5
U204,M030,Where We Belong,Drama,4
U283,M045,The Wedding Planner's Heart,Romance,4
U179,M042,The Coffee Shop Letters,Romance,5
U136,M016,Dog Sitter Diaries,Comedy,3
U199,M008,Crimson Velocity,Action,4
U129,M029,Fractured Light,Drama,5
U221,M050,Falling for You Again,Romance,5
U231,M033,Colony Seven,Sci-Fi,4
U287,M022,The Inheritance,Drama,4
U134,M051,The Basement,Horror,4
U302,M004,Blackout Squad,Action,4
U129,M022,The Inheritance,Drama,3
U343,M033,Colony Seven,Sci-Fi,5
U276,M049,Midnight Serenade,Romance,4
U181,M023,Letters Unsent,Drama,5
U155,M004,Blackout Squad,Action,4
U357,M046,Rainy Day Promises,Romance,3
U151,M017,Vacation Gone Wrong,Comedy,5
U255,M038,Parallel Code,Sci-Fi,4
U296,M025,The Long Goodbye,Drama,4
U395,M039,The Singularity Gate,Sci-Fi,4
U288,M011,The Wedding Disaster,Comedy,4
U380,M020,Suburban Mayhem,Comedy,5
U205,M048,The Summer We Met,Romance,4
U366,M028,The Weight of Silence,Drama,5
U120,M032,The Quantum Divide,Sci-Fi,4
U169,M028,The Weight of Silence,Drama,4
U157,M034,Echoes of Andromeda,Sci-Fi,3
U139,M051,The Basement,Horror,4
U227,M027,Sunday's Child,Drama,3
U273,M048,The Summer We Met,Romance,4
U337,M027,Sunday's Child,Drama,4
U355,M008,Crimson Velocity,Action,5
U273,M047,"Two Hearts, One City",Romance,5
U176,M016,Dog Sitter Diaries,Comedy,5
U108,M033,Colony Seven,Sci-Fi,3
U231,M021,Quiet Waters,Drama,4
U176,M037,Beyond the Rift,Sci-Fi,3
U278,M016,Dog Sitter Diaries,Comedy,2
U321,M046,Rainy Day Promises,Romance,4
U379,M009,Ghost Payload,Action,5
U143,M015,The Interview Trap,Comedy,5
U367,M045,The Wedding Planner's Heart,Romance,3
U364,M052,Whispers in the Attic,Horror,5
U293,M028,The Weight of Silence,Drama,4
U120,M056,Shadow Creek,Horror,2
U163,M044,Love at First Flight,Romance,2
U334,M003,Iron Protocol,Action,2
U371,M008,Crimson Velocity,Action,3
U148,M046,Rainy Day Promises,Romance,5
U194,M042,The Coffee Shop Letters,Romance,2
U266,M016,Dog Sitter Diaries,Comedy,5
U177,M017,Vacation Gone Wrong,Comedy,5
U138,M013,Roommates Anonymous,Comedy,5
U298,M021,Quiet Waters,Drama,5
U361,M016,Dog Sitter Diaries,Comedy,5
U264,M048,The Summer We Met,Romance,3
U120,M051,The Basement,Horror,2
U130,M028,The Weight of Silence,Drama,4
U291,M038,Parallel Code,Sci-Fi,4
U201,M011,The Wedding Disaster,Comedy,5
U342,M025,The Long Goodbye,Drama,4
U305,M011,The Wedding Disaster,Comedy,5
U312,M041,Autumn in Paris,Romance,5
U377,M042,The Coffee Shop Letters,Romance,4
U117,M002,Midnight Pursuit,Action,4
U368,M044,Love at First Flight,Romance,3
U316,M001,Steel Vendetta,Action,4
U373,M044,Love at First Flight,Romance,2
U300,M025,The Long Goodbye,Drama,5
U259,M041,Autumn in Paris,Romance,4
U147,M051,The Basement,Horror,5
U245,M055,The Uninvited Guest,Horror,4
U199,M032,The Quantum Divide,Sci-Fi,3
U123,M055,The Uninvited Guest,Horror,4
U182,M004,Blackout Squad,Action,4
U139,M054,Nightfall Manor,Horror,3
U100,M012,Office Chaos,Comedy,1
U373,M057,The Cellar Door,Horror,4
U326,M044,Love at First Flight,Romance,5
U242,M012,Office Chaos,Comedy,5
U266,M013,Roommates Anonymous,Comedy,4
U249,M057,The Cellar Door,Horror,3
U330,M029,Fractured Light,Drama,5
U282,M058,Haunted Hollow,Horror,3
U274,M017,Vacation Gone Wrong,Comedy,3
U387,M058,Haunted Hollow,Horror,4
U306,M044,Love at First Flight,Romance,5
U162,M001,Steel Vendetta,Action,3
U369,M038,Parallel Code,Sci-Fi,5
U180,M025,The Long Goodbye,Drama,2
U259,M028,The Weight of Silence,Drama,2
U203,M004,Blackout Squad,Action,4
U390,M059,The Night Watcher,Horror,4
U107,M041,Autumn in Paris,Romance,4
U103,M005,Apex Strike,Action,4
U181,M003,Iron Protocol,Action,3
U305,M012,Office Chaos,Comedy,4
U206,M041,Autumn in Paris,Romance,5
U204,M050,Falling for You Again,Romance,4
U102,M002,Midnight Pursuit,Action,3
U269,M035,The Last Signal,Sci-Fi,2
U386,M001,Steel Vendetta,Action,4
U153,M038,Parallel Code,Sci-Fi,4
U278,M057,The Cellar Door,Horror,4
U161,M049,Midnight Serenade,Romance,4
U301,M008,Crimson Velocity,Action,3
U369,M023,Letters Unsent,Drama,2
U322,M032,The Quantum Divide,Sci-Fi,4
U198,M047,"Two Hearts, One City",Romance,4
U226,M011,The Wedding Disaster,Comedy,3
U359,M031,Neon Horizon,Sci-Fi,4
U275,M025,The Long Goodbye,Drama,4
U332,M046,Rainy Day Promises,Romance,2
U258,M035,The Last Signal,Sci-Fi,4
U104,M026,Broken Compass,Drama,5
U286,M049,Midnight Serenade,Romance,3
U283,M046,Rainy Day Promises,Romance,5
U384,M023,Letters Unsent,Drama,3
U195,M012,Office Chaos,Comedy,3
U279,M037,Beyond the Rift,Sci-Fi,5
U102,M034,Echoes of Andromeda,Sci-Fi,4
U290,M045,The Wedding Planner's Heart,Romance,4
U313,M022,The Inheritance,Drama,5
U313,M024,A Winter's Promise,Drama,5
U263,M021,Quiet Waters,Drama,4
U148,M044,Love at First Flight,Romance,4
U288,M026,Broken Compass,Drama,4
U145,M026,Broken Compass,Drama,2
U374,M051,The Basement,Horror,3
U126,M039,The Singularity Gate,Sci-Fi,3
U231,M048,The Summer We Met,Romance,4
U233,M007,Last Stand Alpha,Action,1
U153,M036,Synthetic Dawn,Sci-Fi,4
U303,M051,The Basement,Horror,3
U325,M019,Blind Date Bingo,Comedy,5
U168,M009,Ghost Payload,Action,3
U342,M032,The Quantum Divide,Sci-Fi,3
U319,M053,The Hollow House,Horror,4
U272,M041,Autumn in Paris,Romance,4
U293,M030,Where We Belong,Drama,5
U103,M030,Where We Belong,Drama,5
U209,M048,The Summer We Met,Romance,4
U252,M039,The Singularity Gate,Sci-Fi,2
U322,M027,Sunday's Child,Drama,2
U215,M029,Fractured Light,Drama,3
U327,M053,The Hollow House,Horror,4
U244,M057,The Cellar Door,Horror,5
U145,M056,Shadow Creek,Horror,4
U249,M037,Beyond the Rift,Sci-Fi,2
U181,M034,Echoes of Andromeda,Sci-Fi,2
U223,M030,Where We Belong,Drama,4
U287,M015,The Interview Trap,Comedy,2
U142,M016,Dog Sitter Diaries,Comedy,2
U114,M016,Dog Sitter Diaries,Comedy,1
U172,M028,The Weight of Silence,Drama,4
U133,M035,The Last Signal,Sci-Fi,4
U153,M039,The Singularity Gate,Sci-Fi,3
U309,M045,The Wedding Planner's Heart,Romance,4
U241,M015,The Interview Trap,Comedy,5
U213,M040,Mars Protocol,Sci-Fi,4
U249,M001,Steel Vendetta,Action,4
U145,M052,Whispers in the Attic,Horror,5
U185,M048,The Summer We Met,Romance,4
U269,M008,Crimson Velocity,Action,4
U122,M029,Fractured Light,Drama,4
U262,M025,The Long Goodbye,Drama,4
U296,M029,Fractured Light,Drama,4
U209,M045,The Wedding Planner's Heart,Romance,3
U324,M050,Falling for You Again,Romance,5
U215,M036,Synthetic Dawn,Sci-Fi,3
U199,M004,Blackout Squad,Action,4
U114,M039,The Singularity Gate,Sci-Fi,2
U181,M052,Whispers in the Attic,Horror,3
U394,M051,The Basement,Horror,2
U269,M002,Midnight Pursuit,Action,5
U170,M048,The Summer We Met,Romance,5
U274,M024,A Winter's Promise,Drama,3
U329,M020,Suburban Mayhem,Comedy,5
U219,M007,Last Stand Alpha,Action,5
U129,M021,Quiet Waters,Drama,4
U334,M050,Falling for You Again,Romance,4
U340,M028,The Weight of Silence,Drama,4
U172,M056,Shadow Creek,Horror,3
U157,M005,Apex Strike,Action,4
U147,M053,The Hollow House,Horror,4
U278,M054,Nightfall Manor,Horror,4
U186,M055,The Uninvited Guest,Horror,4
U291,M027,Sunday's Child,Drama,2
U203,M054,Nightfall Manor,Horror,3
U186,M021,Quiet Waters,Drama,5
U238,M021,Quiet Waters,Drama,5
U274,M023,Letters Unsent,Drama,2
U111,M051,The Basement,Horror,4
U348,M046,Rainy Day Promises,Romance,4
U203,M009,Ghost Payload,Action,4
U138,M038,Parallel Code,Sci-Fi,1
U153,M010,Titan Fall Zero,Action,2
U267,M012,Office Chaos,Comedy,4
U180,M054,Nightfall Manor,Horror,5
U115,M049,Midnight Serenade,Romance,4
U311,M003,Iron Protocol,Action,4
U152,M023,Letters Unsent,Drama,4
U137,M042,The Coffee Shop Letters,Romance,4
U288,M012,Office Chaos,Comedy,3
U349,M034,Echoes of Andromeda,Sci-Fi,2
U159,M044,Love at First Flight,Romance,5
U261,M053,The Hollow House,Horror,3
U220,M037,Beyond the Rift,Sci-Fi,3
U319,M047,"Two Hearts, One City",Romance,3
U104,M029,Fractured Light,Drama,5
U234,M026,Broken Compass,Drama,4
U361,M011,The Wedding Disaster,Comedy,5
U297,M024,A Winter's Promise,Drama,3
U115,M043,Second Chances,Romance,5
U142,M028,The Weight of Silence,Drama,4
U394,M040,Mars Protocol,Sci-Fi,5
U168,M003,Iron Protocol,Action,4
U279,M039,The Singularity Gate,Sci-Fi,5
U271,M060,Cursed Static,Horror,4
U186,M002,Midnight Pursuit,Action,3
U343,M040,Mars Protocol,Sci-Fi,3
U348,M048,The Summer We Met,Romance,4
U118,M053,The Hollow House,Horror,4
U163,M051,The Basement,Horror,4
U165,M019,Blind Date Bingo,Comedy,4
U144,M005,Apex Strike,Action,5
U146,M021,Quiet Waters,Drama,5
U323,M020,Suburban Mayhem,Comedy,5
U303,M006,Rogue Circuit,Action,3
U178,M019,Blind Date Bingo,Comedy,2
U177,M006,Rogue Circuit,Action,4
U356,M018,The Prank War,Comedy,4
U306,M056,Shadow Creek,Horror,1
U166,M007,Last Stand Alpha,Action,4
U170,M043,Second Chances,Romance,4
U150,M041,Autumn in Paris,Romance,4
U239,M023,Letters Unsent,Drama,5
U177,M030,Where We Belong,Drama,2
U304,M014,Family Reunion Fiasco,Comedy,3
U113,M021,Quiet Waters,Drama,4
U248,M043,Second Chances,Romance,4
U118,M005,Apex Strike,Action,3
U375,M027,Sunday's Child,Drama,4
U366,M034,Echoes of Andromeda,Sci-Fi,2
U300,M026,Broken Compass,Drama,4
U395,M059,The Night Watcher,Horror,3
U195,M018,The Prank War,Comedy,4
U172,M026,Broken Compass,Drama,5
U345,M006,Rogue Circuit,Action,5
U143,M024,A Winter's Promise,Drama,5
U371,M035,The Last Signal,Sci-Fi,4
U183,M042,The Coffee Shop Letters,Romance,4
U344,M038,Parallel Code,Sci-Fi,4
U244,M040,Mars Protocol,Sci-Fi,4
U145,M014,Family Reunion Fiasco,Comedy,5
U266,M057,The Cellar Door,Horror,4
U353,M039,The Singularity Gate,Sci-Fi,3
U361,M012,Office Chaos,Comedy,5
U247,M012,Office Chaos,Comedy,4
U292,M034,Echoes of Andromeda,Sci-Fi,5
U252,M022,The Inheritance,Drama,4
U241,M021,Quiet Waters,Drama,3
U148,M045,The Wedding Planner's Heart,Romance,4
U261,M055,The Uninvited Guest,Horror,4
U372,M005,Apex Strike,Action,5
U245,M052,Whispers in the Attic,Horror,3
U357,M052,Whispers in the Attic,Horror,3
U158,M037,Beyond the Rift,Sci-Fi,4
U150,M049,Midnight Serenade,Romance,5
U267,M058,Haunted Hollow,Horror,5
U289,M009,Ghost Payload,Action,2
U383,M003,Iron Protocol,Action,1
U205,M057,The Cellar Door,Horror,2
U103,M022,The Inheritance,Drama,4
U265,M028,The Weight of Silence,Drama,4
U172,M022,The Inheritance,Drama,4
U381,M025,The Long Goodbye,Drama,5
U159,M041,Autumn in Paris,Romance,5
U331,M058,Haunted Hollow,Horror,5
U273,M050,Falling for You Again,Romance,5
U224,M051,The Basement,Horror,5
U293,M056,Shadow Creek,Horror,4
U251,M014,Family Reunion Fiasco,Comedy,5
U210,M007,Last Stand Alpha,Action,4
U372,M010,Titan Fall Zero,Action,5
U373,M055,The Uninvited Guest,Horror,5
U308,M019,Blind Date Bingo,Comedy,5
U279,M032,The Quantum Divide,Sci-Fi,5
U346,M052,Whispers in the Attic,Horror,3
U191,M050,Falling for You Again,Romance,4
U380,M017,Vacation Gone Wrong,Comedy,5
U344,M045,The Wedding Planner's Heart,Romance,4
U373,M053,The Hollow House,Horror,4
U236,M024,A Winter's Promise,Drama,4
U283,M043,Second Chances,Romance,5
U392,M054,Nightfall Manor,Horror,4
U396,M051,The Basement,Horror,5
U283,M044,Love at First Flight,Romance,3
U382,M043,Second Chances,Romance,4
U328,M038,Parallel Code,Sci-Fi,5
U350,M039,The Singularity Gate,Sci-Fi,3
U331,M053,The Hollow House,Horror,4
U210,M022,The Inheritance,Drama,3
U389,M042,The Coffee Shop Letters,Romance,4
U191,M057,The Cellar Door,Horror,3
U332,M004,Blackout Squad,Action,5
U321,M048,The Summer We Met,Romance,2
U330,M009,Ghost Payload,Action,4
U167,M032,The Quantum Divide,Sci-Fi,3
U172,M027,Sunday's Child,Drama,5
U177,M015,The Interview Trap,Comedy,4
U324,M043,Second Chances,Romance,4
U195,M017,Vacation Gone Wrong,Comedy,4
U239,M028,The Weight of Silence,Drama,4
U117,M004,Blackout Squad,Action,4
U219,M004,Blackout Squad,Action,4
U103,M051,The Basement,Horror,4
U356,M019,Blind Date Bingo,Comedy,3
U249,M050,Falling for You Again,Romance,2
U391,M044,Love at First Flight,Romance,5
U185,M049,Midnight Serenade,Romance,4
U160,M026,Broken Compass,Drama,2
U252,M055,The Uninvited Guest,Horror,4
U203,M012,Office Chaos,Comedy,3
U183,M048,The Summer We Met,Romance,5
U185,M060,Cursed Static,Horror,4
U296,M030,Where We Belong,Drama,4
U338,M012,Office Chaos,Comedy,4
U260,M056,Shadow Creek,Horror,4
U146,M024,A Winter's Promise,Drama,5
U216,M004,Blackout Squad,Action,3
U185,M050,Falling for You Again,Romance,4
U173,M008,Crimson Velocity,Action,5
U183,M052,Whispers in the Attic,Horror,4
U115,M013,Roommates Anonymous,Comedy,4
U318,M023,Letters Unsent,Drama,4
U270,M006,Rogue Circuit,Action,4
U300,M003,Iron Protocol,Action,3
U305,M053,The Hollow House,Horror,4
U271,M031,Neon Horizon,Sci-Fi,4
U254,M022,The Inheritance,Drama,4
U118,M052,Whispers in the Attic,Horror,4
U214,M038,Parallel Code,Sci-Fi,5
U142,M043,Second Chances,Romance,4
U230,M040,Mars Protocol,Sci-Fi,4
U306,M046,Rainy Day Promises,Romance,5
U154,M056,Shadow Creek,Horror,2
U215,M039,The Singularity Gate,Sci-Fi,5
U371,M013,Roommates Anonymous,Comedy,4
U369,M006,Rogue Circuit,Action,4
U277,M008,Crimson Velocity,Action,5
U180,M057,The Cellar Door,Horror,4
U116,M040,Mars Protocol,Sci-Fi,4
U228,M035,The Last Signal,Sci-Fi,5
U144,M046,Rainy Day Promises,Romance,3
U124,M053,The Hollow House,Horror,5
U147,M056,Shadow Creek,Horror,4
U119,M001,Steel Vendetta,Action,3
U189,M050,Falling for You Again,Romance,4
U318,M022,The Inheritance,Drama,4
U339,M034,Echoes of Andromeda,Sci-Fi,4
U288,M022,The Inheritance,Drama,3
U109,M002,Midnight Pursuit,Action,4
U369,M039,The Singularity Gate,Sci-Fi,5
U184,M035,The Last Signal,Sci-Fi,4
U304,M027,Sunday's Child,Drama,4
U242,M011,The Wedding Disaster,Comedy,4
U231,M037,Beyond the Rift,Sci-Fi,4
U197,M045,The Wedding Planner's Heart,Romance,4
U137,M043,Second Chances,Romance,4
U275,M005,Apex Strike,Action,3
U211,M050,Falling for You Again,Romance,5
U267,M017,Vacation Gone Wrong,Comedy,4
U188,M045,The Wedding Planner's Heart,Romance,4
U305,M014,Family Reunion Fiasco,Comedy,5
U127,M060,Cursed Static,Horror,1
U110,M047,"Two Hearts, One City",Romance,4
U188,M004,Blackout Squad,Action,3
U282,M023,Letters Unsent,Drama,4
U181,M030,Where We Belong,Drama,5
U346,M043,Second Chances,Romance,3
U101,M047,"Two Hearts, One City",Romance,4
U229,M036,Synthetic Dawn,Sci-Fi,4
U213,M037,Beyond the Rift,Sci-Fi,4
U218,M009,Ghost Payload,Action,2
U154,M037,Beyond the Rift,Sci-Fi,5
U133,M033,Colony Seven,Sci-Fi,4
U329,M012,Office Chaos,Comedy,4
U136,M056,Shadow Creek,Horror,5
U182,M055,The Uninvited Guest,Horror,4
U106,M015,The Interview Trap,Comedy,1
U122,M019,Blind Date Bingo,Comedy,5
U194,M059,The Night Watcher,Horror,5
U353,M008,Crimson Velocity,Action,2
U321,M021,Quiet Waters,Drama,5
U383,M026,Broken Compass,Drama,4
U270,M004,Blackout Squad,Action,4
U167,M021,Quiet Waters,Drama,4
U142,M041,Autumn in Paris,Romance,5
U341,M033,Colony Seven,Sci-Fi,4
U226,M021,Quiet Waters,Drama,3
U228,M040,Mars Protocol,Sci-Fi,5
U330,M031,Neon Horizon,Sci-Fi,2
U334,M046,Rainy Day Promises,Romance,3
U308,M015,The Interview Trap,Comedy,4
U355,M002,Midnight Pursuit,Action,4
U394,M034,Echoes of Andromeda,Sci-Fi,4
U312,M040,Mars Protocol,Sci-Fi,2
U397,M029,Fractured Light,Drama,4
U314,M058,Haunted Hollow,Horror,3
U392,M052,Whispers in the Attic,Horror,3
U351,M025,The Long Goodbye,Drama,4
U173,M019,Blind Date Bingo,Comedy,3
U387,M032,The Quantum Divide,Sci-Fi,4
U232,M005,Apex Strike,Action,4
U263,M024,A Winter's Promise,Drama,4
U382,M041,Autumn in Paris,Romance,4
U169,M026,Broken Compass,Drama,4
U310,M016,Dog Sitter Diaries,Comedy,4
U154,M023,Letters Unsent,Drama,4
U132,M039,The Singularity Gate,Sci-Fi,3
U161,M060,Cursed Static,Horror,3
U261,M036,Synthetic Dawn,Sci-Fi,5
U368,M058,Haunted Hollow,Horror,2
U381,M055,The Uninvited Guest,Horror,3
U327,M039,The Singularity Gate,Sci-Fi,5
U268,M022,The Inheritance,Drama,5
U371,M001,Steel Vendetta,Action,5
U121,M029,Fractured Light,Drama,5
U226,M006,Rogue Circuit,Action,4
U141,M045,The Wedding Planner's Heart,Romance,5
U141,M046,Rainy Day Promises,Romance,4
U246,M001,Steel Vendetta,Action,4
U127,M041,Autumn in Paris,Romance,5
U297,M009,Ghost Payload,Action,5
U352,M019,Blind Date Bingo,Comedy,4
U329,M054,Nightfall Manor,Horror,4
U210,M016,Dog Sitter Diaries,Comedy,4
U152,M020,Suburban Mayhem,Comedy,3
U258,M038,Parallel Code,Sci-Fi,5
U355,M006,Rogue Circuit,Action,5
U375,M021,Quiet Waters,Drama,4
U314,M042,The Coffee Shop Letters,Romance,5
U236,M029,Fractured Light,Drama,4
U220,M023,Letters Unsent,Drama,5
U288,M024,A Winter's Promise,Drama,3
U113,M045,The Wedding Planner's Heart,Romance,5
U375,M030,Where We Belong,Drama,5
U175,M016,Dog Sitter Diaries,Comedy,4
U173,M051,The Basement,Horror,4
U136,M060,Cursed Static,Horror,5
U236,M039,The Singularity Gate,Sci-Fi,4
U125,M038,Parallel Code,Sci-Fi,4
U313,M039,The Singularity Gate,Sci-Fi,2
U266,M012,Office Chaos,Comedy,5
U128,M038,Parallel Code,Sci-Fi,5
U382,M050,Falling for You Again,Romance,4
U324,M018,The Prank War,Comedy,3
U261,M034,Echoes of Andromeda,Sci-Fi,4
U222,M036,Synthetic Dawn,Sci-Fi,4
U160,M059,The Night Watcher,Horror,5
U288,M020,Suburban Mayhem,Comedy,4
U365,M038,Parallel Code,Sci-Fi,4
U333,M052,Whispers in the Attic,Horror,4
U139,M033,Colony Seven,Sci-Fi,4
U208,M025,The Long Goodbye,Drama,4
U134,M053,The Hollow House,Horror,4
U128,M032,The Quantum Divide,Sci-Fi,5
U365,M048,The Summer We Met,Romance,1
U121,M054,Nightfall Manor,Horror,2
U297,M003,Iron Protocol,Action,5
U363,M057,The Cellar Door,Horror,4
U387,M038,Parallel Code,Sci-Fi,4
U132,M013,Roommates Anonymous,Comedy,2
U324,M045,The Wedding Planner's Heart,Romance,4
U196,M011,The Wedding Disaster,Comedy,4
U357,M003,Iron Protocol,Action,4
U165,M045,The Wedding Planner's Heart,Romance,4
U314,M049,Midnight Serenade,Romance,5
U333,M043,Second Chances,Romance,4
U331,M059,The Night Watcher,Horror,4
U210,M013,Roommates Anonymous,Comedy,4
U243,M027,Sunday's Child,Drama,4
U266,M019,Blind Date Bingo,Comedy,5
U394,M037,Beyond the Rift,Sci-Fi,4
U318,M028,The Weight of Silence,Drama,4
U166,M056,Shadow Creek,Horror,5
U378,M016,Dog Sitter Diaries,Comedy,4
U105,M058,Haunted Hollow,Horror,5
U173,M044,Love at First Flight,Romance,4
U115,M050,Falling for You Again,Romance,4
U244,M052,Whispers in the Attic,Horror,5
U214,M051,The Basement,Horror,4
U162,M031,Neon Horizon,Sci-Fi,1
U290,M021,Quiet Waters,Drama,3
U323,M004,Blackout Squad,Action,3
U231,M028,The Weight of Silence,Drama,4
U118,M058,Haunted Hollow,Horror,4
U238,M055,The Uninvited Guest,Horror,2
U349,M005,Apex Strike,Action,5
U304,M021,Quiet Waters,Drama,5
U317,M003,Iron Protocol,Action,3
U316,M002,Midnight Pursuit,Action,4
U204,M045,The Wedding Planner's Heart,Romance,3
U296,M027,Sunday's Child,Drama,4
U279,M027,Sunday's Child,Drama,4
U385,M035,The Last Signal,Sci-Fi,3
U188,M042,The Coffee Shop Letters,Romance,4
U364,M005,Apex Strike,Action,4
U115,M020,Suburban Mayhem,Comedy,4
U108,M014,Family Reunion Fiasco,Comedy,5
U319,M059,The Night Watcher,Horror,5
U388,M034,Echoes of Andromeda,Sci-Fi,5
U366,M035,The Last Signal,Sci-Fi,4
U229,M037,Beyond the Rift,Sci-Fi,4
U216,M006,Rogue Circuit,Action,4
U306,M041,Autumn in Paris,Romance,4
U215,M049,Midnight Serenade,Romance,5
U208,M050,Falling for You Again,Romance,2
U325,M046,Rainy Day Promises,Romance,4
U277,M041,Autumn in Paris,Romance,3
U365,M037,Beyond the Rift,Sci-Fi,5
U226,M016,Dog Sitter Diaries,Comedy,5
U278,M051,The Basement,Horror,4
U253,M017,Vacation Gone Wrong,Comedy,4
U392,M014,Family Reunion Fiasco,Comedy,1
U346,M035,The Last Signal,Sci-Fi,3
U346,M045,The Wedding Planner's Heart,Romance,4
U348,M047,"Two Hearts, One City",Romance,5
U177,M012,Office Chaos,Comedy,4
U137,M031,Neon Horizon,Sci-Fi,3
U254,M026,Broken Compass,Drama,4
U234,M003,Iron Protocol,Action,4
U338,M005,Apex Strike,Action,4
U259,M024,A Winter's Promise,Drama,3
U195,M020,Suburban Mayhem,Comedy,5
U300,M024,A Winter's Promise,Drama,4
U334,M022,The Inheritance,Drama,3
U117,M006,Rogue Circuit,Action,4
U180,M056,Shadow Creek,Horror,4
U389,M029,Fractured Light,Drama,5
U170,M031,Neon Horizon,Sci-Fi,4
U217,M026,Broken Compass,Drama,4
U333,M048,The Summer We Met,Romance,4
U158,M036,Synthetic Dawn,Sci-Fi,3
U360,M044,Love at First Flight,Romance,4
U329,M003,Iron Protocol,Action,3
U299,M050,Falling for You Again,Romance,5
U193,M024,A Winter's Promise,Drama,4
U139,M058,Haunted Hollow,Horror,3
U147,M052,Whispers in the Attic,Horror,5
U260,M059,The Night Watcher,Horror,4
U176,M031,Neon Horizon,Sci-Fi,4
U339,M035,The Last Signal,Sci-Fi,4
U361,M006,Rogue Circuit,Action,3
U141,M024,A Winter's Promise,Drama,3
U206,M042,The Coffee Shop Letters,Romance,4
U160,M051,The Basement,Horror,4
U296,M050,Falling for You Again,Romance,2
U304,M028,The Weight of Silence,Drama,5
U133,M034,Echoes of Andromeda,Sci-Fi,4
U110,M024,A Winter's Promise,Drama,4
U246,M007,Last Stand Alpha,Action,4
U231,M032,The Quantum Divide,Sci-Fi,4
U226,M015,The Interview Trap,Comedy,4
U164,M008,Crimson Velocity,Action,2
U107,M046,Rainy Day Promises,Romance,5
U360,M047,"Two Hearts, One City",Romance,4
U199,M003,Iron Protocol,Action,4
U374,M021,Quiet Waters,Drama,4
U372,M007,Last Stand Alpha,Action,4
U358,M020,Suburban Mayhem,Comedy,5
U185,M047,"Two Hearts, One City",Romance,5
U373,M038,Parallel Code,Sci-Fi,3
U318,M037,Beyond the Rift,Sci-Fi,5
U336,M034,Echoes of Andromeda,Sci-Fi,4
U223,M023,Letters Unsent,Drama,5
U211,M043,Second Chances,Romance,4
U345,M018,The Prank War,Comedy,4
U328,M013,Roommates Anonymous,Comedy,3
U176,M032,The Quantum Divide,Sci-Fi,4
U136,M051,The Basement,Horror,4
U378,M005,Apex Strike,Action,5
U353,M036,Synthetic Dawn,Sci-Fi,4
U309,M041,Autumn in Paris,Romance,4
U130,M022,The Inheritance,Drama,4
U377,M045,The Wedding Planner's Heart,Romance,5
U231,M043,Second Chances,Romance,2
U280,M052,Whispers in the Attic,Horror,5
U178,M033,Colony Seven,Sci-Fi,5
U352,M032,The Quantum Divide,Sci-Fi,3
U399,M002,Midnight Pursuit,Action,4
U152,M039,The Singularity Gate,Sci-Fi,3
U219,M015,The Interview Trap,Comedy,4
U222,M035,The Last Signal,Sci-Fi,4
U368,M039,The Singularity Gate,Sci-Fi,5
U242,M014,Family Reunion Fiasco,Comedy,4
U322,M042,The Coffee Shop Letters,Romance,4
U330,M034,Echoes of Andromeda,Sci-Fi,3
U324,M051,The Basement,Horror,2
U262,M034,Echoes of Andromeda,Sci-Fi,4
U166,M001,Steel Vendetta,Action,3
U142,M056,Shadow Creek,Horror,1
U106,M054,Nightfall Manor,Horror,4
U341,M039,The Singularity Gate,Sci-Fi,4
U212,M040,Mars Protocol,Sci-Fi,5
U192,M051,The Basement,Horror,4
U185,M046,Rainy Day Promises,Romance,5
U299,M055,The Uninvited Guest,Horror,4
U224,M030,Where We Belong,Drama,2
U255,M035,The Last Signal,Sci-Fi,4
U227,M050,Falling for You Again,Romance,5
U339,M039,The Singularity Gate,Sci-Fi,5
U225,M017,Vacation Gone Wrong,Comedy,3
U181,M024,A Winter's Promise,Drama,4
U309,M044,Love at First Flight,Romance,4
U218,M017,Vacation Gone Wrong,Comedy,3
U169,M047,"Two Hearts, One City",Romance,2
U270,M048,The Summer We Met,Romance,3
U119,M023,Letters Unsent,Drama,4
U394,M032,The Quantum Divide,Sci-Fi,4
U286,M028,The Weight of Silence,Drama,3
U188,M003,Iron Protocol,Action,4
U293,M035,The Last Signal,Sci-Fi,2
U302,M035,The Last Signal,Sci-Fi,2
U113,M024,A Winter's Promise,Drama,4
U357,M006,Rogue Circuit,Action,5
U266,M017,Vacation Gone Wrong,Comedy,5
U120,M039,The Singularity Gate,Sci-Fi,4
U395,M040,Mars Protocol,Sci-Fi,5
U389,M028,The Weight of Silence,Drama,4
U356,M044,Love at First Flight,Romance,4
U172,M049,Midnight Serenade,Romance,3
U241,M025,The Long Goodbye,Drama,3
U223,M029,Fractured Light,Drama,5
U245,M060,Cursed Static,Horror,5
U313,M029,Fractured Light,Drama,5
U364,M054,Nightfall Manor,Horror,4
U398,M046,Rainy Day Promises,Romance,4
U293,M053,The Hollow House,Horror,4
U184,M036,Synthetic Dawn,Sci-Fi,4
U335,M048,The Summer We Met,Romance,4
U235,M011,The Wedding Disaster,Comedy,4
U191,M046,Rainy Day Promises,Romance,5
U146,M059,The Night Watcher,Horror,2
U153,M035,The Last Signal,Sci-Fi,4
U103,M002,Midnight Pursuit,Action,3
U215,M035,The Last Signal,Sci-Fi,4
U276,M031,Neon Horizon,Sci-Fi,3
U226,M012,Office Chaos,Comedy,4
U235,M016,Dog Sitter Diaries,Comedy,5
U119,M032,The Quantum Divide,Sci-Fi,3
U187,M011,The Wedding Disaster,Comedy,4
U203,M010,Titan Fall Zero,Action,4
U214,M033,Colony Seven,Sci-Fi,4
U262,M027,Sunday's Child,Drama,4
U211,M041,Autumn in Paris,Romance,4
U121,M004,Blackout Squad,Action,4
U213,M025,The Long Goodbye,Drama,5
U347,M017,Vacation Gone Wrong,Comedy,3
U393,M028,The Weight of Silence,Drama,4
U165,M013,Roommates Anonymous,Comedy,4
U327,M051,The Basement,Horror,3
U217,M017,Vacation Gone Wrong,Comedy,2
U323,M012,Office Chaos,Comedy,4
U380,M011,The Wedding Disaster,Comedy,5
U126,M035,The Last Signal,Sci-Fi,3
U231,M030,Where We Belong,Drama,2
U158,M047,"Two Hearts, One City",Romance,4
U232,M008,Crimson Velocity,Action,3
U137,M058,Haunted Hollow,Horror,2
U359,M013,Roommates Anonymous,Comedy,2
U263,M028,The Weight of Silence,Drama,4
U335,M042,The Coffee Shop Letters,Romance,5
U161,M051,The Basement,Horror,3
U353,M031,Neon Horizon,Sci-Fi,4
U322,M048,The Summer We Met,Romance,4
U294,M055,The Uninvited Guest,Horror,4
U337,M024,A Winter's Promise,Drama,5
U251,M026,Broken Compass,Drama,3
U299,M036,Synthetic Dawn,Sci-Fi,3
U242,M016,Dog Sitter Diaries,Comedy,4
U215,M002,Midnight Pursuit,Action,1
U358,M016,Dog Sitter Diaries,Comedy,5
U308,M057,The Cellar Door,Horror,2
U225,M045,The Wedding Planner's Heart,Romance,1
U198,M038,Parallel Code,Sci-Fi,4
U372,M037,Beyond the Rift,Sci-Fi,4
U187,M016,Dog Sitter Diaries,Comedy,4
U149,M046,Rainy Day Promises,Romance,4
U126,M059,The Night Watcher,Horror,3
U369,M031,Neon Horizon,Sci-Fi,4
U288,M027,Sunday's Child,Drama,4
U266,M053,The Hollow House,Horror,4
U176,M020,Suburban Mayhem,Comedy,5
U210,M012,Office Chaos,Comedy,5
U354,M058,Haunted Hollow,Horror,1
U235,M018,The Prank War,Comedy,5
U171,M015,The Interview Trap,Comedy,4
U285,M022,The Inheritance,Drama,5
U150,M042,The Coffee Shop Letters,Romance,5
U231,M001,Steel Vendetta,Action,4
U135,M051,The Basement,Horror,2
U149,M015,The Interview Trap,Comedy,3
U252,M057,The Cellar Door,Horror,5
U232,M035,The Last Signal,Sci-Fi,5
U260,M010,Titan Fall Zero,Action,3
U325,M050,Falling for You Again,Romance,2
U240,M010,Titan Fall Zero,Action,3
U351,M016,Dog Sitter Diaries,Comedy,2
U213,M023,Letters Unsent,Drama,4
U340,M001,Steel Vendetta,Action,4
U253,M018,The Prank War,Comedy,5
U331,M055,The Uninvited Guest,Horror,4
U127,M044,Love at First Flight,Romance,5
U195,M015,The Interview Trap,Comedy,5
U148,M047,"Two Hearts, One City",Romance,5
U242,M017,Vacation Gone Wrong,Comedy,3
U221,M030,Where We Belong,Drama,4
U272,M049,Midnight Serenade,Romance,5
U376,M030,Where We Belong,Drama,3
U287,M024,A Winter's Promise,Drama,4
U380,M014,Family Reunion Fiasco,Comedy,5
U103,M038,Parallel Code,Sci-Fi,3
U312,M017,Vacation Gone Wrong,Comedy,4
U251,M020,Suburban Mayhem,Comedy,4
U383,M029,Fractured Light,Drama,4
U197,M005,Apex Strike,Action,3
U347,M019,Blind Date Bingo,Comedy,4
U285,M058,Haunted Hollow,Horror,3
U271,M054,Nightfall Manor,Horror,4
U255,M026,Broken Compass,Drama,3
U233,M028,The Weight of Silence,Drama,4
U247,M009,Ghost Payload,Action,2
U261,M035,The Last Signal,Sci-Fi,4
U144,M014,Family Reunion Fiasco,Comedy,4
U155,M042,The Coffee Shop Letters,Romance,3
U321,M023,Letters Unsent,Drama,4
U133,M037,Beyond the Rift,Sci-Fi,5
U184,M040,Mars Protocol,Sci-Fi,5
U206,M021,Quiet Waters,Drama,4
U151,M052,Whispers in the Attic,Horror,3
U105,M052,Whispers in the Attic,Horror,5
U248,M046,Rainy Day Promises,Romance,4
U232,M002,Midnight Pursuit,Action,4
U221,M044,Love at First Flight,Romance,3
U177,M060,Cursed Static,Horror,2
U149,M039,The Singularity Gate,Sci-Fi,3
U227,M041,Autumn in Paris,Romance,5
U336,M039,The Singularity Gate,Sci-Fi,3
U144,M002,Midnight Pursuit,Action,5
U238,M049,Midnight Serenade,Romance,4
U232,M031,Neon Horizon,Sci-Fi,3
U363,M049,Midnight Serenade,Romance,3
U266,M011,The Wedding Disaster,Comedy,5
U325,M048,The Summer We Met,Romance,4
U177,M016,Dog Sitter Diaries,Comedy,5
U254,M053,The Hollow House,Horror,4
U219,M014,Family Reunion Fiasco,Comedy,4
U395,M031,Neon Horizon,Sci-Fi,5
U208,M024,A Winter's Promise,Drama,4
U371,M010,Titan Fall Zero,Action,5
U382,M044,Love at First Flight,Romance,4
U398,M012,Office Chaos,Comedy,5
U271,M002,Midnight Pursuit,Action,3
U303,M050,Falling for You Again,Romance,4
U135,M001,Steel Vendetta,Action,4
U139,M056,Shadow Creek,Horror,4
U185,M043,Second Chances,Romance,4
U146,M051,The Basement,Horror,3
U236,M038,Parallel Code,Sci-Fi,4
U152,M009,Ghost Payload,Action,2
U370,M017,Vacation Gone Wrong,Comedy,4
U393,M013,Roommates Anonymous,Comedy,5
U324,M010,Titan Fall Zero,Action,3
U388,M032,The Quantum Divide,Sci-Fi,4
U301,M007,Last Stand Alpha,Action,3
U212,M035,The Last Signal,Sci-Fi,4
U308,M020,Suburban Mayhem,Comedy,4
U152,M033,Colony Seven,Sci-Fi,3
U149,M050,Falling for You Again,Romance,4
U153,M027,Sunday's Child,Drama,4
U196,M019,Blind Date Bingo,Comedy,4
U222,M031,Neon Horizon,Sci-Fi,5
U138,M004,Blackout Squad,Action,4
U238,M025,The Long Goodbye,Drama,4
U352,M020,Suburban Mayhem,Comedy,4
U397,M030,Where We Belong,Drama,4
U212,M056,Shadow Creek,Horror,4
U305,M032,The Quantum Divide,Sci-Fi,2
U291,M033,Colony Seven,Sci-Fi,4
U275,M006,Rogue Circuit,Action,2
U166,M057,The Cellar Door,Horror,4
U194,M055,The Uninvited Guest,Horror,4
U192,M036,Synthetic Dawn,Sci-Fi,3
U323,M023,Letters Unsent,Drama,4
U142,M025,The Long Goodbye,Drama,4
U298,M040,Mars Protocol,Sci-Fi,3
U103,M023,Letters Unsent,Drama,5
U226,M009,Ghost Payload,Action,4
U167,M020,Suburban Mayhem,Comedy,4
U279,M040,Mars Protocol,Sci-Fi,4
U183,M037,Beyond the Rift,Sci-Fi,3
U156,M033,Colony Seven,Sci-Fi,4
U246,M060,Cursed Static,Horror,3
U288,M019,Blind Date Bingo,Comedy,4
U322,M029,Fractured Light,Drama,3
U367,M049,Midnight Serenade,Romance,4
U348,M041,Autumn in Paris,Romance,4
U309,M022,The Inheritance,Drama,3
U347,M024,A Winter's Promise,Drama,5
U320,M004,Blackout Squad,Action,4
U383,M050,Falling for You Again,Romance,5
U324,M001,Steel Vendetta,Action,4
U366,M040,Mars Protocol,Sci-Fi,3
U303,M043,Second Chances,Romance,4
U255,M031,Neon Horizon,Sci-Fi,4
U228,M032,The Quantum Divide,Sci-Fi,5
U246,M008,Crimson Velocity,Action,4
U310,M013,Roommates Anonymous,Comedy,4
U207,M002,Midnight Pursuit,Action,3
U208,M026,Broken Compass,Drama,5
U192,M045,The Wedding Planner's Heart,Romance,4
U380,M057,The Cellar Door,Horror,2
U213,M039,The Singularity Gate,Sci-Fi,3
U302,M021,Quiet Waters,Drama,4
U358,M053,The Hollow House,Horror,3
U271,M005,Apex Strike,Action,5
U123,M059,The Night Watcher,Horror,4
U248,M050,Falling for You Again,Romance,5
U197,M048,The Summer We Met,Romance,4
U318,M052,Whispers in the Attic,Horror,3
U174,M051,The Basement,Horror,3
U303,M042,The Coffee Shop Letters,Romance,5
U251,M015,The Interview Trap,Comedy,4
U234,M047,"Two Hearts, One City",Romance,4
U277,M046,Rainy Day Promises,Romance,5
U206,M001,Steel Vendetta,Action,4
U199,M006,Rogue Circuit,Action,4
U398,M047,"Two Hearts, One City",Romance,4
U127,M030,Where We Belong,Drama,3
U205,M046,Rainy Day Promises,Romance,4
U255,M039,The Singularity Gate,Sci-Fi,5
U151,M016,Dog Sitter Diaries,Comedy,4
U253,M016,Dog Sitter Diaries,Comedy,5
U331,M060,Cursed Static,Horror,4
U153,M024,A Winter's Promise,Drama,4
U383,M031,Neon Horizon,Sci-Fi,3
U255,M033,Colony Seven,Sci-Fi,4
U342,M006,Rogue Circuit,Action,3
U386,M005,Apex Strike,Action,5
U191,M043,Second Chances,Romance,5
U284,M029,Fractured Light,Drama,5
U262,M040,Mars Protocol,Sci-Fi,4
U360,M030,Where We Belong,Drama,3
U221,M043,Second Chances,Romance,4
U333,M041,Autumn in Paris,Romance,4
U265,M048,The Summer We Met,Romance,5
U274,M042,The Coffee Shop Letters,Romance,4
U204,M046,Rainy Day Promises,Romance,3
U161,M054,Nightfall Manor,Horror,4
U365,M059,The Night Watcher,Horror,4
U111,M050,Falling for You Again,Romance,2
U161,M057,The Cellar Door,Horror,3
U125,M030,Where We Belong,Drama,4
U301,M005,Apex Strike,Action,4
U156,M014,Family Reunion Fiasco,Comedy,5
U335,M047,"Two Hearts, One City",Romance,4
U365,M040,Mars Protocol,Sci-Fi,4
U373,M060,Cursed Static,Horror,4
U372,M009,Ghost Payload,Action,5
U348,M050,Falling for You Again,Romance,5
U361,M037,Beyond the Rift,Sci-Fi,1
U149,M017,Vacation Gone Wrong,Comedy,3
U132,M010,Titan Fall Zero,Action,4
U328,M032,The Quantum Divide,Sci-Fi,4
U265,M027,Sunday's Child,Drama,3
U249,M027,Sunday's Child,Drama,1
U241,M016,Dog Sitter Diaries,Comedy,5
U278,M047,"Two Hearts, One City",Romance,3
U139,M032,The Quantum Divide,Sci-Fi,4
U307,M060,Cursed Static,Horror,5
U126,M037,Beyond the Rift,Sci-Fi,3
U292,M031,Neon Horizon,Sci-Fi,5
U323,M015,The Interview Trap,Comedy,4
U161,M050,Falling for You Again,Romance,5
U202,M033,Colony Seven,Sci-Fi,4
U309,M006,Rogue Circuit,Action,4
U236,M036,Synthetic Dawn,Sci-Fi,4
U124,M042,The Coffee Shop Letters,Romance,3
U341,M036,Synthetic Dawn,Sci-Fi,4
U383,M023,Letters Unsent,Drama,4
U152,M048,The Summer We Met,Romance,2
U191,M029,Fractured Light,Drama,4
U196,M014,Family Reunion Fiasco,Comedy,4
U279,M034,Echoes of Andromeda,Sci-Fi,5
U270,M001,Steel Vendetta,Action,4
U323,M022,The Inheritance,Drama,5
U364,M036,Synthetic Dawn,Sci-Fi,4
U349,M007,Last Stand Alpha,Action,4
U106,M007,Last Stand Alpha,Action,4
U318,M033,Colony Seven,Sci-Fi,4
U173,M010,Titan Fall Zero,Action,4
U174,M060,Cursed Static,Horror,3
U165,M020,Suburban Mayhem,Comedy,4
U262,M056,Shadow Creek,Horror,4
U300,M036,Synthetic Dawn,Sci-Fi,3
U374,M027,Sunday's Child,Drama,5
U289,M015,The Interview Trap,Comedy,5
U306,M048,The Summer We Met,Romance,4
U309,M004,Blackout Squad,Action,3
U122,M044,Love at First Flight,Romance,2
U237,M048,The Summer We Met,Romance,3
U347,M029,Fractured Light,Drama,5
U343,M031,Neon Horizon,Sci-Fi,4
U348,M017,Vacation Gone Wrong,Comedy,4
U368,M032,The Quantum Divide,Sci-Fi,4
U148,M026,Broken Compass,Drama,5
U301,M054,Nightfall Manor,Horror,4
U171,M030,Where We Belong,Drama,4
U284,M024,A Winter's Promise,Drama,4
U280,M050,Falling for You Again,Romance,2
U185,M042,The Coffee Shop Letters,Romance,4
U184,M034,Echoes of Andromeda,Sci-Fi,4
U384,M045,The Wedding Planner's Heart,Romance,5
U307,M007,Last Stand Alpha,Action,4
U224,M054,Nightfall Manor,Horror,5
U286,M039,The Singularity Gate,Sci-Fi,1
U164,M021,Quiet Waters,Drama,4
U259,M050,Falling for You Again,Romance,4
U283,M041,Autumn in Paris,Romance,5
U381,M030,Where We Belong,Drama,5
U339,M037,Beyond the Rift,Sci-Fi,4
U343,M013,Roommates Anonymous,Comedy,2
U200,M020,Suburban Mayhem,Comedy,4
U177,M018,The Prank War,Comedy,5
U344,M033,Colony Seven,Sci-Fi,4
U361,M024,A Winter's Promise,Drama,4
U215,M047,"Two Hearts, One City",Romance,4
U213,M051,The Basement,Horror,2
U101,M042,The Coffee Shop Letters,Romance,5
U225,M035,The Last Signal,Sci-Fi,4
U227,M012,Office Chaos,Comedy,2
U138,M057,The Cellar Door,Horror,3
U187,M012,Office Chaos,Comedy,5
U208,M033,Colony Seven,Sci-Fi,4
U329,M013,Roommates Anonymous,Comedy,5
U301,M051,The Basement,Horror,4
U251,M029,Fractured Light,Drama,3
U304,M057,The Cellar Door,Horror,3
U345,M001,Steel Vendetta,Action,5
U256,M009,Ghost Payload,Action,5
U146,M027,Sunday's Child,Drama,4
U271,M053,The Hollow House,Horror,4
U154,M026,Broken Compass,Drama,4
U280,M058,Haunted Hollow,Horror,5
U329,M052,Whispers in the Attic,Horror,2
U235,M041,Autumn in Paris,Romance,4
U223,M002,Midnight Pursuit,Action,3
U386,M024,A Winter's Promise,Drama,2
U351,M026,Broken Compass,Drama,5
U178,M031,Neon Horizon,Sci-Fi,5
U337,M030,Where We Belong,Drama,5
U270,M003,Iron Protocol,Action,4
U127,M051,The Basement,Horror,2
U351,M030,Where We Belong,Drama,4
U393,M012,Office Chaos,Comedy,4
U289,M017,Vacation Gone Wrong,Comedy,5
U227,M044,Love at First Flight,Romance,4
U201,M012,Office Chaos,Comedy,4
U321,M025,The Long Goodbye,Drama,4
U239,M019,Blind Date Bingo,Comedy,4
U256,M035,The Last Signal,Sci-Fi,5
U277,M004,Blackout Squad,Action,4
U126,M040,Mars Protocol,Sci-Fi,3
U176,M038,Parallel Code,Sci-Fi,3
U287,M028,The Weight of Silence,Drama,5
U158,M042,The Coffee Shop Letters,Romance,4
U319,M052,Whispers in the Attic,Horror,5
U227,M024,A Winter's Promise,Drama,5
U280,M055,The Uninvited Guest,Horror,4
U241,M019,Blind Date Bingo,Comedy,3
U109,M007,Last Stand Alpha,Action,4
U210,M031,Neon Horizon,Sci-Fi,3
U318,M025,The Long Goodbye,Drama,4
U196,M004,Blackout Squad,Action,3
U188,M041,Autumn in Paris,Romance,5
U277,M045,The Wedding Planner's Heart,Romance,3
U193,M040,Mars Protocol,Sci-Fi,3
U192,M054,Nightfall Manor,Horror,5
U106,M008,Crimson Velocity,Action,4
U216,M021,Quiet Waters,Drama,3
U303,M047,"Two Hearts, One City",Romance,4
U206,M045,The Wedding Planner's Heart,Romance,5
U249,M008,Crimson Velocity,Action,5
U153,M023,Letters Unsent,Drama,4
U178,M038,Parallel Code,Sci-Fi,5
U110,M034,Echoes of Andromeda,Sci-Fi,5
U205,M041,Autumn in Paris,Romance,5
U333,M033,Colony Seven,Sci-Fi,4
U243,M022,The Inheritance,Drama,4
U169,M030,Where We Belong,Drama,5
U290,M046,Rainy Day Promises,Romance,4
U204,M048,The Summer We Met,Romance,5
U124,M047,"Two Hearts, One City",Romance,5
U376,M041,Autumn in Paris,Romance,3
U130,M024,A Winter's Promise,Drama,4
U112,M035,The Last Signal,Sci-Fi,3
U201,M034,Echoes of Andromeda,Sci-Fi,3
U212,M005,Apex Strike,Action,2
U240,M043,Second Chances,Romance,3
U330,M026,Broken Compass,Drama,5
U133,M039,The Singularity Gate,Sci-Fi,4
U139,M001,Steel Vendetta,Action,3
U193,M025,The Long Goodbye,Drama,5
U328,M036,Synthetic Dawn,Sci-Fi,5
U282,M027,Sunday's Child,Drama,5
U193,M026,Broken Compass,Drama,4
U325,M014,Family Reunion Fiasco,Comedy,4
U339,M003,Iron Protocol,Action,1
U316,M059,The Night Watcher,Horror,3
U237,M005,Apex Strike,Action,5
U195,M047,"Two Hearts, One City",Romance,4
U395,M052,Whispers in the Attic,Horror,3
U282,M030,Where We Belong,Drama,4
U121,M047,"Two Hearts, One City",Romance,2
U138,M018,The Prank War,Comedy,4
U262,M026,Broken Compass,Drama,5
U195,M009,Ghost Payload,Action,3
U154,M029,Fractured Light,Drama,5
U360,M045,The Wedding Planner's Heart,Romance,4
U298,M022,The Inheritance,Drama,5
U242,M054,Nightfall Manor,Horror,3
U249,M004,Blackout Squad,Action,4
U234,M049,Midnight Serenade,Romance,5
U349,M010,Titan Fall Zero,Action,5
U305,M013,Roommates Anonymous,Comedy,4
U181,M057,The Cellar Door,Horror,4
U109,M027,Sunday's Child,Drama,1
U179,M049,Midnight Serenade,Romance,5
U324,M025,The Long Goodbye,Drama,2
U122,M018,The Prank War,Comedy,5
U272,M046,Rainy Day Promises,Romance,4
U201,M031,Neon Horizon,Sci-Fi,3
U329,M011,The Wedding Disaster,Comedy,4
U175,M027,Sunday's Child,Drama,5
U227,M010,Titan Fall Zero,Action,2
U243,M025,The Long Goodbye,Drama,4
U348,M042,The Coffee Shop Letters,Romance,5
U340,M010,Titan Fall Zero,Action,4
U149,M033,Colony Seven,Sci-Fi,3
U232,M006,Rogue Circuit,Action,5
U343,M007,Last Stand Alpha,Action,3
U112,M044,Love at First Flight,Romance,4
U391,M046,Rainy Day Promises,Romance,3
U226,M014,Family Reunion Fiasco,Comedy,3
U357,M005,Apex Strike,Action,5
U124,M043,Second Chances,Romance,5
U296,M024,A Winter's Promise,Drama,5
U394,M036,Synthetic Dawn,Sci-Fi,4
U264,M024,A Winter's Promise,Drama,4
U399,M024,A Winter's Promise,Drama,3
U321,M005,Apex Strike,Action,4
U200,M050,Falling for You Again,Romance,4
U264,M028,The Weight of Silence,Drama,5
U145,M055,The Uninvited Guest,Horror,5
U293,M034,Echoes of Andromeda,Sci-Fi,3
U353,M018,The Prank War,Comedy,3
U358,M018,The Prank War,Comedy,5
U229,M040,Mars Protocol,Sci-Fi,5
U281,M003,Iron Protocol,Action,5
U200,M005,Apex Strike,Action,2
U110,M039,The Singularity Gate,Sci-Fi,5
U372,M026,Broken Compass,Drama,4
U336,M050,Falling for You Again,Romance,3
U300,M013,Roommates Anonymous,Comedy,1
U165,M028,The Weight of Silence,Drama,3
U236,M030,Where We Belong,Drama,4
U224,M059,The Night Watcher,Horror,5
U257,M058,Haunted Hollow,Horror,3
U121,M025,The Long Goodbye,Drama,5
U149,M049,Midnight Serenade,Romance,4
U231,M035,The Last Signal,Sci-Fi,5
U180,M053,The Hollow House,Horror,5
U270,M010,Titan Fall Zero,Action,4
U122,M025,The Long Goodbye,Drama,4
U202,M041,Autumn in Paris,Romance,5
U367,M033,Colony Seven,Sci-Fi,4
U124,M018,The Prank War,Comedy,3
U334,M042,The Coffee Shop Letters,Romance,3
U398,M044,Love at First Flight,Romance,3
U211,M046,Rainy Day Promises,Romance,4
U213,M034,Echoes of Andromeda,Sci-Fi,3
U309,M010,Titan Fall Zero,Action,4
U282,M024,A Winter's Promise,Drama,4
U191,M053,The Hollow House,Horror,3
U104,M021,Quiet Waters,Drama,5
U319,M002,Midnight Pursuit,Action,3
U169,M029,Fractured Light,Drama,4
U393,M014,Family Reunion Fiasco,Comedy,5
U356,M048,The Summer We Met,Romance,5
U234,M005,Apex Strike,Action,2
U286,M010,Titan Fall Zero,Action,5
U252,M058,Haunted Hollow,Horror,4
U118,M057,The Cellar Door,Horror,4
U139,M039,The Singularity Gate,Sci-Fi,5
U262,M018,The Prank War,Comedy,2
U304,M054,Nightfall Manor,Horror,3
U130,M011,The Wedding Disaster,Comedy,2
U307,M046,Rainy Day Promises,Romance,3
U217,M001,Steel Vendetta,Action,3
U364,M001,Steel Vendetta,Action,4
U253,M053,The Hollow House,Horror,2
U177,M031,Neon Horizon,Sci-Fi,3
U165,M015,The Interview Trap,Comedy,4
U274,M057,The Cellar Door,Horror,3
U129,M025,The Long Goodbye,Drama,4
U256,M039,The Singularity Gate,Sci-Fi,4
U369,M053,The Hollow House,Horror,3
U318,M043,Second Chances,Romance,3
U173,M007,Last Stand Alpha,Action,5
U202,M031,Neon Horizon,Sci-Fi,2
U287,M025,The Long Goodbye,Drama,5
U304,M029,Fractured Light,Drama,4
U159,M018,The Prank War,Comedy,3
U107,M045,The Wedding Planner's Heart,Romance,4
U218,M014,Family Reunion Fiasco,Comedy,3
U286,M003,Iron Protocol,Action,3
U167,M031,Neon Horizon,Sci-Fi,4
U233,M039,The Singularity Gate,Sci-Fi,4
U171,M013,Roommates Anonymous,Comedy,5
U321,M030,Where We Belong,Drama,5
U220,M035,The Last Signal,Sci-Fi,5
U142,M021,Quiet Waters,Drama,3
U197,M044,Love at First Flight,Romance,5
U332,M001,Steel Vendetta,Action,5
U280,M057,The Cellar Door,Horror,4
U150,M047,"Two Hearts, One City",Romance,4
U198,M034,Echoes of Andromeda,Sci-Fi,4
U114,M056,Shadow Creek,Horror,4
U286,M004,Blackout Squad,Action,4
U308,M022,The Inheritance,Drama,2
U397,M023,Letters Unsent,Drama,5
U236,M022,The Inheritance,Drama,4
U172,M050,Falling for You Again,Romance,4
U211,M027,Sunday's Child,Drama,2
U279,M035,The Last Signal,Sci-Fi,3
U338,M043,Second Chances,Romance,3
U260,M014,Family Reunion Fiasco,Comedy,3
U217,M052,Whispers in the Attic,Horror,4
U167,M030,Where We Belong,Drama,4
U351,M021,Quiet Waters,Drama,3
U198,M041,Autumn in Paris,Romance,4
U304,M026,Broken Compass,Drama,5
U271,M006,Rogue Circuit,Action,4
U148,M041,Autumn in Paris,Romance,5
U294,M060,Cursed Static,Horror,5
U230,M034,Echoes of Andromeda,Sci-Fi,3
U395,M058,Haunted Hollow,Horror,1
U112,M036,Synthetic Dawn,Sci-Fi,3
U397,M020,Suburban Mayhem,Comedy,3
U382,M045,The Wedding Planner's Heart,Romance,3
U208,M039,The Singularity Gate,Sci-Fi,4
U306,M021,Quiet Waters,Drama,4
U157,M007,Last Stand Alpha,Action,4
U263,M051,The Basement,Horror,3
U394,M004,Blackout Squad,Action,3
U369,M037,Beyond the Rift,Sci-Fi,4
U101,M050,Falling for You Again,Romance,4
U348,M037,Beyond the Rift,Sci-Fi,3
U112,M048,The Summer We Met,Romance,5
U232,M034,Echoes of Andromeda,Sci-Fi,3
U167,M024,A Winter's Promise,Drama,5
U239,M020,Suburban Mayhem,Comedy,3
U271,M001,Steel Vendetta,Action,5
U170,M036,Synthetic Dawn,Sci-Fi,3
U127,M043,Second Chances,Romance,5
U195,M011,The Wedding Disaster,Comedy,4
U387,M031,Neon Horizon,Sci-Fi,5
U135,M048,The Summer We Met,Romance,4
U392,M059,The Night Watcher,Horror,4
U159,M024,A Winter's Promise,Drama,4
U231,M044,Love at First Flight,Romance,2
U172,M024,A Winter's Promise,Drama,4
U227,M011,The Wedding Disaster,Comedy,3
U396,M012,Office Chaos,Comedy,3
U307,M053,The Hollow House,Horror,5
U124,M051,The Basement,Horror,5
U206,M014,Family Reunion Fiasco,Comedy,2
U143,M026,Broken Compass,Drama,4
U297,M030,Where We Belong,Drama,3
U232,M011,The Wedding Disaster,Comedy,3
U338,M019,Blind Date Bingo,Comedy,5
U330,M033,Colony Seven,Sci-Fi,4
U239,M013,Roommates Anonymous,Comedy,2
U124,M045,The Wedding Planner's Heart,Romance,4
U122,M027,Sunday's Child,Drama,5
U154,M036,Synthetic Dawn,Sci-Fi,4
U124,M048,The Summer We Met,Romance,5
U317,M024,A Winter's Promise,Drama,2
U233,M035,The Last Signal,Sci-Fi,3
U247,M015,The Interview Trap,Comedy,5
U327,M055,The Uninvited Guest,Horror,4
U288,M014,Family Reunion Fiasco,Comedy,4
U158,M048,The Summer We Met,Romance,5
U221,M048,The Summer We Met,Romance,5
U190,M028,The Weight of Silence,Drama,4
U389,M024,A Winter's Promise,Drama,4
U197,M050,Falling for You Again,Romance,4
U258,M043,Second Chances,Romance,5
U270,M024,A Winter's Promise,Drama,4
U170,M050,Falling for You Again,Romance,4
U266,M056,Shadow Creek,Horror,4
U106,M009,Ghost Payload,Action,4
U333,M051,The Basement,Horror,4
U296,M004,Blackout Squad,Action,3
U345,M012,Office Chaos,Comedy,4
U175,M030,Where We Belong,Drama,4
U101,M026,Broken Compass,Drama,2
U168,M001,Steel Vendetta,Action,4
U231,M024,A Winter's Promise,Drama,4
U163,M039,The Singularity Gate,Sci-Fi,3
U353,M033,Colony Seven,Sci-Fi,3
U140,M036,Synthetic Dawn,Sci-Fi,1
U337,M021,Quiet Waters,Drama,5
U132,M031,Neon Horizon,Sci-Fi,4
U293,M003,Iron Protocol,Action,4
U203,M008,Crimson Velocity,Action,5
U209,M047,"Two Hearts, One City",Romance,4
U323,M003,Iron Protocol,Action,2
U116,M039,The Singularity Gate,Sci-Fi,4
U318,M060,Cursed Static,Horror,2
U136,M054,Nightfall Manor,Horror,4
U100,M010,Titan Fall Zero,Action,4
U130,M023,Letters Unsent,Drama,4
U277,M010,Titan Fall Zero,Action,4
U384,M029,Fractured Light,Drama,4
U292,M024,A Winter's Promise,Drama,2
U297,M005,Apex Strike,Action,4
U281,M006,Rogue Circuit,Action,5
U243,M028,The Weight of Silence,Drama,4
U230,M035,The Last Signal,Sci-Fi,5
U301,M015,The Interview Trap,Comedy,2
U293,M004,Blackout Squad,Action,4
U264,M022,The Inheritance,Drama,5
U207,M054,Nightfall Manor,Horror,3
U143,M030,Where We Belong,Drama,4
U387,M055,The Uninvited Guest,Horror,4
U118,M008,Crimson Velocity,Action,3
U206,M048,The Summer We Met,Romance,5
U184,M056,Shadow Creek,Horror,3
U356,M014,Family Reunion Fiasco,Comedy,5
U100,M024,A Winter's Promise,Drama,2
U247,M013,Roommates Anonymous,Comedy,5
U150,M044,Love at First Flight,Romance,4
U373,M036,Synthetic Dawn,Sci-Fi,4
U124,M057,The Cellar Door,Horror,3
U308,M032,The Quantum Divide,Sci-Fi,3
U361,M018,The Prank War,Comedy,4
U202,M045,The Wedding Planner's Heart,Romance,4
U133,M040,Mars Protocol,Sci-Fi,4
U263,M023,Letters Unsent,Drama,4
U108,M015,The Interview Trap,Comedy,5
U315,M049,Midnight Serenade,Romance,3
U111,M052,Whispers in the Attic,Horror,5
U110,M004,Blackout Squad,Action,3
U357,M004,Blackout Squad,Action,4
U332,M015,The Interview Trap,Comedy,5
U385,M039,The Singularity Gate,Sci-Fi,4
U192,M003,Iron Protocol,Action,4
U295,M005,Apex Strike,Action,4
U356,M016,Dog Sitter Diaries,Comedy,3
U325,M013,Roommates Anonymous,Comedy,4
U228,M033,Colony Seven,Sci-Fi,5
U109,M009,Ghost Payload,Action,4
U266,M058,Haunted Hollow,Horror,3
U249,M023,Letters Unsent,Drama,3
U249,M007,Last Stand Alpha,Action,5
U397,M027,Sunday's Child,Drama,4
U363,M056,Shadow Creek,Horror,4
U162,M030,Where We Belong,Drama,5
U310,M018,The Prank War,Comedy,4
U377,M046,Rainy Day Promises,Romance,4
U305,M052,Whispers in the Attic,Horror,4
U399,M009,Ghost Payload,Action,4
U393,M033,Colony Seven,Sci-Fi,4
U249,M009,Ghost Payload,Action,5
U300,M023,Letters Unsent,Drama,4
U317,M008,Crimson Velocity,Action,4
U186,M001,Steel Vendetta,Action,5
U273,M028,The Weight of Silence,Drama,3
U146,M053,The Hollow House,Horror,3
U376,M025,The Long Goodbye,Drama,5
U220,M036,Synthetic Dawn,Sci-Fi,5
U292,M040,Mars Protocol,Sci-Fi,4
U117,M007,Last Stand Alpha,Action,4
U161,M044,Love at First Flight,Romance,5
U346,M044,Love at First Flight,Romance,5
U281,M030,Where We Belong,Drama,4
U256,M038,Parallel Code,Sci-Fi,4
U344,M036,Synthetic Dawn,Sci-Fi,5
U269,M006,Rogue Circuit,Action,4
U285,M028,The Weight of Silence,Drama,4
U220,M017,Vacation Gone Wrong,Comedy,2
U324,M059,The Night Watcher,Horror,3
U362,M059,The Night Watcher,Horror,4
U273,M026,Broken Compass,Drama,4
U367,M027,Sunday's Child,Drama,4
U203,M052,Whispers in the Attic,Horror,4
U254,M024,A Winter's Promise,Drama,5
U121,M042,The Coffee Shop Letters,Romance,3
U105,M051,The Basement,Horror,5
U184,M033,Colony Seven,Sci-Fi,4
U131,M019,Blind Date Bingo,Comedy,5
U146,M025,The Long Goodbye,Drama,5
U389,M027,Sunday's Child,Drama,5
U299,M059,The Night Watcher,Horror,5
U301,M006,Rogue Circuit,Action,2
U371,M005,Apex Strike,Action,5
U295,M001,Steel Vendetta,Action,4
U270,M056,Shadow Creek,Horror,3
U233,M050,Falling for You Again,Romance,3
U323,M032,The Quantum Divide,Sci-Fi,2
U197,M043,Second Chances,Romance,4
U141,M050,Falling for You Again,Romance,5
U129,M030,Where We Belong,Drama,4
U219,M024,A Winter's Promise,Drama,3
U286,M005,Apex Strike,Action,4
U250,M055,The Uninvited Guest,Horror,4
U364,M055,The Uninvited Guest,Horror,5
U127,M026,Broken Compass,Drama,4
U388,M036,Synthetic Dawn,Sci-Fi,4
U230,M018,The Prank War,Comedy,2
U181,M027,Sunday's Child,Drama,4
U146,M052,Whispers in the Attic,Horror,4
U141,M028,The Weight of Silence,Drama,2
U342,M026,Broken Compass,Drama,4
U301,M056,Shadow Creek,Horror,4
U183,M057,The Cellar Door,Horror,3
U321,M004,Blackout Squad,Action,3
U399,M025,The Long Goodbye,Drama,3
U236,M040,Mars Protocol,Sci-Fi,5
U390,M044,Love at First Flight,Romance,5
U162,M005,Apex Strike,Action,4
U307,M055,The Uninvited Guest,Horror,5
U251,M030,Where We Belong,Drama,3
U289,M044,Love at First Flight,Romance,3
U263,M039,The Singularity Gate,Sci-Fi,3
U217,M008,Crimson Velocity,Action,5
U209,M042,The Coffee Shop Letters,Romance,5
U317,M006,Rogue Circuit,Action,4
U334,M029,Fractured Light,Drama,4
U106,M006,Rogue Circuit,Action,5
U332,M007,Last Stand Alpha,Action,5
U101,M044,Love at First Flight,Romance,4
U265,M025,The Long Goodbye,Drama,3
U219,M028,The Weight of Silence,Drama,5
U176,M011,The Wedding Disaster,Comedy,4
U230,M031,Neon Horizon,Sci-Fi,5
U293,M046,Rainy Day Promises,Romance,3
U185,M041,Autumn in Paris,Romance,4
U169,M025,The Long Goodbye,Drama,4
U278,M036,Synthetic Dawn,Sci-Fi,5
U328,M037,Beyond the Rift,Sci-Fi,4
U349,M002,Midnight Pursuit,Action,5
U158,M008,Crimson Velocity,Action,2
U212,M033,Colony Seven,Sci-Fi,4
U338,M052,Whispers in the Attic,Horror,4
U396,M055,The Uninvited Guest,Horror,5
U263,M027,Sunday's Child,Drama,4
U170,M045,The Wedding Planner's Heart,Romance,5
U277,M002,Midnight Pursuit,Action,4
U318,M036,Synthetic Dawn,Sci-Fi,3
U174,M006,Rogue Circuit,Action,2
U285,M025,The Long Goodbye,Drama,5
U368,M035,The Last Signal,Sci-Fi,4
U156,M016,Dog Sitter Diaries,Comedy,5
U347,M026,Broken Compass,Drama,4
U154,M024,A Winter's Promise,Drama,4
U352,M052,Whispers in the Attic,Horror,3
U319,M004,Blackout Squad,Action,2
U396,M054,Nightfall Manor,Horror,5
U169,M022,The Inheritance,Drama,5
U171,M035,The Last Signal,Sci-Fi,5
U394,M002,Midnight Pursuit,Action,5
U287,M021,Quiet Waters,Drama,5
U197,M049,Midnight Serenade,Romance,4
U138,M011,The Wedding Disaster,Comedy,4
U322,M045,The Wedding Planner's Heart,Romance,5
U356,M015,The Interview Trap,Comedy,3
U122,M013,Roommates Anonymous,Comedy,4
U176,M054,Nightfall Manor,Horror,3
U260,M018,The Prank War,Comedy,3
U196,M015,The Interview Trap,Comedy,5
U145,M049,Midnight Serenade,Romance,3
U210,M027,Sunday's Child,Drama,3
U177,M011,The Wedding Disaster,Comedy,4
U394,M031,Neon Horizon,Sci-Fi,5
U399,M005,Apex Strike,Action,3
U146,M028,The Weight of Silence,Drama,4
U204,M023,Letters Unsent,Drama,4
U178,M024,A Winter's Promise,Drama,2
U153,M029,Fractured Light,Drama,5
U136,M009,Ghost Payload,Action,2
U310,M014,Family Reunion Fiasco,Comedy,4
U394,M047,"Two Hearts, One City",Romance,2
U258,M046,Rainy Day Promises,Romance,3
U356,M042,The Coffee Shop Letters,Romance,3
U285,M027,Sunday's Child,Drama,4
U228,M034,Echoes of Andromeda,Sci-Fi,5
U362,M058,Haunted Hollow,Horror,4
U196,M017,Vacation Gone Wrong,Comedy,5
U252,M025,The Long Goodbye,Drama,4
U123,M052,Whispers in the Attic,Horror,4
U218,M019,Blind Date Bingo,Comedy,4
U254,M023,Letters Unsent,Drama,5
U146,M043,Second Chances,Romance,4
U263,M030,Where We Belong,Drama,4
U327,M034,Echoes of Andromeda,Sci-Fi,5
U133,M038,Parallel Code,Sci-Fi,4
U181,M033,Colony Seven,Sci-Fi,3
U346,M047,"Two Hearts, One City",Romance,5
U144,M006,Rogue Circuit,Action,5
U325,M041,Autumn in Paris,Romance,3
U292,M020,Suburban Mayhem,Comedy,4
U362,M057,The Cellar Door,Horror,5
U373,M058,Haunted Hollow,Horror,5
U321,M026,Broken Compass,Drama,5
U192,M039,The Singularity Gate,Sci-Fi,5
U230,M038,Parallel Code,Sci-Fi,4
U301,M060,Cursed Static,Horror,4
U367,M022,The Inheritance,Drama,5
U393,M017,Vacation Gone Wrong,Comedy,4
U281,M005,Apex Strike,Action,5
U199,M005,Apex Strike,Action,5
U284,M041,Autumn in Paris,Romance,2
U286,M055,The Uninvited Guest,Horror,4
U346,M041,Autumn in Paris,Romance,4
U260,M052,Whispers in the Attic,Horror,5
U243,M051,The Basement,Horror,2
U221,M049,Midnight Serenade,Romance,5
U361,M019,Blind Date Bingo,Comedy,4
U265,M047,"Two Hearts, One City",Romance,4
U276,M048,The Summer We Met,Romance,4
U338,M060,Cursed Static,Horror,4
U188,M011,The Wedding Disaster,Comedy,3
U289,M011,The Wedding Disaster,Comedy,4
U380,M016,Dog Sitter Diaries,Comedy,4
U382,M030,Where We Belong,Drama,3
U230,M032,The Quantum Divide,Sci-Fi,4
U349,M044,Love at First Flight,Romance,3
U136,M030,Where We Belong,Drama,4
U171,M018,The Prank War,Comedy,5
U299,M054,Nightfall Manor,Horror,5
U192,M055,The Uninvited Guest,Horror,5
U198,M042,The Coffee Shop Letters,Romance,4
U102,M040,Mars Protocol,Sci-Fi,4
U176,M012,Office Chaos,Comedy,4
U176,M035,The Last Signal,Sci-Fi,3
U358,M033,Colony Seven,Sci-Fi,4
U209,M058,Haunted Hollow,Horror,4
U219,M025,The Long Goodbye,Drama,3
U102,M049,Midnight Serenade,Romance,3
U214,M037,Beyond the Rift,Sci-Fi,4
U301,M059,The Night Watcher,Horror,4
U113,M046,Rainy Day Promises,Romance,4
U204,M044,Love at First Flight,Romance,4
U275,M030,Where We Belong,Drama,5
U366,M030,Where We Belong,Drama,5
U295,M004,Blackout Squad,Action,5
U363,M060,Cursed Static,Horror,4
U225,M039,The Singularity Gate,Sci-Fi,4
U199,M010,Titan Fall Zero,Action,4
U206,M044,Love at First Flight,Romance,5
U247,M021,Quiet Waters,Drama,2
U145,M060,Cursed Static,Horror,4
U255,M040,Mars Protocol,Sci-Fi,4
U169,M031,Neon Horizon,Sci-Fi,4
U161,M047,"Two Hearts, One City",Romance,4
U112,M049,Midnight Serenade,Romance,5
U100,M004,Blackout Squad,Action,4
U344,M039,The Singularity Gate,Sci-Fi,4
U166,M011,The Wedding Disaster,Comedy,4
U277,M005,Apex Strike,Action,4
U222,M028,The Weight of Silence,Drama,3
U234,M043,Second Chances,Romance,5
U246,M005,Apex Strike,Action,5
U181,M005,Apex Strike,Action,3
U218,M015,The Interview Trap,Comedy,5
U279,M029,Fractured Light,Drama,3
U103,M027,Sunday's Child,Drama,4
U387,M057,The Cellar Door,Horror,3
U246,M002,Midnight Pursuit,Action,4
U299,M058,Haunted Hollow,Horror,5
U164,M024,A Winter's Promise,Drama,5
U380,M013,Roommates Anonymous,Comedy,4
U207,M034,Echoes of Andromeda,Sci-Fi,4
U342,M030,Where We Belong,Drama,3
U285,M024,A Winter's Promise,Drama,5
U223,M001,Steel Vendetta,Action,3
U222,M024,A Winter's Promise,Drama,4
U160,M055,The Uninvited Guest,Horror,4
U242,M013,Roommates Anonymous,Comedy,5
U184,M031,Neon Horizon,Sci-Fi,5
U302,M023,Letters Unsent,Drama,5
U202,M038,Parallel Code,Sci-Fi,5
U212,M059,The Night Watcher,Horror,4
U163,M037,Beyond the Rift,Sci-Fi,3
U280,M060,Cursed Static,Horror,4
U358,M019,Blind Date Bingo,Comedy,4
U262,M019,Blind Date Bingo,Comedy,3
U309,M049,Midnight Serenade,Romance,5
U393,M030,Where We Belong,Drama,5
U271,M007,Last Stand Alpha,Action,5
U175,M021,Quiet Waters,Drama,5
U132,M001,Steel Vendetta,Action,4
U378,M039,The Singularity Gate,Sci-Fi,1
U155,M008,Crimson Velocity,Action,5
U133,M050,Falling for You Again,Romance,2
U123,M047,"Two Hearts, One City",Romance,2
U385,M004,Blackout Squad,Action,3
U111,M058,Haunted Hollow,Horror,4
U256,M004,Blackout Squad,Action,4
U385,M057,The Cellar Door,Horror,4
U190,M021,Quiet Waters,Drama,5
U257,M038,Parallel Code,Sci-Fi,5
U355,M050,Falling for You Again,Romance,5
U126,M031,Neon Horizon,Sci-Fi,4
U380,M018,The Prank War,Comedy,3
U121,M021,Quiet Waters,Drama,5
U355,M010,Titan Fall Zero,Action,4
U234,M027,Sunday's Child,Drama,4
U121,M028,The Weight of Silence,Drama,5
U154,M038,Parallel Code,Sci-Fi,4
U396,M052,Whispers in the Attic,Horror,4
U120,M030,Where We Belong,Drama,3
U379,M008,Crimson Velocity,Action,5
U137,M047,"Two Hearts, One City",Romance,4
U256,M003,Iron Protocol,Action,5
U351,M024,A Winter's Promise,Drama,4
U286,M002,Midnight Pursuit,Action,4
U163,M053,The Hollow House,Horror,5
U246,M006,Rogue Circuit,Action,5
U349,M006,Rogue Circuit,Action,4
U394,M008,Crimson Velocity,Action,4
U236,M034,Echoes of Andromeda,Sci-Fi,4
U313,M025,The Long Goodbye,Drama,4
U120,M036,Synthetic Dawn,Sci-Fi,5
U143,M022,The Inheritance,Drama,4
U158,M024,A Winter's Promise,Drama,3
U124,M050,Falling for You Again,Romance,5
U187,M020,Suburban Mayhem,Comedy,5
U211,M048,The Summer We Met,Romance,3
U389,M046,Rainy Day Promises,Romance,3
U101,M036,Synthetic Dawn,Sci-Fi,3
U359,M033,Colony Seven,Sci-Fi,4
U307,M054,Nightfall Manor,Horror,4
U338,M011,The Wedding Disaster,Comedy,4
U128,M022,The Inheritance,Drama,2
U114,M047,"Two Hearts, One City",Romance,4
U192,M040,Mars Protocol,Sci-Fi,3
U388,M039,The Singularity Gate,Sci-Fi,5
U186,M027,Sunday's Child,Drama,3
U390,M018,The Prank War,Comedy,4
U191,M047,"Two Hearts, One City",Romance,4
U317,M005,Apex Strike,Action,4
U148,M049,Midnight Serenade,Romance,4
U213,M024,A Winter's Promise,Drama,5
U132,M004,Blackout Squad,Action,5
U173,M002,Midnight Pursuit,Action,4
U296,M026,Broken Compass,Drama,4
U295,M026,Broken Compass,Drama,2
U157,M001,Steel Vendetta,Action,5
U164,M026,Broken Compass,Drama,5
U216,M025,The Long Goodbye,Drama,3
U110,M051,The Basement,Horror,3
U149,M048,The Summer We Met,Romance,4
U126,M025,The Long Goodbye,Drama,4
U131,M014,Family Reunion Fiasco,Comedy,4
U327,M005,Apex Strike,Action,1
U237,M044,Love at First Flight,Romance,3
U366,M029,Fractured Light,Drama,4
U155,M050,Falling for You Again,Romance,4
U180,M059,The Night Watcher,Horror,4
U328,M006,Rogue Circuit,Action,5
U384,M028,The Weight of Silence,Drama,4
U219,M027,Sunday's Child,Drama,4
U372,M028,The Weight of Silence,Drama,4
U348,M022,The Inheritance,Drama,4
U186,M004,Blackout Squad,Action,4
U194,M052,Whispers in the Attic,Horror,4
U298,M024,A Winter's Promise,Drama,5
U216,M001,Steel Vendetta,Action,4
U232,M037,Beyond the Rift,Sci-Fi,5
U365,M036,Synthetic Dawn,Sci-Fi,4
U126,M030,Where We Belong,Drama,4
U117,M009,Ghost Payload,Action,4
U203,M022,The Inheritance,Drama,3
U347,M028,The Weight of Silence,Drama,4
U378,M011,The Wedding Disaster,Comedy,3
U291,M039,The Singularity Gate,Sci-Fi,5
U283,M042,The Coffee Shop Letters,Romance,4
U300,M051,The Basement,Horror,3
U278,M052,Whispers in the Attic,Horror,5
U107,M048,The Summer We Met,Romance,4
U348,M036,Synthetic Dawn,Sci-Fi,4
U113,M048,The Summer We Met,Romance,4
U108,M017,Vacation Gone Wrong,Comedy,4
U328,M056,Shadow Creek,Horror,1
U398,M018,The Prank War,Comedy,5
U359,M057,The Cellar Door,Horror,5
U298,M036,Synthetic Dawn,Sci-Fi,4
U376,M048,The Summer We Met,Romance,3
U312,M047,"Two Hearts, One City",Romance,5
U307,M057,The Cellar Door,Horror,5
U330,M023,Letters Unsent,Drama,5
U329,M018,The Prank War,Comedy,4
U353,M029,Fractured Light,Drama,3
U180,M060,Cursed Static,Horror,5
U306,M011,The Wedding Disaster,Comedy,3
U263,M012,Office Chaos,Comedy,3
U216,M035,The Last Signal,Sci-Fi,2
U352,M013,Roommates Anonymous,Comedy,5
U272,M043,Second Chances,Romance,4
U138,M003,Iron Protocol,Action,1
U309,M046,Rainy Day Promises,Romance,5
U318,M058,Haunted Hollow,Horror,3
U233,M049,Midnight Serenade,Romance,4
U341,M031,Neon Horizon,Sci-Fi,4
U364,M004,Blackout Squad,Action,4
U304,M051,The Basement,Horror,4
U302,M025,The Long Goodbye,Drama,4
U132,M009,Ghost Payload,Action,4
U159,M042,The Coffee Shop Letters,Romance,3
U293,M051,The Basement,Horror,3
U107,M042,The Coffee Shop Letters,Romance,4
U203,M002,Midnight Pursuit,Action,4
U334,M030,Where We Belong,Drama,4
U373,M059,The Night Watcher,Horror,3
U295,M003,Iron Protocol,Action,4
U258,M037,Beyond the Rift,Sci-Fi,5
U307,M056,Shadow Creek,Horror,5
U112,M031,Neon Horizon,Sci-Fi,5
U102,M009,Ghost Payload,Action,3
U393,M020,Suburban Mayhem,Comedy,5
U295,M006,Rogue Circuit,Action,4
U154,M034,Echoes of Andromeda,Sci-Fi,5
U207,M003,Iron Protocol,Action,3
U239,M027,Sunday's Child,Drama,4
U302,M040,Mars Protocol,Sci-Fi,3
U222,M033,Colony Seven,Sci-Fi,5
U155,M005,Apex Strike,Action,4
U230,M017,Vacation Gone Wrong,Comedy,4
U136,M036,Synthetic Dawn,Sci-Fi,2
U256,M033,Colony Seven,Sci-Fi,4
U313,M034,Echoes of Andromeda,Sci-Fi,2
U278,M006,Rogue Circuit,Action,2
U148,M043,Second Chances,Romance,4
U113,M044,Love at First Flight,Romance,4
U157,M006,Rogue Circuit,Action,5
U312,M015,The Interview Trap,Comedy,4
U365,M032,The Quantum Divide,Sci-Fi,5
U297,M002,Midnight Pursuit,Action,5
U224,M052,Whispers in the Attic,Horror,5
U146,M030,Where We Belong,Drama,4
U208,M028,The Weight of Silence,Drama,5
U229,M034,Echoes of Andromeda,Sci-Fi,4
U315,M027,Sunday's Child,Drama,3
U332,M005,Apex Strike,Action,4
U206,M043,Second Chances,Romance,4
U260,M055,The Uninvited Guest,Horror,3
U266,M055,The Uninvited Guest,Horror,4
U312,M033,Colony Seven,Sci-Fi,2
U290,M020,Suburban Mayhem,Comedy,3
U366,M027,Sunday's Child,Drama,4
U135,M003,Iron Protocol,Action,4
U257,M039,The Singularity Gate,Sci-Fi,5
U200,M018,The Prank War,Comedy,2
U350,M002,Midnight Pursuit,Action,4
U200,M042,The Coffee Shop Letters,Romance,4
U119,M022,The Inheritance,Drama,5
U141,M042,The Coffee Shop Letters,Romance,5
U157,M041,Autumn in Paris,Romance,2
U362,M013,Roommates Anonymous,Comedy,5
U262,M013,Roommates Anonymous,Comedy,3
U146,M055,The Uninvited Guest,Horror,4
U200,M041,Autumn in Paris,Romance,5
U207,M008,Crimson Velocity,Action,4
U292,M037,Beyond the Rift,Sci-Fi,4
U348,M052,Whispers in the Attic,Horror,2
U376,M029,Fractured Light,Drama,5
U170,M042,The Coffee Shop Letters,Romance,5
U350,M011,The Wedding Disaster,Comedy,4
U198,M049,Midnight Serenade,Romance,2
U396,M030,Where We Belong,Drama,4
U386,M010,Titan Fall Zero,Action,4
U277,M009,Ghost Payload,Action,5
U334,M027,Sunday's Child,Drama,5
U342,M028,The Weight of Silence,Drama,4
U333,M057,The Cellar Door,Horror,4
U155,M014,Family Reunion Fiasco,Comedy,2
U360,M048,The Summer We Met,Romance,5
U158,M044,Love at First Flight,Romance,4
U248,M047,"Two Hearts, One City",Romance,4
U294,M058,Haunted Hollow,Horror,5
U140,M008,Crimson Velocity,Action,5
U106,M002,Midnight Pursuit,Action,5
U200,M058,Haunted Hollow,Horror,3
U345,M017,Vacation Gone Wrong,Comedy,4
U171,M019,Blind Date Bingo,Comedy,4
U373,M033,Colony Seven,Sci-Fi,2
U371,M038,Parallel Code,Sci-Fi,4
U161,M006,Rogue Circuit,Action,2
U125,M039,The Singularity Gate,Sci-Fi,5
U258,M031,Neon Horizon,Sci-Fi,4
U253,M014,Family Reunion Fiasco,Comedy,4
U173,M025,The Long Goodbye,Drama,3
U164,M022,The Inheritance,Drama,4
U171,M012,Office Chaos,Comedy,5
U114,M045,The Wedding Planner's Heart,Romance,4
U113,M029,Fractured Light,Drama,2
U216,M030,Where We Belong,Drama,3
U136,M023,Letters Unsent,Drama,3
U201,M014,Family Reunion Fiasco,Comedy,5
U186,M003,Iron Protocol,Action,4
U399,M049,Midnight Serenade,Romance,3
U199,M007,Last Stand Alpha,Action,4
U125,M034,Echoes of Andromeda,Sci-Fi,5
U235,M019,Blind Date Bingo,Comedy,4
U293,M022,The Inheritance,Drama,4
U362,M016,Dog Sitter Diaries,Comedy,4
U253,M020,Suburban Mayhem,Comedy,4
U241,M012,Office Chaos,Comedy,4
U124,M052,Whispers in the Attic,Horror,5
U165,M011,The Wedding Disaster,Comedy,4
U192,M057,The Cellar Door,Horror,5
U393,M019,Blind Date Bingo,Comedy,5
U294,M056,Shadow Creek,Horror,4
U263,M055,The Uninvited Guest,Horror,5
U269,M009,Ghost Payload,Action,4
U328,M003,Iron Protocol,Action,4
U214,M003,Iron Protocol,Action,3
U161,M042,The Coffee Shop Letters,Romance,4
U162,M028,The Weight of Silence,Drama,5
U103,M028,The Weight of Silence,Drama,4
U246,M052,Whispers in the Attic,Horror,4
U354,M040,Mars Protocol,Sci-Fi,5
U351,M050,Falling for You Again,Romance,1
U229,M035,The Last Signal,Sci-Fi,5
U265,M046,Rainy Day Promises,Romance,3
U378,M014,Family Reunion Fiasco,Comedy,3
U176,M039,The Singularity Gate,Sci-Fi,5
U311,M044,Love at First Flight,Romance,5
U208,M008,Crimson Velocity,Action,2
U160,M052,Whispers in the Attic,Horror,4
U362,M011,The Wedding Disaster,Comedy,5
U122,M023,Letters Unsent,Drama,4
U360,M041,Autumn in Paris,Romance,5
U133,M043,Second Chances,Romance,4
U279,M026,Broken Compass,Drama,4
U259,M060,Cursed Static,Horror,2
U156,M038,Parallel Code,Sci-Fi,5
U174,M041,Autumn in Paris,Romance,5
U373,M003,Iron Protocol,Action,4
U273,M030,Where We Belong,Drama,3
U177,M004,Blackout Squad,Action,4
U377,M041,Autumn in Paris,Romance,5
U301,M003,Iron Protocol,Action,4
U125,M033,Colony Seven,Sci-Fi,5
U206,M050,Falling for You Again,Romance,3
U231,M027,Sunday's Child,Drama,3
U184,M032,The Quantum Divide,Sci-Fi,4
U337,M025,The Long Goodbye,Drama,5
U126,M036,Synthetic Dawn,Sci-Fi,4
U112,M030,Where We Belong,Drama,3
U362,M017,Vacation Gone Wrong,Comedy,5
U185,M058,Haunted Hollow,Horror,4
U166,M009,Ghost Payload,Action,4
U175,M025,The Long Goodbye,Drama,5
U342,M008,Crimson Velocity,Action,5
U269,M003,Iron Protocol,Action,4
U152,M037,Beyond the Rift,Sci-Fi,4
U177,M020,Suburban Mayhem,Comedy,4
U329,M019,Blind Date Bingo,Comedy,5
U347,M030,Where We Belong,Drama,4
U341,M040,Mars Protocol,Sci-Fi,4
U362,M015,The Interview Trap,Comedy,5
U243,M024,A Winter's Promise,Drama,4
U380,M012,Office Chaos,Comedy,4
U192,M060,Cursed Static,Horror,5
U252,M053,The Hollow House,Horror,4
U102,M001,Steel Vendetta,Action,4
U379,M001,Steel Vendetta,Action,4
U300,M028,The Weight of Silence,Drama,4
U304,M060,Cursed Static,Horror,4
U378,M006,Rogue Circuit,Action,4
U168,M004,Blackout Squad,Action,5
U366,M022,The Inheritance,Drama,5
U173,M006,Rogue Circuit,Action,5
U285,M009,Ghost Payload,Action,3
U346,M050,Falling for You Again,Romance,5
U396,M025,The Long Goodbye,Drama,2
U130,M026,Broken Compass,Drama,3
U325,M032,The Quantum Divide,Sci-Fi,2
U347,M011,The Wedding Disaster,Comedy,4
U316,M009,Ghost Payload,Action,4
U276,M022,The Inheritance,Drama,2
U315,M017,Vacation Gone Wrong,Comedy,4
U173,M004,Blackout Squad,Action,5
U354,M031,Neon Horizon,Sci-Fi,5
U281,M007,Last Stand Alpha,Action,5
U391,M041,Autumn in Paris,Romance,4
U203,M001,Steel Vendetta,Action,4
U247,M022,The Inheritance,Drama,3
U173,M003,Iron Protocol,Action,3
U287,M007,Last Stand Alpha,Action,2
U144,M053,The Hollow House,Horror,2
U240,M058,Haunted Hollow,Horror,4
U349,M001,Steel Vendetta,Action,4
U291,M026,Broken Compass,Drama,3
U226,M003,Iron Protocol,Action,5
U308,M054,Nightfall Manor,Horror,3
U235,M035,The Last Signal,Sci-Fi,2
U210,M019,Blind Date Bingo,Comedy,5
U327,M057,The Cellar Door,Horror,4
U178,M037,Beyond the Rift,Sci-Fi,4
U247,M016,Dog Sitter Diaries,Comedy,5
U322,M031,Neon Horizon,Sci-Fi,3
U110,M032,The Quantum Divide,Sci-Fi,5
U306,M009,Ghost Payload,Action,2
U203,M057,The Cellar Door,Horror,4
U127,M046,Rainy Day Promises,Romance,5
U164,M027,Sunday's Child,Drama,4
U225,M037,Beyond the Rift,Sci-Fi,4
U176,M036,Synthetic Dawn,Sci-Fi,4
U267,M043,Second Chances,Romance,3
U350,M028,The Weight of Silence,Drama,4
U288,M028,The Weight of Silence,Drama,4
U128,M003,Iron Protocol,Action,2
U280,M056,Shadow Creek,Horror,4
U126,M048,The Summer We Met,Romance,3
U303,M041,Autumn in Paris,Romance,5
U350,M007,Last Stand Alpha,Action,3
U156,M011,The Wedding Disaster,Comedy,4
U304,M023,Letters Unsent,Drama,4
U382,M046,Rainy Day Promises,Romance,5
U100,M049,Midnight Serenade,Romance,3
U337,M026,Broken Compass,Drama,5
U262,M031,Neon Horizon,Sci-Fi,3
U239,M012,Office Chaos,Comedy,3
U162,M007,Last Stand Alpha,Action,4
U391,M001,Steel Vendetta,Action,2
U106,M060,Cursed Static,Horror,3
U110,M035,The Last Signal,Sci-Fi,5
U282,M026,Broken Compass,Drama,4
U321,M007,Last Stand Alpha,Action,4
U389,M032,The Quantum Divide,Sci-Fi,2
U273,M032,The Quantum Divide,Sci-Fi,2
U245,M020,Suburban Mayhem,Comedy,2
U315,M045,The Wedding Planner's Heart,Romance,2
U335,M041,Autumn in Paris,Romance,5
U247,M020,Suburban Mayhem,Comedy,5
U361,M017,Vacation Gone Wrong,Comedy,4
U241,M028,The Weight of Silence,Drama,4
U226,M019,Blind Date Bingo,Comedy,3
U141,M013,Roommates Anonymous,Comedy,3
U241,M011,The Wedding Disaster,Comedy,5
U271,M058,Haunted Hollow,Horror,4
U198,M046,Rainy Day Promises,Romance,5
U388,M029,Fractured Light,Drama,1
U174,M028,The Weight of Silence,Drama,3
U186,M026,Broken Compass,Drama,3
U301,M057,The Cellar Door,Horror,5
U269,M004,Blackout Squad,Action,5
U133,M031,Neon Horizon,Sci-Fi,4
U172,M023,Letters Unsent,Drama,4
U317,M004,Blackout Squad,Action,4
U137,M048,The Summer We Met,Romance,5
U256,M007,Last Stand Alpha,Action,4
U314,M041,Autumn in Paris,Romance,4
U228,M037,Beyond the Rift,Sci-Fi,4
U318,M030,Where We Belong,Drama,5
U213,M030,Where We Belong,Drama,5
U302,M002,Midnight Pursuit,Action,3
U192,M058,Haunted Hollow,Horror,5
U288,M021,Quiet Waters,Drama,3
U303,M046,Rainy Day Promises,Romance,3
U227,M022,The Inheritance,Drama,5
U374,M029,Fractured Light,Drama,4
U251,M012,Office Chaos,Comedy,4
U265,M023,Letters Unsent,Drama,4
U164,M017,Vacation Gone Wrong,Comedy,2
U253,M008,Crimson Velocity,Action,4
U385,M054,Nightfall Manor,Horror,5
U196,M018,The Prank War,Comedy,4
U395,M033,Colony Seven,Sci-Fi,5
U362,M053,The Hollow House,Horror,3
U268,M001,Steel Vendetta,Action,4
U357,M009,Ghost Payload,Action,4
U181,M022,The Inheritance,Drama,4
U243,M049,Midnight Serenade,Romance,4
U291,M028,The Weight of Silence,Drama,2
U148,M050,Falling for You Again,Romance,4
U201,M054,Nightfall Manor,Horror,4
U387,M033,Colony Seven,Sci-Fi,4
U390,M050,Falling for You Again,Romance,4
U392,M009,Ghost Payload,Action,3
U263,M057,The Cellar Door,Horror,4
U342,M002,Midnight Pursuit,Action,5
U234,M029,Fractured Light,Drama,3
U394,M003,Iron Protocol,Action,3
U110,M037,Beyond the Rift,Sci-Fi,4
U311,M048,The Summer We Met,Romance,4
U105,M057,The Cellar Door,Horror,4
U257,M040,Mars Protocol,Sci-Fi,5
U156,M040,Mars Protocol,Sci-Fi,5
U201,M019,Blind Date Bingo,Comedy,5
U240,M052,Whispers in the Attic,Horror,5
U391,M015,The Interview Trap,Comedy,4
U325,M042,The Coffee Shop Letters,Romance,3
U344,M048,The Summer We Met,Romance,4
U205,M050,Falling for You Again,Romance,5
U240,M059,The Night Watcher,Horror,5
U202,M002,Midnight Pursuit,Action,3
U299,M020,Suburban Mayhem,Comedy,2
U386,M004,Blackout Squad,Action,3
U393,M026,Broken Compass,Drama,3
U313,M028,The Weight of Silence,Drama,4
U129,M028,The Weight of Silence,Drama,4
U245,M059,The Night Watcher,Horror,4
U126,M024,A Winter's Promise,Drama,3
U322,M041,Autumn in Paris,Romance,4
U326,M035,The Last Signal,Sci-Fi,3
U281,M026,Broken Compass,Drama,2
U222,M038,Parallel Code,Sci-Fi,4
U186,M022,The Inheritance,Drama,4
U381,M026,Broken Compass,Drama,4
U248,M058,Haunted Hollow,Horror,2
U323,M007,Last Stand Alpha,Action,5
U282,M060,Cursed Static,Horror,2
U348,M033,Colony Seven,Sci-Fi,3
U203,M051,The Basement,Horror,4
U125,M024,A Winter's Promise,Drama,3
U224,M011,The Wedding Disaster,Comedy,3
U389,M043,Second Chances,Romance,2
U258,M039,The Singularity Gate,Sci-Fi,3
U270,M007,Last Stand Alpha,Action,4
U227,M030,Where We Belong,Drama,4
U248,M057,The Cellar Door,Horror,4
U121,M002,Midnight Pursuit,Action,4
U340,M007,Last Stand Alpha,Action,4
U256,M019,Blind Date Bingo,Comedy,2
U154,M028,The Weight of Silence,Drama,4
U170,M032,The Quantum Divide,Sci-Fi,3
U277,M007,Last Stand Alpha,Action,4
U255,M036,Synthetic Dawn,Sci-Fi,4
U111,M030,Where We Belong,Drama,4
U246,M009,Ghost Payload,Action,5
U238,M036,Synthetic Dawn,Sci-Fi,3
U220,M027,Sunday's Child,Drama,4
U125,M023,Letters Unsent,Drama,4
U152,M022,The Inheritance,Drama,4
U263,M060,Cursed Static,Horror,3
U327,M058,Haunted Hollow,Horror,4
U144,M009,Ghost Payload,Action,4
U267,M024,A Winter's Promise,Drama,3
U109,M003,Iron Protocol,Action,4
U142,M026,Broken Compass,Drama,3
U118,M010,Titan Fall Zero,Action,4
U156,M039,The Singularity Gate,Sci-Fi,5
U343,M052,Whispers in the Attic,Horror,3
U353,M014,Family Reunion Fiasco,Comedy,4
U210,M025,The Long Goodbye,Drama,4
U282,M028,The Weight of Silence,Drama,5
U328,M034,Echoes of Andromeda,Sci-Fi,4
U335,M043,Second Chances,Romance,4
U212,M039,The Singularity Gate,Sci-Fi,3
U366,M033,Colony Seven,Sci-Fi,3
U166,M003,Iron Protocol,Action,4
U115,M040,Mars Protocol,Sci-Fi,4
U213,M022,The Inheritance,Drama,5
U303,M023,Letters Unsent,Drama,3
U174,M005,Apex Strike,Action,3
U255,M025,The Long Goodbye,Drama,3
U298,M027,Sunday's Child,Drama,5
U224,M060,Cursed Static,Horror,4
U109,M012,Office Chaos,Comedy,2
U151,M025,The Long Goodbye,Drama,3
U242,M015,The Interview Trap,Comedy,5
U100,M006,Rogue Circuit,Action,5
U105,M054,Nightfall Manor,Horror,5
U233,M032,The Quantum Divide,Sci-Fi,4
U137,M036,Synthetic Dawn,Sci-Fi,3
U100,M009,Ghost Payload,Action,5
U196,M016,Dog Sitter Diaries,Comedy,4
U171,M040,Mars Protocol,Sci-Fi,4
U301,M055,The Uninvited Guest,Horror,3
U118,M054,Nightfall Manor,Horror,5
U182,M007,Last Stand Alpha,Action,5
U301,M013,Roommates Anonymous,Comedy,1
U119,M030,Where We Belong,Drama,5
U324,M042,The Coffee Shop Letters,Romance,5
U189,M046,Rainy Day Promises,Romance,4
U347,M027,Sunday's Child,Drama,5
U320,M008,Crimson Velocity,Action,4
U299,M043,Second Chances,Romance,3
U306,M043,Second Chances,Romance,4
U217,M002,Midnight Pursuit,Action,5
U222,M039,The Singularity Gate,Sci-Fi,5
U376,M024,A Winter's Promise,Drama,4
U396,M060,Cursed Static,Horror,4
U309,M007,Last Stand Alpha,Action,3
U341,M004,Blackout Squad,Action,2
U360,M043,Second Chances,Romance,4
U252,M052,Whispers in the Attic,Horror,4
U330,M021,Quiet Waters,Drama,5
U281,M018,The Prank War,Comedy,4
U251,M018,The Prank War,Comedy,4
U233,M040,Mars Protocol,Sci-Fi,4
U200,M044,Love at First Flight,Romance,5
U311,M008,Crimson Velocity,Action,4
U218,M011,The Wedding Disaster,Comedy,4
U356,M043,Second Chances,Romance,4
U291,M034,Echoes of Andromeda,Sci-Fi,4
U304,M053,The Hollow House,Horror,4
U149,M042,The Coffee Shop Letters,Romance,5
U370,M059,The Night Watcher,Horror,3
U215,M018,The Prank War,Comedy,3
U109,M001,Steel Vendetta,Action,5
U274,M041,Autumn in Paris,Romance,5
U323,M013,Roommates Anonymous,Comedy,5
U190,M026,Broken Compass,Drama,3
U342,M003,Iron Protocol,Action,3
U118,M059,The Night Watcher,Horror,5
U104,M022,The Inheritance,Drama,4
U378,M004,Blackout Squad,Action,5
U259,M036,Synthetic Dawn,Sci-Fi,3
U268,M007,Last Stand Alpha,Action,3
U142,M044,Love at First Flight,Romance,5
U110,M031,Neon Horizon,Sci-Fi,4
U263,M053,The Hollow House,Horror,4
U197,M017,Vacation Gone Wrong,Comedy,3
U344,M040,Mars Protocol,Sci-Fi,4
U251,M019,Blind Date Bingo,Comedy,4
U342,M004,Blackout Squad,Action,4
U328,M016,Dog Sitter Diaries,Comedy,4
U259,M047,"Two Hearts, One City",Romance,5
U138,M012,Office Chaos,Comedy,4
U226,M013,Roommates Anonymous,Comedy,2
U364,M025,The Long Goodbye,Drama,2
U323,M014,Family Reunion Fiasco,Comedy,4
U345,M019,Blind Date Bingo,Comedy,4
U336,M031,Neon Horizon,Sci-Fi,5
U234,M041,Autumn in Paris,Romance,4
U286,M009,Ghost Payload,Action,5
U365,M057,The Cellar Door,Horror,3
U171,M037,Beyond the Rift,Sci-Fi,2
U226,M004,Blackout Squad,Action,4
U180,M018,The Prank War,Comedy,2
U180,M043,Second Chances,Romance,2
U168,M056,Shadow Creek,Horror,3
U203,M005,Apex Strike,Action,5
U311,M055,The Uninvited Guest,Horror,3
U333,M047,"Two Hearts, One City",Romance,5
U309,M039,The Singularity Gate,Sci-Fi,1
U128,M031,Neon Horizon,Sci-Fi,3
U263,M026,Broken Compass,Drama,4
U102,M008,Crimson Velocity,Action,4
U137,M044,Love at First Flight,Romance,5
U141,M049,Midnight Serenade,Romance,5
U156,M047,"Two Hearts, One City",Romance,3
U103,M029,Fractured Light,Drama,5
U151,M004,Blackout Squad,Action,4
U124,M041,Autumn in Paris,Romance,5
U313,M030,Where We Belong,Drama,5
U357,M002,Midnight Pursuit,Action,5
U198,M044,Love at First Flight,Romance,4
U359,M036,Synthetic Dawn,Sci-Fi,4
U149,M044,Love at First Flight,Romance,5
U258,M032,The Quantum Divide,Sci-Fi,5
U198,M050,Falling for You Again,Romance,3
U181,M026,Broken Compass,Drama,5
U126,M028,The Weight of Silence,Drama,3
U103,M012,Office Chaos,Comedy,4
U108,M016,Dog Sitter Diaries,Comedy,5
U285,M023,Letters Unsent,Drama,5
U183,M050,Falling for You Again,Romance,5
U275,M026,Broken Compass,Drama,5
U273,M029,Fractured Light,Drama,5
U188,M043,Second Chances,Romance,4
U334,M026,Broken Compass,Drama,5
U276,M045,The Wedding Planner's Heart,Romance,5
U320,M001,Steel Vendetta,Action,5
U239,M015,The Interview Trap,Comedy,3
U233,M021,Quiet Waters,Drama,1
U185,M044,Love at First Flight,Romance,4
U251,M004,Blackout Squad,Action,1
U323,M027,Sunday's Child,Drama,4
U371,M007,Last Stand Alpha,Action,4
U141,M047,"Two Hearts, One City",Romance,4
U274,M049,Midnight Serenade,Romance,5
U308,M012,Office Chaos,Comedy,5
U210,M017,Vacation Gone Wrong,Comedy,5
U300,M030,Where We Belong,Drama,5
U356,M049,Midnight Serenade,Romance,5
U148,M021,Quiet Waters,Drama,4
U214,M043,Second Chances,Romance,2
U330,M018,The Prank War,Comedy,3
U340,M004,Blackout Squad,Action,5
U104,M005,Apex Strike,Action,2
U372,M001,Steel Vendetta,Action,4
U153,M026,Broken Compass,Drama,4
U106,M057,The Cellar Door,Horror,3
U153,M018,The Prank War,Comedy,1
U243,M048,The Summer We Met,Romance,4
U122,M017,Vacation Gone Wrong,Comedy,5
U230,M056,Shadow Creek,Horror,3
U127,M050,Falling for You Again,Romance,5
U170,M009,Ghost Payload,Action,2
U248,M040,Mars Protocol,Sci-Fi,4
U252,M060,Cursed Static,Horror,4
U327,M035,The Last Signal,Sci-Fi,4
U159,M045,The Wedding Planner's Heart,Romance,4
U265,M042,The Coffee Shop Letters,Romance,4
U365,M011,The Wedding Disaster,Comedy,3
U103,M004,Blackout Squad,Action,4
U266,M052,Whispers in the Attic,Horror,4
U116,M035,The Last Signal,Sci-Fi,5
U213,M035,The Last Signal,Sci-Fi,4
U261,M037,Beyond the Rift,Sci-Fi,4
U301,M053,The Hollow House,Horror,4
U104,M027,Sunday's Child,Drama,4
U242,M030,Where We Belong,Drama,3
U319,M041,Autumn in Paris,Romance,4
U333,M050,Falling for You Again,Romance,5
U271,M004,Blackout Squad,Action,5
U111,M023,Letters Unsent,Drama,3
U162,M023,Letters Unsent,Drama,5
U267,M011,The Wedding Disaster,Comedy,4
U263,M029,Fractured Light,Drama,4
U159,M043,Second Chances,Romance,5
U142,M050,Falling for You Again,Romance,5
U179,M043,Second Chances,Romance,4
U325,M004,Blackout Squad,Action,2
U113,M030,Where We Belong,Drama,4
U120,M034,Echoes of Andromeda,Sci-Fi,4
U202,M049,Midnight Serenade,Romance,4
U254,M039,The Singularity Gate,Sci-Fi,3
U136,M003,Iron Protocol,Action,1
U292,M035,The Last Signal,Sci-Fi,4
U324,M047,"Two Hearts, One City",Romance,4
U204,M047,"Two Hearts, One City",Romance,4
U320,M006,Rogue Circuit,Action,4
U264,M030,Where We Belong,Drama,4
U202,M046,Rainy Day Promises,Romance,4
U397,M024,A Winter's Promise,Drama,3
U315,M020,Suburban Mayhem,Comedy,3
U390,M041,Autumn in Paris,Romance,5
U265,M021,Quiet Waters,Drama,4
U134,M052,Whispers in the Attic,Horror,5
U263,M022,The Inheritance,Drama,4
U145,M057,The Cellar Door,Horror,4
U324,M029,Fractured Light,Drama,2
U334,M043,Second Chances,Romance,3
U385,M053,The Hollow House,Horror,5
U371,M006,Rogue Circuit,Action,5
U289,M012,Office Chaos,Comedy,3
U240,M025,The Long Goodbye,Drama,3
U159,M048,The Summer We Met,Romance,4
U131,M011,The Wedding Disaster,Comedy,4
U119,M017,Vacation Gone Wrong,Comedy,1
U356,M047,"Two Hearts, One City",Romance,3
U252,M023,Letters Unsent,Drama,4
U121,M023,Letters Unsent,Drama,4
U160,M054,Nightfall Manor,Horror,4
U265,M050,Falling for You Again,Romance,4
U134,M058,Haunted Hollow,Horror,3
U153,M028,The Weight of Silence,Drama,4
U120,M035,The Last Signal,Sci-Fi,3
U269,M001,Steel Vendetta,Action,4
U220,M032,The Quantum Divide,Sci-Fi,3
U264,M026,Broken Compass,Drama,5
U260,M012,Office Chaos,Comedy,3
U358,M012,Office Chaos,Comedy,5
U353,M012,Office Chaos,Comedy,5
U371,M002,Midnight Pursuit,Action,5
U136,M013,Roommates Anonymous,Comedy,4
U213,M027,Sunday's Child,Drama,5
U156,M017,Vacation Gone Wrong,Comedy,4
U335,M046,Rainy Day Promises,Romance,4
U357,M010,Titan Fall Zero,Action,5
U257,M032,The Quantum Divide,Sci-Fi,4
U245,M051,The Basement,Horror,5
U345,M056,Shadow Creek,Horror,4
U190,M025,The Long Goodbye,Drama,5
U106,M005,Apex Strike,Action,3
U338,M015,The Interview Trap,Comedy,3
U310,M011,The Wedding Disaster,Comedy,4
U212,M054,Nightfall Manor,Horror,4
U318,M029,Fractured Light,Drama,4
U244,M051,The Basement,Horror,4
U227,M015,The Interview Trap,Comedy,3
U312,M044,Love at First Flight,Romance,4
U253,M013,Roommates Anonymous,Comedy,4
U137,M046,Rainy Day Promises,Romance,5
U141,M021,Quiet Waters,Drama,4
U355,M018,The Prank War,Comedy,2
U132,M008,Crimson Velocity,Action,5
U130,M025,The Long Goodbye,Drama,4
U339,M032,The Quantum Divide,Sci-Fi,4
U265,M024,A Winter's Promise,Drama,4
U225,M019,Blind Date Bingo,Comedy,5
U384,M049,Midnight Serenade,Romance,4
U154,M027,Sunday's Child,Drama,4
U370,M019,Blind Date Bingo,Comedy,5
U322,M043,Second Chances,Romance,5
U195,M048,The Summer We Met,Romance,3
U104,M013,Roommates Anonymous,Comedy,5
U166,M052,Whispers in the Attic,Horror,4
U372,M003,Iron Protocol,Action,5
U343,M043,Second Chances,Romance,4
U197,M046,Rainy Day Promises,Romance,4
U118,M009,Ghost Payload,Action,4
U268,M010,Titan Fall Zero,Action,4
U129,M024,A Winter's Promise,Drama,4
U238,M027,Sunday's Child,Drama,5
U367,M025,The Long Goodbye,Drama,4
U385,M056,Shadow Creek,Horror,4
U356,M012,Office Chaos,Comedy,4
U365,M003,Iron Protocol,Action,3
U322,M039,The Singularity Gate,Sci-Fi,4
U100,M045,The Wedding Planner's Heart,Romance,2
U293,M044,Love at First Flight,Romance,2
U248,M059,The Night Watcher,Horror,2
U239,M018,The Prank War,Comedy,3
U155,M043,Second Chances,Romance,4
U120,M043,Second Chances,Romance,4
U326,M003,Iron Protocol,Action,2
U223,M052,Whispers in the Attic,Horror,2
U131,M013,Roommates Anonymous,Comedy,4
U221,M021,Quiet Waters,Drama,4
U328,M009,Ghost Payload,Action,5
U172,M025,The Long Goodbye,Drama,5
U374,M023,Letters Unsent,Drama,4
U347,M014,Family Reunion Fiasco,Comedy,3
U294,M059,The Night Watcher,Horror,4
U256,M008,Crimson Velocity,Action,4
U335,M051,The Basement,Horror,4
U194,M053,The Hollow House,Horror,4
U331,M052,Whispers in the Attic,Horror,4
U298,M023,Letters Unsent,Drama,4
U249,M003,Iron Protocol,Action,4
U158,M032,The Quantum Divide,Sci-Fi,3
U103,M001,Steel Vendetta,Action,4
U167,M033,Colony Seven,Sci-Fi,4
U314,M048,The Summer We Met,Romance,4
U142,M048,The Summer We Met,Romance,5
U311,M050,Falling for You Again,Romance,4
U347,M020,Suburban Mayhem,Comedy,3
U310,M006,Rogue Circuit,Action,2
U205,M049,Midnight Serenade,Romance,5
U188,M044,Love at First Flight,Romance,4
U180,M046,Rainy Day Promises,Romance,4
U129,M023,Letters Unsent,Drama,4
U153,M022,The Inheritance,Drama,5
U332,M010,Titan Fall Zero,Action,5
U127,M048,The Summer We Met,Romance,4
U175,M026,Broken Compass,Drama,4
U319,M026,Broken Compass,Drama,1
U315,M014,Family Reunion Fiasco,Comedy,3
U204,M042,The Coffee Shop Letters,Romance,4
U180,M055,The Uninvited Guest,Horror,4
U332,M009,Ghost Payload,Action,5
U137,M041,Autumn in Paris,Romance,5
U355,M009,Ghost Payload,Action,3
U208,M022,The Inheritance,Drama,5
U358,M015,The Interview Trap,Comedy,5
U218,M030,Where We Belong,Drama,3
U197,M035,The Last Signal,Sci-Fi,4
U260,M060,Cursed Static,Horror,5
U219,M010,Titan Fall Zero,Action,4
U381,M021,Quiet Waters,Drama,3
U196,M053,The Hollow House,Horror,2
U229,M033,Colony Seven,Sci-Fi,3
U197,M001,Steel Vendetta,Action,1
U373,M052,Whispers in the Attic,Horror,5
U375,M026,Broken Compass,Drama,4
U326,M041,Autumn in Paris,Romance,5
U105,M060,Cursed Static,Horror,5
U190,M030,Where We Belong,Drama,4
U163,M055,The Uninvited Guest,Horror,4
U240,M054,Nightfall Manor,Horror,5
U270,M008,Crimson Velocity,Action,5
U309,M048,The Summer We Met,Romance,5
U358,M039,The Singularity Gate,Sci-Fi,4
U261,M060,Cursed Static,Horror,3
U110,M040,Mars Protocol,Sci-Fi,5
U188,M033,Colony Seven,Sci-Fi,4
U173,M001,Steel Vendetta,Action,4
U172,M029,Fractured Light,Drama,5
U164,M023,Letters Unsent,Drama,5
U217,M010,Titan Fall Zero,Action,5
U193,M035,The Last Signal,Sci-Fi,4
U139,M040,Mars Protocol,Sci-Fi,4
U395,M036,Synthetic Dawn,Sci-Fi,4
U285,M021,Quiet Waters,Drama,5
U253,M007,Last Stand Alpha,Action,4
U288,M017,Vacation Gone Wrong,Comedy,3
U250,M006,Rogue Circuit,Action,3
U207,M001,Steel Vendetta,Action,3
U169,M034,Echoes of Andromeda,Sci-Fi,4
U164,M028,The Weight of Silence,Drama,4
U391,M012,Office Chaos,Comedy,4
U296,M021,Quiet Waters,Drama,4
U227,M055,The Uninvited Guest,Horror,4
U353,M020,Suburban Mayhem,Comedy,4
U351,M033,Colony Seven,Sci-Fi,3
U347,M025,The Long Goodbye,Drama,4
U152,M021,Quiet Waters,Drama,5
U113,M050,Falling for You Again,Romance,5
U102,M047,"Two Hearts, One City",Romance,3
U385,M008,Crimson Velocity,Action,2
U156,M013,Roommates Anonymous,Comedy,4
U106,M053,The Hollow House,Horror,4
U394,M009,Ghost Payload,Action,5
U193,M021,Quiet Waters,Drama,4
U325,M035,The Last Signal,Sci-Fi,3
U377,M059,The Night Watcher,Horror,4
U376,M045,The Wedding Planner's Heart,Romance,5
U238,M030,Where We Belong,Drama,5
U189,M041,Autumn in Paris,Romance,5
U202,M034,Echoes of Andromeda,Sci-Fi,4
U117,M010,Titan Fall Zero,Action,4
U140,M001,Steel Vendetta,Action,4
U227,M048,The Summer We Met,Romance,3
U139,M034,Echoes of Andromeda,Sci-Fi,4
U344,M035,The Last Signal,Sci-Fi,5
U241,M006,Rogue Circuit,Action,4
U207,M031,Neon Horizon,Sci-Fi,5
U216,M022,The Inheritance,Drama,4
U284,M022,The Inheritance,Drama,5
U368,M045,The Wedding Planner's Heart,Romance,4
U259,M048,The Summer We Met,Romance,4
U218,M010,Titan Fall Zero,Action,4
U193,M048,The Summer We Met,Romance,2
U307,M052,Whispers in the Attic,Horror,4
U385,M037,Beyond the Rift,Sci-Fi,4
U330,M024,A Winter's Promise,Drama,5
U209,M054,Nightfall Manor,Horror,3
U270,M005,Apex Strike,Action,5
U347,M055,The Uninvited Guest,Horror,2
U227,M043,Second Chances,Romance,4
U192,M052,Whispers in the Attic,Horror,5
U218,M012,Office Chaos,Comedy,4
U328,M027,Sunday's Child,Drama,2
U297,M006,Rogue Circuit,Action,5
U174,M043,Second Chances,Romance,5
U338,M002,Midnight Pursuit,Action,3
U304,M024,A Winter's Promise,Drama,5
U158,M058,Haunted Hollow,Horror,1
U308,M059,The Night Watcher,Horror,4
U119,M015,The Interview Trap,Comedy,4
U157,M008,Crimson Velocity,Action,5
U399,M001,Steel Vendetta,Action,3
U189,M042,The Coffee Shop Letters,Romance,4
U353,M019,Blind Date Bingo,Comedy,4
U289,M005,Apex Strike,Action,2
U329,M027,Sunday's Child,Drama,3
U193,M027,Sunday's Child,Drama,5
U182,M010,Titan Fall Zero,Action,5
U265,M030,Where We Belong,Drama,4
U182,M006,Rogue Circuit,Action,5
U303,M001,Steel Vendetta,Action,3
U190,M023,Letters Unsent,Drama,5
U215,M016,Dog Sitter Diaries,Comedy,4
U326,M049,Midnight Serenade,Romance,5
U330,M027,Sunday's Child,Drama,4
U339,M033,Colony Seven,Sci-Fi,5
U343,M038,Parallel Code,Sci-Fi,4
U342,M027,Sunday's Child,Drama,5
U169,M021,Quiet Waters,Drama,5
U111,M054,Nightfall Manor,Horror,5
U393,M016,Dog Sitter Diaries,Comedy,5
U166,M037,Beyond the Rift,Sci-Fi,2
U315,M011,The Wedding Disaster,Comedy,5
U156,M019,Blind Date Bingo,Comedy,4
U382,M047,"Two Hearts, One City",Romance,5
U293,M059,The Night Watcher,Horror,2
U121,M017,Vacation Gone Wrong,Comedy,3
U105,M055,The Uninvited Guest,Horror,5
U293,M027,Sunday's Child,Drama,4
U131,M020,Suburban Mayhem,Comedy,3
U350,M013,Roommates Anonymous,Comedy,5
U270,M027,Sunday's Child,Drama,2
U338,M057,The Cellar Door,Horror,3
U377,M051,The Basement,Horror,2
U131,M027,Sunday's Child,Drama,2
U205,M042,The Coffee Shop Letters,Romance,5
U346,M042,The Coffee Shop Letters,Romance,4
U245,M053,The Hollow House,Horror,5
U147,M038,Parallel Code,Sci-Fi,1
U262,M022,The Inheritance,Drama,4
U199,M037,Beyond the Rift,Sci-Fi,4
U238,M022,The Inheritance,Drama,4
U167,M054,Nightfall Manor,Horror,3
U355,M031,Neon Horizon,Sci-Fi,4
U390,M043,Second Chances,Romance,3
U278,M058,Haunted Hollow,Horror,5
U218,M020,Suburban Mayhem,Comedy,4
U102,M039,The Singularity Gate,Sci-Fi,4
U309,M009,Ghost Payload,Action,5
U348,M043,Second Chances,Romance,5
U264,M027,Sunday's Child,Drama,5
U357,M008,Crimson Velocity,Action,5
U176,M017,Vacation Gone Wrong,Comedy,4
U220,M025,The Long Goodbye,Drama,4
U186,M035,The Last Signal,Sci-Fi,2
U315,M023,Letters Unsent,Drama,3
U271,M052,Whispers in the Attic,Horror,4
U328,M039,The Singularity Gate,Sci-Fi,5
U294,M041,Autumn in Paris,Romance,2
U244,M047,"Two Hearts, One City",Romance,2
U153,M031,Neon Horizon,Sci-Fi,5
U317,M009,Ghost Payload,Action,5
U336,M037,Beyond the Rift,Sci-Fi,4
U157,M004,Blackout Squad,Action,3
U132,M036,Synthetic Dawn,Sci-Fi,4
U343,M018,The Prank War,Comedy,4
U216,M010,Titan Fall Zero,Action,4
U226,M008,Crimson Velocity,Action,4
U164,M025,The Long Goodbye,Drama,4
U149,M011,The Wedding Disaster,Comedy,4
U109,M008,Crimson Velocity,Action,4
U133,M003,Iron Protocol,Action,1
U336,M038,Parallel Code,Sci-Fi,4
U224,M056,Shadow Creek,Horror,4
U332,M008,Crimson Velocity,Action,5
U305,M015,The Interview Trap,Comedy,4
U393,M004,Blackout Squad,Action,1
U106,M052,Whispers in the Attic,Horror,3
U324,M007,Last Stand Alpha,Action,4
U398,M019,Blind Date Bingo,Comedy,5
U260,M013,Roommates Anonymous,Comedy,3
U159,M023,Letters Unsent,Drama,3
U298,M017,Vacation Gone Wrong,Comedy,3
U225,M014,Family Reunion Fiasco,Comedy,3
U101,M013,Roommates Anonymous,Comedy,2
U288,M032,The Quantum Divide,Sci-Fi,3
U122,M022,The Inheritance,Drama,4
U182,M042,The Coffee Shop Letters,Romance,3
U192,M037,Beyond the Rift,Sci-Fi,4
U211,M024,A Winter's Promise,Drama,4
U378,M008,Crimson Velocity,Action,5
U378,M002,Midnight Pursuit,Action,4
U311,M007,Last Stand Alpha,Action,4
U392,M051,The Basement,Horror,3
U220,M021,Quiet Waters,Drama,5
U288,M009,Ghost Payload,Action,3
U311,M005,Apex Strike,Action,4
U385,M055,The Uninvited Guest,Horror,5
U228,M031,Neon Horizon,Sci-Fi,4
U166,M051,The Basement,Horror,5
U269,M007,Last Stand Alpha,Action,4
U169,M036,Synthetic Dawn,Sci-Fi,3
U139,M031,Neon Horizon,Sci-Fi,3
U277,M006,Rogue Circuit,Action,4
U234,M052,Whispers in the Attic,Horror,2
U126,M027,Sunday's Child,Drama,4
U319,M056,Shadow Creek,Horror,5
U338,M022,The Inheritance,Drama,2
U140,M046,Rainy Day Promises,Romance,3
U203,M059,The Night Watcher,Horror,4
U179,M007,Last Stand Alpha,Action,4
U318,M026,Broken Compass,Drama,5
U378,M018,The Prank War,Comedy,3
U378,M010,Titan Fall Zero,Action,5
U317,M010,Titan Fall Zero,Action,4
U353,M016,Dog Sitter Diaries,Comedy,5
U398,M041,Autumn in Paris,Romance,4
U234,M050,Falling for You Again,Romance,3
U299,M057,The Cellar Door,Horror,4
U235,M012,Office Chaos,Comedy,5
U259,M027,Sunday's Child,Drama,3
U127,M047,"Two Hearts, One City",Romance,5
U384,M021,Quiet Waters,Drama,4
U201,M016,Dog Sitter Diaries,Comedy,3
U225,M033,Colony Seven,Sci-Fi,4
U143,M028,The Weight of Silence,Drama,4
U284,M026,Broken Compass,Drama,5
U292,M032,The Quantum Divide,Sci-Fi,4
U295,M052,Whispers in the Attic,Horror,2
U273,M042,The Coffee Shop Letters,Romance,3
U328,M024,A Winter's Promise,Drama,3
U194,M058,Haunted Hollow,Horror,4
U364,M053,The Hollow House,Horror,4
U335,M049,Midnight Serenade,Romance,4
U174,M050,Falling for You Again,Romance,5
U234,M032,The Quantum Divide,Sci-Fi,2
U264,M025,The Long Goodbye,Drama,3
U178,M028,The Weight of Silence,Drama,2
U341,M024,A Winter's Promise,Drama,2
U184,M039,The Singularity Gate,Sci-Fi,5
U364,M003,Iron Protocol,Action,3
U311,M049,Midnight Serenade,Romance,4
U395,M025,The Long Goodbye,Drama,3
U177,M014,Family Reunion Fiasco,Comedy,5
U227,M047,"Two Hearts, One City",Romance,3
U112,M041,Autumn in Paris,Romance,4
U343,M023,Letters Unsent,Drama,2
U375,M033,Colony Seven,Sci-Fi,2
U324,M049,Midnight Serenade,Romance,5
U319,M054,Nightfall Manor,Horror,4
U146,M004,Blackout Squad,Action,1
U213,M028,The Weight of Silence,Drama,5
U155,M007,Last Stand Alpha,Action,5
U193,M031,Neon Horizon,Sci-Fi,5
U169,M039,The Singularity Gate,Sci-Fi,4
U138,M016,Dog Sitter Diaries,Comedy,5
U144,M010,Titan Fall Zero,Action,4
U188,M037,Beyond the Rift,Sci-Fi,3
U186,M024,A Winter's Promise,Drama,4
U321,M002,Midnight Pursuit,Action,4
U140,M007,Last Stand Alpha,Action,4
U150,M043,Second Chances,Romance,5
U354,M037,Beyond the Rift,Sci-Fi,5
U226,M058,Haunted Hollow,Horror,3
U178,M035,The Last Signal,Sci-Fi,4
U247,M019,Blind Date Bingo,Comedy,4
U189,M011,The Wedding Disaster,Comedy,4
U319,M055,The Uninvited Guest,Horror,4
U378,M013,Roommates Anonymous,Comedy,4
U109,M010,Titan Fall Zero,Action,5
U158,M033,Colony Seven,Sci-Fi,3
U373,M037,Beyond the Rift,Sci-Fi,4
U251,M017,Vacation Gone Wrong,Comedy,5
U183,M054,Nightfall Manor,Horror,3
U237,M001,Steel Vendetta,Action,3
U164,M030,Where We Belong,Drama,5
U109,M035,The Last Signal,Sci-Fi,4
U152,M027,Sunday's Child,Drama,5
U370,M012,Office Chaos,Comedy,3
U365,M055,The Uninvited Guest,Horror,3
U392,M033,Colony Seven,Sci-Fi,3
U150,M046,Rainy Day Promises,Romance,4
U128,M040,Mars Protocol,Sci-Fi,5
U121,M024,A Winter's Promise,Drama,4
U308,M056,Shadow Creek,Horror,5
U329,M028,The Weight of Silence,Drama,2
U322,M038,Parallel Code,Sci-Fi,3
U325,M011,The Wedding Disaster,Comedy,4
U103,M009,Ghost Payload,Action,5
U374,M030,Where We Belong,Drama,3
U177,M007,Last Stand Alpha,Action,4
U168,M005,Apex Strike,Action,5
U160,M060,Cursed Static,Horror,5
U194,M025,The Long Goodbye,Drama,3
U187,M013,Roommates Anonymous,Comedy,5
U100,M007,Last Stand Alpha,Action,5
U335,M023,Letters Unsent,Drama,3
U222,M027,Sunday's Child,Drama,3
U341,M034,Echoes of Andromeda,Sci-Fi,3
U277,M043,Second Chances,Romance,3
U334,M025,The Long Goodbye,Drama,4
U386,M002,Midnight Pursuit,Action,4
U293,M026,Broken Compass,Drama,5
U335,M017,Vacation Gone Wrong,Comedy,4
U183,M047,"Two Hearts, One City",Romance,3
U165,M016,Dog Sitter Diaries,Comedy,4
U153,M041,Autumn in Paris,Romance,2
U230,M037,Beyond the Rift,Sci-Fi,5
U280,M059,The Night Watcher,Horror,4
U303,M005,Apex Strike,Action,3
U281,M008,Crimson Velocity,Action,4
U268,M026,Broken Compass,Drama,5
U188,M047,"Two Hearts, One City",Romance,4
U351,M027,Sunday's Child,Drama,4
U145,M054,Nightfall Manor,Horror,3
U103,M024,A Winter's Promise,Drama,5
U166,M053,The Hollow House,Horror,5
U252,M021,Quiet Waters,Drama,3
U314,M040,Mars Protocol,Sci-Fi,4
U238,M026,Broken Compass,Drama,5
U165,M012,Office Chaos,Comedy,4
U186,M009,Ghost Payload,Action,5
U190,M022,The Inheritance,Drama,4
U295,M010,Titan Fall Zero,Action,4
U245,M056,Shadow Creek,Horror,4
U175,M045,The Wedding Planner's Heart,Romance,3
U308,M047,"Two Hearts, One City",Romance,4
U132,M002,Midnight Pursuit,Action,4
U299,M010,Titan Fall Zero,Action,3
U282,M022,The Inheritance,Drama,3
U101,M043,Second Chances,Romance,3
U154,M022,The Inheritance,Drama,5
U102,M038,Parallel Code,Sci-Fi,4
U327,M054,Nightfall Manor,Horror,2
U381,M028,The Weight of Silence,Drama,5
U322,M044,Love at First Flight,Romance,5
U141,M048,The Summer We Met,Romance,4
U289,M022,The Inheritance,Drama,4
U171,M042,The Coffee Shop Letters,Romance,3
U239,M022,The Inheritance,Drama,5
U244,M037,Beyond the Rift,Sci-Fi,2
U142,M045,The Wedding Planner's Heart,Romance,5
U317,M007,Last Stand Alpha,Action,5
U229,M039,The Singularity Gate,Sci-Fi,4
U392,M023,Letters Unsent,Drama,2
U340,M009,Ghost Payload,Action,4
U350,M012,Office Chaos,Comedy,4
U120,M031,Neon Horizon,Sci-Fi,4
U345,M010,Titan Fall Zero,Action,4
U161,M052,Whispers in the Attic,Horror,5
U209,M041,Autumn in Paris,Romance,5
U297,M004,Blackout Squad,Action,5
U112,M042,The Coffee Shop Letters,Romance,3
U331,M056,Shadow Creek,Horror,4
U228,M029,Fractured Light,Drama,3
U324,M040,Mars Protocol,Sci-Fi,2
U359,M014,Family Reunion Fiasco,Comedy,4
U149,M045,The Wedding Planner's Heart,Romance,5
U310,M027,Sunday's Child,Drama,2
U386,M007,Last Stand Alpha,Action,4
U203,M055,The Uninvited Guest,Horror,3
U145,M016,Dog Sitter Diaries,Comedy,3
U392,M034,Echoes of Andromeda,Sci-Fi,2
U233,M037,Beyond the Rift,Sci-Fi,5
U237,M043,Second Chances,Romance,4
U258,M049,Midnight Serenade,Romance,3
U110,M033,Colony Seven,Sci-Fi,5
U356,M045,The Wedding Planner's Heart,Romance,5
U396,M059,The Night Watcher,Horror,5
U253,M019,Blind Date Bingo,Comedy,4
U329,M015,The Interview Trap,Comedy,4
U176,M024,A Winter's Promise,Drama,2
U396,M053,The Hollow House,Horror,4
U115,M018,The Prank War,Comedy,3
U188,M029,Fractured Light,Drama,3
U177,M010,Titan Fall Zero,Action,5
U155,M003,Iron Protocol,Action,4
U370,M013,Roommates Anonymous,Comedy,4
U148,M029,Fractured Light,Drama,3
U114,M044,Love at First Flight,Romance,4
U124,M040,Mars Protocol,Sci-Fi,2
U297,M060,Cursed Static,Horror,1
U374,M050,Falling for You Again,Romance,4
U182,M003,Iron Protocol,Action,5
U380,M015,The Interview Trap,Comedy,4
U386,M009,Ghost Payload,Action,5
U299,M052,Whispers in the Attic,Horror,5
U183,M015,The Interview Trap,Comedy,2
U296,M023,Letters Unsent,Drama,5
U269,M005,Apex Strike,Action,5
U196,M013,Roommates Anonymous,Comedy,5
U350,M006,Rogue Circuit,Action,4
U101,M038,Parallel Code,Sci-Fi,2
U341,M026,Broken Compass,Drama,3
U397,M022,The Inheritance,Drama,5
U143,M023,Letters Unsent,Drama,3
U152,M030,Where We Belong,Drama,4
U366,M036,Synthetic Dawn,Sci-Fi,4
U336,M036,Synthetic Dawn,Sci-Fi,5
U370,M028,The Weight of Silence,Drama,2
U215,M044,Love at First Flight,Romance,4
U174,M058,Haunted Hollow,Horror,4
U325,M045,The Wedding Planner's Heart,Romance,5
U279,M024,A Winter's Promise,Drama,4
U162,M025,The Long Goodbye,Drama,5
U358,M017,Vacation Gone Wrong,Comedy,5
U118,M051,The Basement,Horror,4
U259,M044,Love at First Flight,Romance,5
U358,M037,Beyond the Rift,Sci-Fi,4
U236,M027,Sunday's Child,Drama,4
U292,M039,The Singularity Gate,Sci-Fi,4
U395,M032,The Quantum Divide,Sci-Fi,3
U365,M039,The Singularity Gate,Sci-Fi,5
U274,M043,Second Chances,Romance,4
U260,M020,Suburban Mayhem,Comedy,4
U228,M038,Parallel Code,Sci-Fi,4
U316,M005,Apex Strike,Action,4
U181,M012,Office Chaos,Comedy,3
U137,M039,The Singularity Gate,Sci-Fi,4
U174,M044,Love at First Flight,Romance,4
U396,M056,Shadow Creek,Horror,4
U311,M001,Steel Vendetta,Action,3
U387,M001,Steel Vendetta,Action,4
U151,M011,The Wedding Disaster,Comedy,5
U375,M022,The Inheritance,Drama,3
U194,M016,Dog Sitter Diaries,Comedy,2
U189,M044,Love at First Flight,Romance,4
U209,M049,Midnight Serenade,Romance,4
U367,M030,Where We Belong,Drama,5
U217,M004,Blackout Squad,Action,5
U391,M014,Family Reunion Fiasco,Comedy,4
U200,M008,Crimson Velocity,Action,3
U385,M040,Mars Protocol,Sci-Fi,3
U320,M009,Ghost Payload,Action,5
U222,M037,Beyond the Rift,Sci-Fi,4
U112,M050,Falling for You Again,Romance,5
U229,M038,Parallel Code,Sci-Fi,4
U174,M047,"Two Hearts, One City",Romance,5
U349,M004,Blackout Squad,Action,4
U322,M036,Synthetic Dawn,Sci-Fi,3
U390,M047,"Two Hearts, One City",Romance,5
U168,M007,Last Stand Alpha,Action,4
U246,M013,Roommates Anonymous,Comedy,2
U328,M031,Neon Horizon,Sci-Fi,5
U243,M029,Fractured Light,Drama,5
U268,M046,Rainy Day Promises,Romance,3
U107,M043,Second Chances,Romance,4
U381,M023,Letters Unsent,Drama,4
U299,M008,Crimson Velocity,Action,4
U346,M019,Blind Date Bingo,Comedy,2
U354,M038,Parallel Code,Sci-Fi,4
U120,M040,Mars Protocol,Sci-Fi,4
U108,M013,Roommates Anonymous,Comedy,5
U211,M044,Love at First Flight,Romance,4
U211,M042,The Coffee Shop Letters,Romance,4
U226,M007,Last Stand Alpha,Action,3
U146,M029,Fractured Light,Drama,5
U149,M047,"Two Hearts, One City",Romance,5
U229,M007,Last Stand Alpha,Action,3
U346,M046,Rainy Day Promises,Romance,4
U261,M040,Mars Protocol,Sci-Fi,4
U268,M030,Where We Belong,Drama,3
U132,M007,Last Stand Alpha,Action,5
U189,M018,The Prank War,Comedy,4
U272,M057,The Cellar Door,Horror,3
U321,M052,Whispers in the Attic,Horror,3
U227,M052,Whispers in the Attic,Horror,5
U345,M002,Midnight Pursuit,Action,4
U378,M015,The Interview Trap,Comedy,4
U258,M034,Echoes of Andromeda,Sci-Fi,4
U336,M016,Dog Sitter Diaries,Comedy,3
U383,M022,The Inheritance,Drama,4
U340,M006,Rogue Circuit,Action,4
U136,M025,The Long Goodbye,Drama,3
U277,M001,Steel Vendetta,Action,4
U202,M044,Love at First Flight,Romance,4
U327,M036,Synthetic Dawn,Sci-Fi,4
U257,M035,The Last Signal,Sci-Fi,4
U168,M010,Titan Fall Zero,Action,5
U390,M053,The Hollow House,Horror,2
U149,M043,Second Chances,Romance,5
U285,M002,Midnight Pursuit,Action,4
U374,M022,The Inheritance,Drama,4
U235,M015,The Interview Trap,Comedy,5
U121,M008,Crimson Velocity,Action,4
U225,M032,The Quantum Divide,Sci-Fi,4
U360,M042,The Coffee Shop Letters,Romance,4
U210,M037,Beyond the Rift,Sci-Fi,3
U268,M028,The Weight of Silence,Drama,5
U251,M011,The Wedding Disaster,Comedy,4
U295,M030,Where We Belong,Drama,2
U236,M032,The Quantum Divide,Sci-Fi,4
U151,M012,Office Chaos,Comedy,4
U398,M020,Suburban Mayhem,Comedy,4
U283,M047,"Two Hearts, One City",Romance,5
U301,M058,Haunted Hollow,Horror,4
U381,M029,Fractured Light,Drama,3
U250,M051,The Basement,Horror,3
U329,M016,Dog Sitter Diaries,Comedy,4
U138,M017,Vacation Gone Wrong,Comedy,5
U239,M024,A Winter's Promise,Drama,4
U231,M039,The Singularity Gate,Sci-Fi,5
U324,M056,Shadow Creek,Horror,3
U348,M039,The Singularity Gate,Sci-Fi,4
U111,M059,The Night Watcher,Horror,5
U217,M051,The Basement,Horror,3
U252,M028,The Weight of Silence,Drama,5
U205,M047,"Two Hearts, One City",Romance,5
U289,M014,Family Reunion Fiasco,Comedy,4
U392,M056,Shadow Creek,Horror,4
U330,M035,The Last Signal,Sci-Fi,4
U317,M051,The Basement,Horror,4
U152,M031,Neon Horizon,Sci-Fi,2
U235,M044,Love at First Flight,Romance,3
U364,M031,Neon Horizon,Sci-Fi,4
U295,M002,Midnight Pursuit,Action,4
U362,M030,Where We Belong,Drama,3
U114,M058,Haunted Hollow,Horror,4
U188,M046,Rainy Day Promises,Romance,5
U352,M018,The Prank War,Comedy,4
U148,M042,The Coffee Shop Letters,Romance,5
U268,M002,Midnight Pursuit,Action,3
U316,M008,Crimson Velocity,Action,5
U247,M018,The Prank War,Comedy,5
U333,M046,Rainy Day Promises,Romance,4
U115,M047,"Two Hearts, One City",Romance,4
U326,M012,Office Chaos,Comedy,3
U278,M059,The Night Watcher,Horror,5
U123,M051,The Basement,Horror,4
U160,M049,Midnight Serenade,Romance,3
U132,M003,Iron Protocol,Action,4
U110,M023,Letters Unsent,Drama,3
U351,M013,Roommates Anonymous,Comedy,3
U116,M031,Neon Horizon,Sci-Fi,4
U371,M031,Neon Horizon,Sci-Fi,4
U165,M014,Family Reunion Fiasco,Comedy,5
U276,M043,Second Chances,Romance,4
U210,M039,The Singularity Gate,Sci-Fi,2
U231,M038,Parallel Code,Sci-Fi,5
U228,M059,The Night Watcher,Horror,3
U391,M054,Nightfall Manor,Horror,2
U230,M013,Roommates Anonymous,Comedy,4
U390,M045,The Wedding Planner's Heart,Romance,4
U189,M016,Dog Sitter Diaries,Comedy,4
U226,M028,The Weight of Silence,Drama,3
U368,M038,Parallel Code,Sci-Fi,4
U288,M015,The Interview Trap,Comedy,3
U379,M007,Last Stand Alpha,Action,3
U233,M038,Parallel Code,Sci-Fi,4
U166,M054,Nightfall Manor,Horror,5
U221,M047,"Two Hearts, One City",Romance,4
U273,M046,Rainy Day Promises,Romance,3
U151,M013,Roommates Anonymous,Comedy,4
U100,M002,Midnight Pursuit,Action,5
U265,M045,The Wedding Planner's Heart,Romance,3
U155,M002,Midnight Pursuit,Action,4
U392,M057,The Cellar Door,Horror,4
U330,M032,The Quantum Divide,Sci-Fi,4
U225,M034,Echoes of Andromeda,Sci-Fi,3
U346,M020,Suburban Mayhem,Comedy,2
U367,M003,Iron Protocol,Action,2
U366,M050,Falling for You Again,Romance,2
U378,M001,Steel Vendetta,Action,5
U199,M016,Dog Sitter Diaries,Comedy,3
U384,M026,Broken Compass,Drama,4
U293,M021,Quiet Waters,Drama,5
U216,M024,A Winter's Promise,Drama,5
U240,M056,Shadow Creek,Horror,4
U188,M009,Ghost Payload,Action,4
U355,M004,Blackout Squad,Action,4
U388,M040,Mars Protocol,Sci-Fi,5
U225,M016,Dog Sitter Diaries,Comedy,2
U366,M025,The Long Goodbye,Drama,5
U253,M010,Titan Fall Zero,Action,4
U152,M040,Mars Protocol,Sci-Fi,5
U154,M003,Iron Protocol,Action,1
U197,M037,Beyond the Rift,Sci-Fi,3
U381,M011,The Wedding Disaster,Comedy,3
U124,M058,Haunted Hollow,Horror,3
U152,M001,Steel Vendetta,Action,4
U210,M026,Broken Compass,Drama,4
U213,M060,Cursed Static,Horror,1
U155,M049,Midnight Serenade,Romance,4
U365,M031,Neon Horizon,Sci-Fi,5
U199,M002,Midnight Pursuit,Action,5
U234,M022,The Inheritance,Drama,4
U175,M054,Nightfall Manor,Horror,3
U306,M050,Falling for You Again,Romance,5
U307,M051,The Basement,Horror,5
U200,M049,Midnight Serenade,Romance,5
U208,M027,Sunday's Child,Drama,4
U209,M030,Where We Belong,Drama,1
U354,M036,Synthetic Dawn,Sci-Fi,5
U271,M020,Suburban Mayhem,Comedy,3
U355,M001,Steel Vendetta,Action,4
U215,M032,The Quantum Divide,Sci-Fi,4
U364,M030,Where We Belong,Drama,2
U256,M010,Titan Fall Zero,Action,4
U217,M006,Rogue Circuit,Action,5
U226,M045,The Wedding Planner's Heart,Romance,2
U204,M043,Second Chances,Romance,3
U391,M018,The Prank War,Comedy,5
U393,M018,The Prank War,Comedy,4
U381,M058,Haunted Hollow,Horror,3
U226,M001,Steel Vendetta,Action,4
U181,M028,The Weight of Silence,Drama,3
U162,M022,The Inheritance,Drama,4
U308,M014,Family Reunion Fiasco,Comedy,5
U335,M050,Falling for You Again,Romance,5
U222,M029,Fractured Light,Drama,4
U302,M006,Rogue Circuit,Action,3
U310,M017,Vacation Gone Wrong,Comedy,4
U303,M044,Love at First Flight,Romance,3
U237,M054,Nightfall Manor,Horror,2
U343,M059,The Night Watcher,Horror,2
U355,M052,Whispers in the Attic,Horror,2
U231,M023,Letters Unsent,Drama,3
U191,M048,The Summer We Met,Romance,5
U299,M060,Cursed Static,Horror,4
U182,M001,Steel Vendetta,Action,4
U142,M049,Midnight Serenade,Romance,4
U350,M003,Iron Protocol,Action,4
U227,M046,Rainy Day Promises,Romance,5
U316,M004,Blackout Squad,Action,5
U387,M040,Mars Protocol,Sci-Fi,5
U368,M048,The Summer We Met,Romance,5
U296,M049,Midnight Serenade,Romance,3
U233,M036,Synthetic Dawn,Sci-Fi,4
U247,M011,The Wedding Disaster,Comedy,5
U107,M018,The Prank War,Comedy,2
U179,M044,Love at First Flight,Romance,4
U144,M017,Vacation Gone Wrong,Comedy,5
U355,M036,Synthetic Dawn,Sci-Fi,3
U315,M044,Love at First Flight,Romance,4
U167,M026,Broken Compass,Drama,5
U383,M028,The Weight of Silence,Drama,4
U214,M034,Echoes of Andromeda,Sci-Fi,5
U326,M050,Falling for You Again,Romance,4
U381,M031,Neon Horizon,Sci-Fi,3
U243,M026,Broken Compass,Drama,4
U180,M058,Haunted Hollow,Horror,4
U116,M038,Parallel Code,Sci-Fi,3
U131,M016,Dog Sitter Diaries,Comedy,5
U320,M003,Iron Protocol,Action,5
U167,M038,Parallel Code,Sci-Fi,4
U131,M043,Second Chances,Romance,2
U318,M024,A Winter's Promise,Drama,4
U386,M056,Shadow Creek,Horror,2
U353,M032,The Quantum Divide,Sci-Fi,4
U180,M039,The Singularity Gate,Sci-Fi,2
U308,M010,Titan Fall Zero,Action,1
U214,M035,The Last Signal,Sci-Fi,5
U305,M048,The Summer We Met,Romance,4
U174,M059,The Night Watcher,Horror,4
U220,M024,A Winter's Promise,Drama,4
U314,M021,Quiet Waters,Drama,3
U244,M054,Nightfall Manor,Horror,4
U310,M019,Blind Date Bingo,Comedy,4
U264,M044,Love at First Flight,Romance,5
U163,M002,Midnight Pursuit,Action,2
U232,M040,Mars Protocol,Sci-Fi,2
U383,M027,Sunday's Child,Drama,4
U289,M020,Suburban Mayhem,Comedy,5
U139,M038,Parallel Code,Sci-Fi,4
U341,M025,The Long Goodbye,Drama,3
U339,M047,"Two Hearts, One City",Romance,3
U329,M017,Vacation Gone Wrong,Comedy,5
U161,M045,The Wedding Planner's Heart,Romance,5
U241,M024,A Winter's Promise,Drama,3
U116,M025,The Long Goodbye,Drama,1
U267,M014,Family Reunion Fiasco,Comedy,5
U339,M036,Synthetic Dawn,Sci-Fi,4
U260,M054,Nightfall Manor,Horror,4
U336,M033,Colony Seven,Sci-Fi,4
U274,M047,"Two Hearts, One City",Romance,3
U376,M001,Steel Vendetta,Action,4
U235,M052,Whispers in the Attic,Horror,4
U129,M040,Mars Protocol,Sci-Fi,3
U279,M031,Neon Horizon,Sci-Fi,5
U133,M020,Suburban Mayhem,Comedy,2
U229,M032,The Quantum Divide,Sci-Fi,5
U131,M015,The Interview Trap,Comedy,5
U304,M030,Where We Belong,Drama,4
U216,M028,The Weight of Silence,Drama,5
U189,M049,Midnight Serenade,Romance,4
U342,M005,Apex Strike,Action,4
U215,M031,Neon Horizon,Sci-Fi,4
U308,M016,Dog Sitter Diaries,Comedy,4
U255,M037,Beyond the Rift,Sci-Fi,4
U189,M013,Roommates Anonymous,Comedy,4
U205,M045,The Wedding Planner's Heart,Romance,5
U299,M056,Shadow Creek,Horror,3
U104,M019,Blind Date Bingo,Comedy,4
U258,M042,The Coffee Shop Letters,Romance,3
U191,M044,Love at First Flight,Romance,3
U340,M016,Dog Sitter Diaries,Comedy,3
U138,M039,The Singularity Gate,Sci-Fi,4
U129,M060,Cursed Static,Horror,2
U271,M008,Crimson Velocity,Action,4
U159,M049,Midnight Serenade,Romance,4
U273,M041,Autumn in Paris,Romance,4
U162,M002,Midnight Pursuit,Action,3
U183,M045,The Wedding Planner's Heart,Romance,4
U168,M008,Crimson Velocity,Action,5
U126,M029,Fractured Light,Drama,5
U313,M033,Colony Seven,Sci-Fi,3
U279,M056,Shadow Creek,Horror,2
U179,M009,Ghost Payload,Action,2
U198,M043,Second Chances,Romance,4
U373,M039,The Singularity Gate,Sci-Fi,5
U136,M050,Falling for You Again,Romance,2
U358,M002,Midnight Pursuit,Action,2
U163,M056,Shadow Creek,Horror,4
U278,M020,Suburban Mayhem,Comedy,3
U177,M013,Roommates Anonymous,Comedy,4
U251,M056,Shadow Creek,Horror,1
U116,M029,Fractured Light,Drama,3
U113,M009,Ghost Payload,Action,5
U220,M045,The Wedding Planner's Heart,Romance,3
U314,M046,Rainy Day Promises,Romance,5
U289,M013,Roommates Anonymous,Comedy,4
U155,M006,Rogue Circuit,Action,4
U215,M038,Parallel Code,Sci-Fi,4
U187,M018,The Prank War,Comedy,5
U302,M029,Fractured Light,Drama,4
U367,M024,A Winter's Promise,Drama,3
U179,M046,Rainy Day Promises,Romance,4
U337,M023,Letters Unsent,Drama,4
U367,M021,Quiet Waters,Drama,3
U221,M041,Autumn in Paris,Romance,5
U249,M049,Midnight Serenade,Romance,1
U343,M037,Beyond the Rift,Sci-Fi,5
U272,M055,The Uninvited Guest,Horror,5
U102,M037,Beyond the Rift,Sci-Fi,4
U161,M019,Blind Date Bingo,Comedy,3
U299,M002,Midnight Pursuit,Action,4
U370,M040,Mars Protocol,Sci-Fi,3
U213,M052,Whispers in the Attic,Horror,2
U330,M040,Mars Protocol,Sci-Fi,4
U207,M036,Synthetic Dawn,Sci-Fi,5
U264,M023,Letters Unsent,Drama,5
U205,M023,Letters Unsent,Drama,2
U327,M037,Beyond the Rift,Sci-Fi,5
U302,M027,Sunday's Child,Drama,4
U364,M014,Family Reunion Fiasco,Comedy,2
U318,M040,Mars Protocol,Sci-Fi,5
U256,M034,Echoes of Andromeda,Sci-Fi,4
U119,M029,Fractured Light,Drama,5
U258,M041,Autumn in Paris,Romance,4
U281,M019,Blind Date Bingo,Comedy,2
U147,M055,The Uninvited Guest,Horror,5
U288,M018,The Prank War,Comedy,5
U199,M040,Mars Protocol,Sci-Fi,4
U270,M002,Midnight Pursuit,Action,4
U323,M019,Blind Date Bingo,Comedy,5
U259,M022,The Inheritance,Drama,4
U151,M029,Fractured Light,Drama,1
U375,M025,The Long Goodbye,Drama,4
U347,M021,Quiet Waters,Drama,5
U217,M005,Apex Strike,Action,4
U322,M057,The Cellar Door,Horror,3
U198,M006,Rogue Circuit,Action,3
U382,M049,Midnight Serenade,Romance,4
U245,M006,Rogue Circuit,Action,2
U144,M016,Dog Sitter Diaries,Comedy,2
U395,M035,The Last Signal,Sci-Fi,5
U310,M038,Parallel Code,Sci-Fi,4
U331,M036,Synthetic Dawn,Sci-Fi,2
U115,M017,Vacation Gone Wrong,Comedy,5
U236,M037,Beyond the Rift,Sci-Fi,4
U176,M014,Family Reunion Fiasco,Comedy,4
U312,M011,The Wedding Disaster,Comedy,4
U374,M025,The Long Goodbye,Drama,4
U257,M028,The Weight of Silence,Drama,2
U392,M055,The Uninvited Guest,Horror,4
U299,M009,Ghost Payload,Action,2
U183,M055,The Uninvited Guest,Horror,3
U137,M045,The Wedding Planner's Heart,Romance,5
U382,M042,The Coffee Shop Letters,Romance,5
U324,M044,Love at First Flight,Romance,5
U158,M046,Rainy Day Promises,Romance,5
U276,M050,Falling for You Again,Romance,4
U101,M046,Rainy Day Promises,Romance,5
U361,M020,Suburban Mayhem,Comedy,4
U136,M055,The Uninvited Guest,Horror,4
U191,M049,Midnight Serenade,Romance,5
U278,M055,The Uninvited Guest,Horror,5
U174,M046,Rainy Day Promises,Romance,4
U193,M036,Synthetic Dawn,Sci-Fi,3
U288,M016,Dog Sitter Diaries,Comedy,5
U321,M010,Titan Fall Zero,Action,3
U369,M036,Synthetic Dawn,Sci-Fi,5
U216,M009,Ghost Payload,Action,3
U284,M033,Colony Seven,Sci-Fi,2
U160,M053,The Hollow House,Horror,5
U361,M015,The Interview Trap,Comedy,4
U228,M016,Dog Sitter Diaries,Comedy,4
U110,M036,Synthetic Dawn,Sci-Fi,4
U391,M013,Roommates Anonymous,Comedy,4
U325,M017,Vacation Gone Wrong,Comedy,5
U345,M003,Iron Protocol,Action,5
U366,M023,Letters Unsent,Drama,4
U263,M056,Shadow Creek,Horror,4
U214,M032,The Quantum Divide,Sci-Fi,4
U126,M017,Vacation Gone Wrong,Comedy,3
U195,M034,Echoes of Andromeda,Sci-Fi,3
U137,M035,The Last Signal,Sci-Fi,3
U266,M014,Family Reunion Fiasco,Comedy,4
U225,M036,Synthetic Dawn,Sci-Fi,4
U338,M059,The Night Watcher,Horror,4
U393,M055,The Uninvited Guest,Horror,1
U184,M050,Falling for You Again,Romance,3
U187,M019,Blind Date Bingo,Comedy,4
U199,M033,Colony Seven,Sci-Fi,3
U167,M023,Letters Unsent,Drama,5
U371,M009,Ghost Payload,Action,5
U345,M008,Crimson Velocity,Action,4
