transaction_id,customer_id,transaction_amount,transaction_frequency,transaction_hour,distance_from_usual_location_km,account_age_days
TXN500000,CUST20844,480000,1,8,0.4,1224
TXN500001,CUST20157,23354,1,11,1.2,759
TXN500002,CUST20872,63667,1,17,3.4,949
TXN500003,CUST20395,35539,1,11,2.1,2364
TXN500004,CUST20474,12527,1,19,0.1,3356
TXN500005,CUST20329,23778,2,19,2.6,3947
TXN500006,CUST20382,27311,2,16,3.4,2231
TXN500007,CUST20582,206124,3,16,4.1,1421
TXN500008,CUST20306,23364,1,14,0.4,1256
TXN500009,CUST20745,43396,2,11,4.8,3838
TXN500010,CUST20591,62763,2,19,0.9,590
TXN500011,CUST20214,40914,1,16,0.1,1992
TXN500012,CUST20716,19517,1,14,3.4,2989
TXN500013,CUST20445,97992,2,14,1.9,617
TXN500014,CUST20606,15847,1,10,0.9,1549
TXN500015,CUST20230,480000,1,17,4.4,1501
TXN500016,CUST20460,133905,1,12,1.3,611
TXN500017,CUST20799,29858,1,12,5.2,3777
TXN500018,CUST20823,50430,1,13,0.9,716
TXN500019,CUST20036,282596,2,11,0.8,3090
TXN500020,CUST20158,27707,2,12,0.7,3617
TXN500021,CUST20032,14527,1,15,5.5,732
TXN500022,CUST20276,12877,1,19,0.7,1220
TXN500023,CUST20624,13916,2,16,3.6,2701
TXN500024,CUST20715,34903,1,5,0.7,1830
TXN500025,CUST20160,331929,1,16,4.7,116
TXN500026,CUST20041,78253,1,15,3.3,924
TXN500027,CUST20715,18806,1,16,0.4,1830
TXN500028,CUST20844,473117,1,15,9.5,1224
TXN500029,CUST20419,23042,31,6,0.1,74
TXN500030,CUST20736,111195,1,15,2.1,2486
TXN500031,CUST20395,41853,2,12,8.4,2364
TXN500032,CUST20579,11689,1,13,4.4,961
TXN500033,CUST20748,35384,2,21,5.2,1183
TXN500034,CUST20468,480000,1,15,1.8,478
TXN500035,CUST20487,12426,3,14,5.5,3724
TXN500036,CUST20733,13744,1,20,1.7,361
TXN500037,CUST20370,47733,1,8,9.8,1341
TXN500038,CUST20334,480000,1,18,1.3,1632
TXN500039,CUST20121,25508,1,15,0.9,3348
TXN500040,CUST20642,263016,1,16,0.8,1966
TXN500041,CUST20235,24343,1,18,2.0,284
TXN500042,CUST20583,26668,1,7,0.4,2977
TXN500043,CUST20711,27712,1,15,0.3,1285
TXN500044,CUST20230,359144,3,14,2.2,1501
TXN500045,CUST20571,68737,1,10,0.3,2844
TXN500046,CUST20843,27304,1,21,1.0,2406
TXN500047,CUST20783,24738,1,19,11.6,1349
TXN500048,CUST20796,480000,3,21,3.0,2508
TXN500049,CUST20407,26073,1,16,13.8,3531
TXN500050,CUST20686,26434,1,12,1.4,2170
TXN500051,CUST20008,289242,1,17,11.7,2222
TXN500052,CUST20174,9993,1,16,0.2,3073
TXN500053,CUST20787,31100,1,2,1.1,1833
TXN500054,CUST20691,8330,1,12,4.5,3630
TXN500055,CUST20023,18078,1,22,3.8,3382
TXN500056,CUST20357,28003,1,14,2.6,3693
TXN500057,CUST20756,43667,2,14,1.2,1772
TXN500058,CUST20641,19515,1,9,9.8,3549
TXN500059,CUST20076,17920,23,7,14.7,250
TXN500060,CUST20793,164923,1,22,0.4,2180
TXN500061,CUST20168,24119,1,17,4.4,1793
TXN500062,CUST20716,30806,1,20,0.9,2989
TXN500063,CUST20551,24875,1,13,3.4,3104
TXN500064,CUST20024,25695,1,10,3.1,2148
TXN500065,CUST20053,44723,4,14,1.0,3482
TXN500066,CUST20732,196345,1,19,3.5,1082
TXN500067,CUST20188,26451,1,18,1.4,3897
TXN500068,CUST20842,8424,1,15,0.5,685
TXN500069,CUST20392,24842,2,16,8.5,1043
TXN500070,CUST20684,23210,1,15,1.5,304
TXN500071,CUST20030,22805,2,15,2.6,1911
TXN500072,CUST20442,39212,1,10,6.8,402
TXN500073,CUST20798,31988,1,15,9.4,2940
TXN500074,CUST20781,44513,3,17,2.0,673
TXN500075,CUST20022,10681,2,15,1.0,1228
TXN500076,CUST20539,39895,2,7,3.0,419
TXN500077,CUST20743,395292,1,13,0.4,805
TXN500078,CUST20791,52867,2,16,6.1,796
TXN500079,CUST20599,31441,1,16,4.9,1530
TXN500080,CUST20232,43539,1,12,5.2,3547
TXN500081,CUST20065,29351,1,11,5.2,429
TXN500082,CUST20130,15829,1,20,0.5,354
TXN500083,CUST20334,336781,1,15,3.8,1632
TXN500084,CUST20769,10292,1,18,0.9,1821
TXN500085,CUST20648,17181,2,8,7.4,2441
TXN500086,CUST20068,95201,1,11,6.9,136
TXN500087,CUST20294,44000,1,18,6.6,602
TXN500088,CUST20034,17622,3,16,0.0,3104
TXN500089,CUST20459,75872,1,15,3.5,3658
TXN500090,CUST20637,12342,1,18,1.0,3677
TXN500091,CUST20428,58434,1,14,2.5,2665
TXN500092,CUST20508,6214,4,15,0.4,794
TXN500093,CUST20508,13596,1,20,3.9,794
TXN500094,CUST20175,154551,1,22,2.8,2399
TXN500095,CUST20766,7598585,1,13,0.7,2393
TXN500096,CUST20664,7946,1,15,2.1,580
TXN500097,CUST20350,33161,1,21,8.0,2677
TXN500098,CUST20269,392232,1,17,2.1,1676
TXN500099,CUST20297,29509,1,13,5.4,2130
TXN500100,CUST20217,230411,1,20,0.1,1505
TXN500101,CUST20615,28642,1,11,4.2,49
TXN500102,CUST20414,68442,1,10,9.8,2855
TXN500103,CUST20158,37832,1,13,4.8,3617
TXN500104,CUST20232,14573,1,11,5.9,3547
TXN500105,CUST20076,16202,1,11,0.1,250
TXN500106,CUST20475,92340,1,22,0.5,1155
TXN500107,CUST20063,43692,1,17,5.3,3678
TXN500108,CUST20094,38162,1,18,0.7,2232
TXN500109,CUST20446,21031,1,19,1.6,1890
TXN500110,CUST20380,13674,1,20,2.3,3119
TXN500111,CUST20083,8522557,1,18,0.2,3204
TXN500112,CUST20160,147303,1,11,3.1,116
TXN500113,CUST20234,36549,1,13,5.4,2361
TXN500114,CUST20371,51754,1,16,1.1,645
TXN500115,CUST20650,47426,1,7,2.4,3463
TXN500116,CUST20130,51221,1,13,1.6,354
TXN500117,CUST20709,35997,1,18,3.8,3050
TXN500118,CUST20122,480000,1,17,3.7,2847
TXN500119,CUST20519,80448,2,17,1.5,2453
TXN500120,CUST20635,237246,1,15,9.0,2580
TXN500121,CUST20002,3615513,1,8,3.2,2839
TXN500122,CUST20380,10003,1,12,2.7,3119
TXN500123,CUST20094,63411,1,15,2.1,2232
TXN500124,CUST20246,106406,3,12,5.6,1664
TXN500125,CUST20041,62631,1,22,7.1,924
TXN500126,CUST20470,14419,1,9,0.2,3709
TXN500127,CUST20594,318566,1,14,0.6,3403
TXN500128,CUST20784,15274,3,18,0.9,3215
TXN500129,CUST20604,23489,1,9,2.7,1508
TXN500130,CUST20805,239388,1,15,1.0,420
TXN500131,CUST20603,36381,1,11,2.1,285
TXN500132,CUST20169,287840,3,3,225.0,142
TXN500133,CUST20049,480000,2,12,10.2,3531
TXN500134,CUST20329,12280,4,12,6.1,3947
TXN500135,CUST20362,173670,1,15,0.6,3493
TXN500136,CUST20801,24924,1,10,2.5,1724
TXN500137,CUST20825,136112,1,6,2.9,3984
TXN500138,CUST20886,21889,1,19,2.4,2249
TXN500139,CUST20126,30096,1,11,2.4,918
TXN500140,CUST20256,11600,2,9,0.1,823
TXN500141,CUST20440,36362,1,11,2.4,3722
TXN500142,CUST20357,48638,1,8,1.0,3693
TXN500143,CUST20802,103649,1,16,0.4,958
TXN500144,CUST20078,24900,1,10,0.6,3271
TXN500145,CUST20476,24816,1,22,9.2,660
TXN500146,CUST20213,10216,1,5,2.1,2609
TXN500147,CUST20285,143295,1,22,0.1,110
TXN500148,CUST20268,316872,1,13,2.4,1677
TXN500149,CUST20788,9497,1,16,0.8,278
TXN500150,CUST20382,17971,1,12,0.4,2231
TXN500151,CUST20530,31130,1,16,0.8,227
TXN500152,CUST20372,16497,1,9,0.9,3294
TXN500153,CUST20421,480000,2,6,1.3,3946
TXN500154,CUST20849,50515,1,14,6.2,768
TXN500155,CUST20023,22221,1,16,6.5,3382
TXN500156,CUST20175,330734,2,8,5.7,2399
TXN500157,CUST20376,12014,4,11,2.3,3513
TXN500158,CUST20585,35609,1,16,0.4,1912
TXN500159,CUST20372,24516,1,15,27.0,3294
TXN500160,CUST20756,78524,1,10,4.7,1772
TXN500161,CUST20401,15263,1,18,1.6,2389
TXN500162,CUST20238,269424,1,13,7.1,2884
TXN500163,CUST20057,45862,1,10,0.4,2706
TXN500164,CUST20723,14902,1,12,1.5,3666
TXN500165,CUST20435,4398742,1,12,11.2,3199
TXN500166,CUST20605,93646,1,15,0.9,1037
TXN500167,CUST20009,27606,4,16,12.5,1110
TXN500168,CUST20837,12616,1,16,1.1,3437
TXN500169,CUST20891,39551,2,10,6.0,189
TXN500170,CUST20647,101690,1,18,5.2,3137
TXN500171,CUST20245,26552,1,19,0.9,3265
TXN500172,CUST20495,21350,1,11,2.1,2848
TXN500173,CUST20618,308473,1,9,2.0,2320
TXN500174,CUST20613,41134,1,16,2.3,2482
TXN500175,CUST20698,18460,1,15,3.4,3099
TXN500176,CUST20754,26043,1,17,1.2,2850
TXN500177,CUST20750,47404,1,9,2.6,267
TXN500178,CUST20280,480000,1,15,4.1,3007
TXN500179,CUST20133,63268,3,13,2.2,2518
TXN500180,CUST20898,20026,1,15,2.1,177
TXN500181,CUST20542,35166,1,13,11.4,2571
TXN500182,CUST20253,10930,4,15,1.6,2653
TXN500183,CUST20151,13873,2,18,3.7,1001
TXN500184,CUST20883,9921,1,14,1.3,2697
TXN500185,CUST20638,32369,1,15,7.6,3163
TXN500186,CUST20681,43483,1,6,5.2,94
TXN500187,CUST20225,34989,1,12,0.7,1769
TXN500188,CUST20894,23813,1,16,0.8,2960
TXN500189,CUST20183,21894,2,10,0.1,2726
TXN500190,CUST20627,163818,1,7,7.1,1806
TXN500191,CUST20240,80001,1,8,0.2,2503
TXN500192,CUST20388,480000,1,14,10.4,2427
TXN500193,CUST20707,31546,1,18,3.9,3130
TXN500194,CUST20197,39602,2,13,9.6,3255
TXN500195,CUST20427,10808,1,11,5.1,699
TXN500196,CUST20843,45496,1,12,2.3,2406
TXN500197,CUST20403,480000,1,18,0.3,854
TXN500198,CUST20766,25785,1,13,3.1,2393
TXN500199,CUST20678,90213,1,13,1.3,290
TXN500200,CUST20666,21975,1,14,1.7,683
TXN500201,CUST20814,142663,1,19,0.1,2263
TXN500202,CUST20424,12784,3,9,1.5,549
TXN500203,CUST20394,480000,1,11,6.0,1664
TXN500204,CUST20705,53441,1,16,0.6,2647
TXN500205,CUST20461,295320,1,14,12.0,3195
TXN500206,CUST20539,18169,1,14,8.8,419
TXN500207,CUST20222,51186,1,15,0.2,1541
TXN500208,CUST20670,175114,2,16,0.1,312
TXN500209,CUST20849,35445,1,15,0.7,768
TXN500210,CUST20125,7161,1,11,5.5,2967
TXN500211,CUST20692,14605,1,19,3.1,2641
TXN500212,CUST20233,13567,1,16,0.7,953
TXN500213,CUST20412,480000,1,17,0.4,2959
TXN500214,CUST20452,35642,1,10,0.9,2763
TXN500215,CUST20057,48880,1,17,2.3,2706
TXN500216,CUST20715,37492,3,11,5.1,1830
TXN500217,CUST20499,19766,1,5,1.5,3504
TXN500218,CUST20743,182507,1,10,1.5,805
TXN500219,CUST20191,19444,1,9,0.2,2964
TXN500220,CUST20593,8904,1,11,6.0,1089
TXN500221,CUST20014,4745,1,13,5.2,256
TXN500222,CUST20218,45987,1,19,6.5,2456
TXN500223,CUST20893,116187,4,21,3.1,3472
TXN500224,CUST20150,20987,1,19,3.3,1131
TXN500225,CUST20456,13015,1,18,5.6,1320
TXN500226,CUST20678,95441,2,11,0.3,290
TXN500227,CUST20102,54948,1,18,7.9,3155
TXN500228,CUST20455,25461,1,12,0.5,76
TXN500229,CUST20464,8657,1,15,2.8,3648
TXN500230,CUST20815,29876,1,15,14.8,255
TXN500231,CUST20472,231557,1,16,0.6,1373
TXN500232,CUST20864,183149,1,16,1.1,3776
TXN500233,CUST20844,362665,1,13,1.2,1224
TXN500234,CUST20009,30746,1,17,7.3,1110
TXN500235,CUST20229,326005,1,21,3.3,861
TXN500236,CUST20279,28068,1,13,11.5,173
TXN500237,CUST20165,43602,2,13,2.6,2783
TXN500238,CUST20812,12592,2,17,6.5,2297
TXN500239,CUST20614,11912,2,14,0.1,3648
TXN500240,CUST20464,11628,1,7,7.3,3648
TXN500241,CUST20502,28275,1,15,17.1,3323
TXN500242,CUST20327,43950,1,13,13.8,2452
TXN500243,CUST20270,163589,2,16,1.6,3344
TXN500244,CUST20781,18954,2,13,4.1,673
TXN500245,CUST20593,13908,2,19,1.8,1089
TXN500246,CUST20898,26420,1,14,3.1,177
TXN500247,CUST20840,3994019,1,12,3.0,1366
TXN500248,CUST20335,45863,1,15,4.7,839
TXN500249,CUST20474,4505,3,15,1.5,3356
TXN500250,CUST20304,9628,4,11,3.3,1279
TXN500251,CUST20451,18560,2,20,1.8,1365
TXN500252,CUST20120,8442,1,17,4.3,2169
TXN500253,CUST20812,20020,1,16,5.9,2297
TXN500254,CUST20389,29124,2,20,0.9,268
TXN500255,CUST20423,119464,1,16,1.9,913
TXN500256,CUST20700,34177,1,11,1.0,977
TXN500257,CUST20657,50470,1,13,11.7,885
TXN500258,CUST20789,19243,1,10,0.5,785
TXN500259,CUST20507,2771,1,20,3.9,2436
TXN500260,CUST20058,199231,4,11,4.8,2281
TXN500261,CUST20408,106382,1,9,0.2,3701
TXN500262,CUST20559,48051,1,13,0.5,3010
TXN500263,CUST20017,298915,2,9,10.9,2835
TXN500264,CUST20225,129074,1,12,1.5,1769
TXN500265,CUST20851,65148,4,13,7.3,1347
TXN500266,CUST20497,31088,1,12,2.2,2873
TXN500267,CUST20309,178515,1,16,7.5,2207
TXN500268,CUST20224,16754,1,11,0.1,2189
TXN500269,CUST20033,44240,1,19,4.0,848
TXN500270,CUST20489,24920,1,14,0.8,2037
TXN500271,CUST20190,30148,2,15,0.4,3717
TXN500272,CUST20592,140925,2,18,2.0,1576
TXN500273,CUST20845,28091,1,12,15.5,1434
TXN500274,CUST20216,350722,1,15,9.0,2105
TXN500275,CUST20795,138243,2,11,0.4,541
TXN500276,CUST20570,53907,1,14,1.1,3508
TXN500277,CUST20217,179507,2,16,2.2,1505
TXN500278,CUST20548,40472,1,15,2.6,307
TXN500279,CUST20005,75070,2,16,5.0,2233
TXN500280,CUST20288,22887,4,12,4.8,3691
TXN500281,CUST20391,155102,1,17,0.5,2371
TXN500282,CUST20885,26893,2,19,1.3,2851
TXN500283,CUST20037,9189,2,9,0.9,2003
TXN500284,CUST20286,440502,1,11,4.2,1750
TXN500285,CUST20821,32109,1,11,3.9,1234
TXN500286,CUST20022,4704,1,20,2.2,1228
TXN500287,CUST20771,44971,1,17,5.2,2540
TXN500288,CUST20391,279934,3,16,2.9,2371
TXN500289,CUST20566,20754,2,17,3.8,1811
TXN500290,CUST20207,35339,1,11,6.3,3310
TXN500291,CUST20570,42178,4,15,0.3,3508
TXN500292,CUST20115,48220,1,11,6.0,2170
TXN500293,CUST20368,39098,1,16,5.9,499
TXN500294,CUST20542,49826,2,20,2.5,2571
TXN500295,CUST20214,42030,3,3,1.9,1992
TXN500296,CUST20541,24467,1,14,3.1,3322
TXN500297,CUST20391,111382,3,9,0.3,2371
TXN500298,CUST20291,155731,1,11,2.1,890
TXN500299,CUST20640,750964,2,2,113.8,850
TXN500300,CUST20266,18525,1,12,0.6,2108
TXN500301,CUST20289,611842,1,4,171.6,500
TXN500302,CUST20026,8063,4,17,4.2,876
TXN500303,CUST20531,25077,3,13,5.1,1907
TXN500304,CUST20601,41161,1,8,5.1,3165
TXN500305,CUST20131,17586,1,18,1.4,2331
TXN500306,CUST20118,12602,1,15,4.1,1831
TXN500307,CUST20816,43525,2,10,2.2,312
TXN500308,CUST20721,62479,1,13,2.3,3503
TXN500309,CUST20037,6642,1,15,1.3,2003
TXN500310,CUST20450,126372,1,19,6.4,809
TXN500311,CUST20106,16455,1,12,0.4,905
TXN500312,CUST20460,108814,1,13,10.3,611
TXN500313,CUST20302,18626,1,15,1.4,803
TXN500314,CUST20778,37581,2,19,9.2,3990
TXN500315,CUST20398,113888,1,10,1.9,1389
TXN500316,CUST20607,143612,1,13,3.1,943
TXN500317,CUST20383,53911,1,19,5.2,59
TXN500318,CUST20366,20063,1,13,2.1,635
TXN500319,CUST20279,25327,1,16,4.0,173
TXN500320,CUST20091,16249,1,14,3.5,1438
TXN500321,CUST20583,33491,1,15,0.0,2977
TXN500322,CUST20766,23704,1,24,1.6,2393
TXN500323,CUST20722,123321,1,15,9.4,703
TXN500324,CUST20378,20524,3,16,0.4,1133
TXN500325,CUST20575,14156,1,2,3.5,393
TXN500326,CUST20566,38026,1,14,0.7,1811
TXN500327,CUST20330,6659,2,7,3.4,2940
TXN500328,CUST20059,395395,1,11,2.2,2114
TXN500329,CUST20721,9963,1,10,3.7,3503
TXN500330,CUST20695,19276,2,11,1.7,2455
TXN500331,CUST20672,18657,2,12,0.4,3658
TXN500332,CUST20206,122232,1,21,0.4,832
TXN500333,CUST20850,12758,1,11,0.2,1946
TXN500334,CUST20144,18172,1,11,2.8,2446
TXN500335,CUST20507,5654,1,13,11.4,2436
TXN500336,CUST20719,35234,1,9,3.8,3678
TXN500337,CUST20414,107080,1,14,5.2,2855
TXN500338,CUST20770,31455,1,16,6.9,1916
TXN500339,CUST20497,45617,1,21,0.4,2873
TXN500340,CUST20594,98414,2,11,0.6,3403
TXN500341,CUST20781,20304,4,12,11.1,673
TXN500342,CUST20094,55036,28,8,23.5,2232
TXN500343,CUST20027,480000,3,10,1.3,3066
TXN500344,CUST20374,118867,1,11,2.5,1043
TXN500345,CUST20527,57114,1,19,0.3,2209
TXN500346,CUST20562,17164,1,12,4.0,1290
TXN500347,CUST20241,47576,1,23,2.9,1539
TXN500348,CUST20083,36196,3,16,14.0,3204
TXN500349,CUST20243,150481,1,18,0.9,1742
TXN500350,CUST20584,30845,1,17,1.0,2382
TXN500351,CUST20532,13843,3,15,3.2,3303
TXN500352,CUST20893,164179,2,12,2.6,3472
TXN500353,CUST20132,15132,1,18,1.4,2125
TXN500354,CUST20842,11887,2,11,1.5,685
TXN500355,CUST20180,31315,1,13,2.7,3019
TXN500356,CUST20160,241699,2,11,1.4,116
TXN500357,CUST20829,34217,1,12,0.8,3313
TXN500358,CUST20425,61292,1,12,2.1,3265
TXN500359,CUST20269,254516,3,17,5.7,1676
TXN500360,CUST20370,50487,2,15,4.8,1341
TXN500361,CUST20774,61829,1,13,2.1,3056
TXN500362,CUST20499,23169,1,21,1.5,3504
TXN500363,CUST20709,19219,1,19,3.1,3050
TXN500364,CUST20116,6053,2,11,2.6,2326
TXN500365,CUST20060,15548,1,17,0.8,1764
TXN500366,CUST20063,17734,1,11,3.5,3678
TXN500367,CUST20399,4815,1,17,0.5,2798
TXN500368,CUST20437,17230,1,15,0.1,3832
TXN500369,CUST20691,7952,1,11,2.3,3630
TXN500370,CUST20195,17482,1,18,1.5,903
TXN500371,CUST20863,13978,2,18,1.2,3858
TXN500372,CUST20318,33023,1,5,7.1,2837
TXN500373,CUST20740,282346,1,15,0.9,3755
TXN500374,CUST20127,400959,1,11,3.2,3954
TXN500375,CUST20733,23030,1,16,11.4,361
TXN500376,CUST20526,57095,4,15,7.3,3657
TXN500377,CUST20738,85954,2,19,10.7,659
TXN500378,CUST20667,16500,4,15,1.9,3534
TXN500379,CUST20185,15024,1,16,6.7,244
TXN500380,CUST20131,11022,1,18,7.9,2331
TXN500381,CUST20681,29737,1,4,3.2,94
TXN500382,CUST20844,477023,1,6,1.9,1224
TXN500383,CUST20648,18436,3,17,1.6,2441
TXN500384,CUST20724,258922,1,14,4.7,736
TXN500385,CUST20380,32124,1,8,0.1,3119
TXN500386,CUST20484,129861,1,13,1.0,1036
TXN500387,CUST20573,18747,1,18,0.5,3794
TXN500388,CUST20326,16045,1,9,5.1,2592
TXN500389,CUST20794,197575,2,17,9.1,1034
TXN500390,CUST20260,371487,1,2,1.5,3920
TXN500391,CUST20460,138830,1,15,2.3,611
TXN500392,CUST20364,27125,1,10,1.7,2081
TXN500393,CUST20372,23747,1,17,1.2,3294
TXN500394,CUST20574,8059,2,14,19.8,1017
TXN500395,CUST20131,17420,2,16,2.9,2331
TXN500396,CUST20574,3648,1,16,1.0,1017
TXN500397,CUST20673,41039,1,5,0.0,1656
TXN500398,CUST20338,331329,2,14,0.6,2263
TXN500399,CUST20188,44149,1,23,6.2,3897
TXN500400,CUST20468,263348,4,15,7.0,478
TXN500401,CUST20818,20000,1,12,4.9,183
TXN500402,CUST20719,45122,1,15,1.1,3678
TXN500403,CUST20510,351031,2,18,0.8,2989
TXN500404,CUST20505,71522,4,18,6.6,425
TXN500405,CUST20258,480000,1,11,0.2,56
TXN500406,CUST20424,15706,1,12,2.5,549
TXN500407,CUST20450,107082,1,15,0.1,809
TXN500408,CUST20596,107822,1,12,2.4,48
TXN500409,CUST20390,79485,1,12,1.6,702
TXN500410,CUST20146,83608,1,15,1.0,1821
TXN500411,CUST20716,34804,1,18,1.0,2989
TXN500412,CUST20528,148541,2,15,4.6,3472
TXN500413,CUST20476,34505,2,12,0.7,660
TXN500414,CUST20128,381203,1,7,2.5,3238
TXN500415,CUST20583,22610,1,13,0.7,2977
TXN500416,CUST20505,45437,1,23,12.2,425
TXN500417,CUST20285,58633,2,11,1.3,110
TXN500418,CUST20147,7311,1,18,2.7,2395
TXN500419,CUST20062,50078,1,13,5.2,3011
TXN500420,CUST20604,34595,1,19,5.2,1508
TXN500421,CUST20781,23983,1,12,0.2,673
TXN500422,CUST20092,25057,1,11,3.8,2634
TXN500423,CUST20669,18510,3,9,2.2,1514
TXN500424,CUST20286,402129,2,11,1.4,1750
TXN500425,CUST20647,76320,1,9,7.6,3137
TXN500426,CUST20247,24799,3,13,1.1,1303
TXN500427,CUST20272,480000,1,22,1.2,3375
TXN500428,CUST20714,21211,3,14,5.4,1874
TXN500429,CUST20120,13147,1,18,13.0,2169
TXN500430,CUST20425,16364,1,7,4.3,3265
TXN500431,CUST20757,47139,2,13,2.4,771
TXN500432,CUST20768,3752836,2,17,0.2,48
TXN500433,CUST20178,28308,1,14,5.3,460
TXN500434,CUST20831,58460,1,15,5.4,2568
TXN500435,CUST20069,26545,1,13,1.7,317
TXN500436,CUST20224,27147,1,14,1.0,2189
TXN500437,CUST20208,480000,1,21,2.5,3040
TXN500438,CUST20631,37354,1,8,3.2,3902
TXN500439,CUST20204,214800,3,12,7.6,2200
TXN500440,CUST20856,22170,4,16,1.6,3137
TXN500441,CUST20764,25533,1,18,6.1,1521
TXN500442,CUST20431,21191,1,19,16.0,1690
TXN500443,CUST20752,18946,1,8,0.5,2331
TXN500444,CUST20473,480000,1,19,0.7,1302
TXN500445,CUST20450,83033,1,19,14.9,809
TXN500446,CUST20793,127843,1,14,1.2,2180
TXN500447,CUST20749,45259,2,13,7.5,2574
TXN500448,CUST20854,41981,1,16,6.4,3413
TXN500449,CUST20499,21291,3,22,0.6,3504
TXN500450,CUST20317,54007,1,13,1.3,459
TXN500451,CUST20609,28282,3,7,0.7,3941
TXN500452,CUST20477,552920,1,2,309.7,2308
TXN500453,CUST20870,20960,1,12,3.0,287
TXN500454,CUST20139,109383,2,16,9.9,3088
TXN500455,CUST20628,12341,1,14,7.1,1574
TXN500456,CUST20190,558614,1,1,223.8,3717
TXN500457,CUST20098,364637,1,15,11.2,2124
TXN500458,CUST20213,17193,1,13,1.1,2609
TXN500459,CUST20859,39886,2,12,0.7,1269
TXN500460,CUST20455,14440,1,15,6.9,76
TXN500461,CUST20491,30426,3,11,1.8,3283
TXN500462,CUST20510,382364,1,17,0.2,2989
TXN500463,CUST20563,9700,3,13,3.3,3560
TXN500464,CUST20145,3067,2,16,7.6,273
TXN500465,CUST20780,7600,1,2,4.8,2614
TXN500466,CUST20814,206426,1,12,2.2,2263
TXN500467,CUST20346,28365,1,10,1.5,1727
TXN500468,CUST20892,16641,1,12,0.6,537
TXN500469,CUST20513,35387,1,17,3.9,271
TXN500470,CUST20470,10777,3,14,11.6,3709
TXN500471,CUST20440,48497,1,9,7.6,3722
TXN500472,CUST20366,19265,3,11,4.4,635
TXN500473,CUST20188,52189,2,10,2.8,3897
TXN500474,CUST20279,22602,1,9,3.5,173
TXN500475,CUST20201,32477,1,17,0.5,911
TXN500476,CUST20233,12862,1,24,2.4,953
TXN500477,CUST20476,35595,1,14,2.6,660
TXN500478,CUST20113,56433,1,13,12.4,2756
TXN500479,CUST20102,32273,1,7,0.2,3155
TXN500480,CUST20149,159146,4,9,1.0,502
TXN500481,CUST20390,36766,1,14,0.7,702
TXN500482,CUST20095,57901,3,10,10.7,2070
TXN500483,CUST20403,480000,1,13,10.3,854
TXN500484,CUST20308,16332,4,14,2.3,1894
TXN500485,CUST20301,226874,1,13,1.4,672
TXN500486,CUST20671,27358,2,18,9.3,1800
TXN500487,CUST20048,42443,2,15,4.0,2281
TXN500488,CUST20830,8760,1,14,0.5,1641
TXN500489,CUST20795,37601,1,8,1.4,541
TXN500490,CUST20754,17421,1,6,1.1,2850
TXN500491,CUST20728,39216,1,6,2.7,542
TXN500492,CUST20841,29331,2,16,2.1,33
TXN500493,CUST20784,46843,1,18,5.2,3215
TXN500494,CUST20506,45832,3,16,2.0,2880
TXN500495,CUST20453,15981,1,11,0.0,653
TXN500496,CUST20260,255618,1,8,2.4,3920
TXN500497,CUST20559,112035,1,14,1.8,3010
TXN500498,CUST20890,32662,1,14,0.8,1384
TXN500499,CUST20536,27386,1,19,5.1,3421
TXN500500,CUST20619,117461,1,16,3.1,2553
TXN500501,CUST20341,40416,1,17,0.9,1554
TXN500502,CUST20216,147709,1,12,0.9,2105
TXN500503,CUST20272,480000,1,14,6.3,3375
TXN500504,CUST20721,29114,1,18,1.7,3503
TXN500505,CUST20272,480000,1,19,4.1,3375
TXN500506,CUST20066,51072,2,19,0.0,2362
TXN500507,CUST20584,33359,4,16,6.6,2382
TXN500508,CUST20406,29597,1,13,4.4,2880
TXN500509,CUST20830,3742,2,0,4.7,1641
TXN500510,CUST20285,103851,1,9,2.4,110
TXN500511,CUST20167,54843,1,15,8.3,188
TXN500512,CUST20550,97221,1,19,2.1,1604
TXN500513,CUST20020,17944,2,19,14.3,3959
TXN500514,CUST20151,6674,3,9,1.9,1001
TXN500515,CUST20316,56300,2,12,0.0,1609
TXN500516,CUST20861,19527,1,14,0.9,3929
TXN500517,CUST20049,417156,1,12,7.0,3531
TXN500518,CUST20175,270343,1,5,3.0,2399
TXN500519,CUST20058,314432,1,12,3.5,2281
TXN500520,CUST20112,33959,1,15,0.6,977
TXN500521,CUST20502,15933,1,18,9.5,3323
TXN500522,CUST20098,202203,1,22,7.2,2124
TXN500523,CUST20278,28698,2,13,0.2,921
TXN500524,CUST20081,51736,1,12,5.1,672
TXN500525,CUST20109,61569,4,10,8.4,890
TXN500526,CUST20667,17368,1,20,9.1,3534
TXN500527,CUST20418,41091,4,13,5.4,2636
TXN500528,CUST20047,15858,1,18,2.3,350
TXN500529,CUST20199,21428,1,16,1.5,2953
TXN500530,CUST20268,460882,2,24,3.5,1677
TXN500531,CUST20580,66716,2,12,5.0,1611
TXN500532,CUST20735,31785,4,23,3.7,1579
TXN500533,CUST20426,11983,3,20,1.2,3960
TXN500534,CUST20762,129115,1,16,1.4,2733
TXN500535,CUST20597,61109,1,14,5.9,2421
TXN500536,CUST20276,10514,3,15,2.2,1220
TXN500537,CUST20611,17975,1,14,2.7,2833
TXN500538,CUST20094,23934,28,8,21.4,2232
TXN500539,CUST20257,187874,1,14,3.2,2998
TXN500540,CUST20172,14009,3,14,12.1,2099
TXN500541,CUST20710,35526,2,22,6.7,2171
TXN500542,CUST20594,198895,1,13,6.8,3403
TXN500543,CUST20265,18425,1,15,7.7,1291
TXN500544,CUST20569,63070,1,10,1.7,1136
TXN500545,CUST20613,39623,1,10,0.8,2482
TXN500546,CUST20315,34757,2,12,0.8,3767
TXN500547,CUST20463,8681,1,11,12.1,3880
TXN500548,CUST20724,383141,1,12,4.9,736
TXN500549,CUST20310,5941,1,15,3.6,1343
TXN500550,CUST20087,26874,3,9,0.0,224
TXN500551,CUST20052,13677,2,7,3.6,3627
TXN500552,CUST20765,223511,1,13,1.9,2853
TXN500553,CUST20594,257273,1,5,3.7,3403
TXN500554,CUST20385,16730,1,9,1.8,669
TXN500555,CUST20762,164514,1,12,6.5,2733
TXN500556,CUST20809,10073,1,9,0.9,2893
TXN500557,CUST20864,143993,4,15,2.6,3776
TXN500558,CUST20888,768397,2,3,195.1,1927
TXN500559,CUST20034,22722,2,9,0.3,3104
TXN500560,CUST20433,22151,1,13,12.3,1317
TXN500561,CUST20423,210749,2,19,3.2,913
TXN500562,CUST20432,31890,1,15,3.9,527
TXN500563,CUST20436,25449,33,20,23.5,113
TXN500564,CUST20657,52555,2,16,1.2,885
TXN500565,CUST20623,34381,1,11,5.0,3699
TXN500566,CUST20738,52457,2,14,4.1,659
TXN500567,CUST20751,13909,1,7,2.1,2713
TXN500568,CUST20286,387409,1,17,1.9,1750
TXN500569,CUST20835,41094,1,11,3.0,2855
TXN500570,CUST20361,480000,1,16,1.9,2826
TXN500571,CUST20286,480000,1,14,0.9,1750
TXN500572,CUST20729,5708,1,12,0.5,1878
TXN500573,CUST20401,13892,3,8,1.9,2389
TXN500574,CUST20708,3933,1,10,7.8,3282
TXN500575,CUST20767,302807,1,11,0.6,2636
TXN500576,CUST20526,40814,1,17,6.3,3657
TXN500577,CUST20081,50082,2,11,2.4,672
TXN500578,CUST20309,282707,3,20,6.0,2207
TXN500579,CUST20510,320437,1,14,0.8,2989
TXN500580,CUST20676,117200,1,10,4.0,597
TXN500581,CUST20682,105925,3,17,5.4,2138
TXN500582,CUST20874,13796,2,18,16.4,294
TXN500583,CUST20509,2016344,1,16,6.1,293
TXN500584,CUST20645,10336,2,14,4.0,2604
TXN500585,CUST20865,23438,1,21,6.5,596
TXN500586,CUST20876,63871,1,10,1.9,2176
TXN500587,CUST20877,18678,1,17,1.8,334
TXN500588,CUST20546,35247,4,20,5.2,1144
TXN500589,CUST20498,31531,3,20,11.1,2459
TXN500590,CUST20099,42223,1,3,0.3,566
TXN500591,CUST20494,19544,1,6,1.2,2729
TXN500592,CUST20213,19737,1,8,4.2,2609
TXN500593,CUST20484,114122,1,10,1.9,1036
TXN500594,CUST20163,248667,3,14,3.1,3496
TXN500595,CUST20026,13157,1,16,0.2,876
TXN500596,CUST20190,27624,1,11,6.0,3717
TXN500597,CUST20823,172648,2,11,2.1,716
TXN500598,CUST20793,139986,1,22,0.5,2180
TXN500599,CUST20818,32964,1,14,3.6,183
TXN500600,CUST20220,15919,1,19,11.6,784
TXN500601,CUST20686,24124,1,17,0.4,2170
TXN500602,CUST20458,30278,1,18,0.9,2733
TXN500603,CUST20088,21027,1,14,4.6,900
TXN500604,CUST20806,23764,2,19,3.3,2777
TXN500605,CUST20729,7255,1,12,4.0,1878
TXN500606,CUST20412,321822,1,10,0.9,2959
TXN500607,CUST20144,28938,1,16,1.9,2446
TXN500608,CUST20686,25881,2,14,0.7,2170
TXN500609,CUST20819,51245,3,14,3.3,1524
TXN500610,CUST20279,60891,1,11,2.6,173
TXN500611,CUST20680,480000,2,18,13.8,1287
TXN500612,CUST20287,80766,2,13,2.1,1020
TXN500613,CUST20068,187884,1,6,6.3,136
TXN500614,CUST20850,23185,1,9,8.0,1946
TXN500615,CUST20062,78016,1,14,1.5,3011
TXN500616,CUST20466,14293,1,11,1.7,2980
TXN500617,CUST20586,16862,1,18,14.4,477
TXN500618,CUST20574,5882,1,4,17.8,1017
TXN500619,CUST20128,360172,1,17,1.8,3238
TXN500620,CUST20181,75342,3,15,0.2,1172
TXN500621,CUST20162,15578,1,17,0.9,828
TXN500622,CUST20377,18049,1,10,2.3,166
TXN500623,CUST20155,37806,2,18,0.9,2932
TXN500624,CUST20545,17621,2,14,1.2,1002
TXN500625,CUST20700,37813,1,13,4.0,977
TXN500626,CUST20276,10651,2,18,1.2,1220
TXN500627,CUST20551,13852,1,9,0.5,3104
TXN500628,CUST20291,47515,1,16,1.2,890
TXN500629,CUST20179,30046,2,17,2.1,3695
TXN500630,CUST20297,40133,1,14,0.0,2130
TXN500631,CUST20820,280987,2,13,3.3,93
TXN500632,CUST20264,25070,1,15,0.5,882
TXN500633,CUST20119,10134,1,18,1.8,1560
TXN500634,CUST20537,21931,2,21,1.5,3917
TXN500635,CUST20575,16315,1,23,2.9,393
TXN500636,CUST20720,67865,1,13,1.5,1580
TXN500637,CUST20018,34756,1,2,3.4,400
TXN500638,CUST20641,28560,2,7,7.8,3549
TXN500639,CUST20614,10972,1,10,3.2,3648
TXN500640,CUST20594,295895,1,14,3.4,3403
TXN500641,CUST20441,22611,1,14,10.8,639
TXN500642,CUST20574,14085,1,17,0.2,1017
TXN500643,CUST20747,35461,1,15,5.8,3050
TXN500644,CUST20547,123016,1,11,3.6,2990
TXN500645,CUST20406,21851,2,20,0.9,2880
TXN500646,CUST20205,98780,2,16,3.1,1867
TXN500647,CUST20800,4826565,1,12,1.0,524
TXN500648,CUST20865,61132,2,12,5.8,596
TXN500649,CUST20833,53215,1,17,6.0,2948
TXN500650,CUST20845,24655,2,16,1.0,1434
TXN500651,CUST20370,29730,1,19,4.1,1341
TXN500652,CUST20757,40491,2,19,0.6,771
TXN500653,CUST20449,23121,1,14,4.1,2085
TXN500654,CUST20836,37777,1,20,0.2,617
TXN500655,CUST20529,20182,1,8,1.0,2265
TXN500656,CUST20042,12153,1,12,2.8,169
TXN500657,CUST20863,9226,4,11,3.3,3858
TXN500658,CUST20347,30019,1,20,3.3,3988
TXN500659,CUST20110,92056,2,17,0.1,3054
TXN500660,CUST20420,120548,3,15,0.1,648
TXN500661,CUST20054,81487,4,9,1.8,2049
TXN500662,CUST20375,194537,1,23,0.2,3421
TXN500663,CUST20256,4690,30,0,16.7,823
TXN500664,CUST20890,37943,1,8,3.1,1384
TXN500665,CUST20459,37170,1,12,3.3,3658
TXN500666,CUST20373,18040,2,13,1.1,999
TXN500667,CUST20629,14653,1,17,1.6,3005
TXN500668,CUST20401,16341,1,12,0.4,2389
TXN500669,CUST20680,480000,1,7,1.0,1287
TXN500670,CUST20750,38313,2,15,2.6,267
TXN500671,CUST20014,4187,1,14,2.7,256
TXN500672,CUST20480,20761,2,9,5.7,1043
TXN500673,CUST20369,33296,3,12,0.4,1841
TXN500674,CUST20375,113984,1,16,3.6,3421
TXN500675,CUST20520,37859,1,14,6.6,2429
TXN500676,CUST20682,115405,2,14,3.1,2138
TXN500677,CUST20358,59019,1,16,0.6,1591
TXN500678,CUST20306,24479,1,7,0.9,1256
TXN500679,CUST20394,480000,1,9,7.6,1664
TXN500680,CUST20346,13674,1,12,5.6,1727
TXN500681,CUST20426,20000,1,13,0.0,3960
TXN500682,CUST20346,24313,1,10,5.6,1727
TXN500683,CUST20016,37634,2,10,8.3,1049
TXN500684,CUST20535,34276,1,12,0.9,864
TXN500685,CUST20634,480000,1,15,13.5,1279
TXN500686,CUST20170,36823,1,15,0.5,1920
TXN500687,CUST20591,79253,1,9,3.3,590
TXN500688,CUST20790,73312,2,5,9.6,2743
TXN500689,CUST20473,225919,1,13,7.8,1302
TXN500690,CUST20274,2107834,1,18,0.4,2615
TXN500691,CUST20554,214638,1,9,1.0,2150
TXN500692,CUST20589,292675,1,21,7.4,1277
TXN500693,CUST20253,17353,1,15,15.4,2653
TXN500694,CUST20047,16872,1,20,2.9,350
TXN500695,CUST20628,18707,1,9,0.6,1574
TXN500696,CUST20552,34846,2,12,3.6,2638
TXN500697,CUST20155,47151,4,18,3.9,2932
TXN500698,CUST20261,11206,1,4,7.2,1675
TXN500699,CUST20100,25273,1,18,1.5,1919
TXN500700,CUST20505,19486,1,4,21.3,425
TXN500701,CUST20074,231078,1,9,0.4,381
TXN500702,CUST20065,24078,2,11,9.2,429
TXN500703,CUST20254,39841,2,17,6.3,3830
TXN500704,CUST20581,40419,1,18,3.3,1591
TXN500705,CUST20788,7379,1,19,6.9,278
TXN500706,CUST20295,62740,2,12,2.4,1623
TXN500707,CUST20486,60732,1,15,1.9,1067
TXN500708,CUST20042,8789,1,8,0.5,169
TXN500709,CUST20382,52310,2,14,1.2,2231
TXN500710,CUST20283,25737,3,13,0.0,1847
TXN500711,CUST20680,199273,2,14,0.2,1287
TXN500712,CUST20845,51934,1,16,10.1,1434
TXN500713,CUST20851,81351,1,17,0.5,1347
TXN500714,CUST20594,131647,2,14,2.0,3403
TXN500715,CUST20370,25814,1,10,0.0,1341
TXN500716,CUST20318,22486,1,12,0.2,2837
TXN500717,CUST20284,81318,2,21,12.8,96
TXN500718,CUST20259,11914,1,12,2.7,1847
TXN500719,CUST20004,151820,2,14,2.1,815
TXN500720,CUST20854,74996,1,12,3.9,3413
TXN500721,CUST20055,47377,1,13,0.6,2802
TXN500722,CUST20151,13369,2,13,2.8,1001
TXN500723,CUST20217,169283,1,9,3.7,1505
TXN500724,CUST20899,41936,1,14,6.7,2043
TXN500725,CUST20656,805864,3,3,146.8,3379
TXN500726,CUST20330,10939,1,20,3.9,2940
TXN500727,CUST20115,20883,1,15,1.7,2170
TXN500728,CUST20307,11510,1,15,0.9,1336
TXN500729,CUST20786,32341,1,17,0.4,3169
TXN500730,CUST20554,293742,1,3,135.0,2150
TXN500731,CUST20444,44228,1,12,3.0,775
TXN500732,CUST20306,11231,1,17,8.0,1256
TXN500733,CUST20303,8250,1,20,1.6,401
TXN500734,CUST20898,24001,1,15,1.9,177
TXN500735,CUST20391,154128,1,13,0.7,2371
TXN500736,CUST20719,39883,1,11,4.3,3678
TXN500737,CUST20812,14991,2,19,4.0,2297
TXN500738,CUST20039,24744,2,12,5.9,160
TXN500739,CUST20712,103796,1,11,3.3,3721
TXN500740,CUST20781,21472,3,13,5.0,673
TXN500741,CUST20215,21578,2,10,6.5,1103
TXN500742,CUST20891,33474,1,13,0.3,189
TXN500743,CUST20088,19829,1,15,6.9,900
TXN500744,CUST20258,480000,1,8,0.2,56
TXN500745,CUST20886,4074211,2,14,3.4,2249
TXN500746,CUST20279,47815,3,9,2.1,173
TXN500747,CUST20754,48526,1,14,9.7,2850
TXN500748,CUST20231,34769,2,15,0.6,2363
TXN500749,CUST20327,46612,1,18,0.8,2452
TXN500750,CUST20891,22412,1,22,1.9,189
TXN500751,CUST20454,176996,3,13,5.0,2111
TXN500752,CUST20154,411249,1,13,0.9,2298
TXN500753,CUST20327,46128,1,16,0.7,2452
TXN500754,CUST20217,177507,1,16,1.1,1505
TXN500755,CUST20066,24552,1,6,1.4,2362
TXN500756,CUST20521,12792,3,13,15.9,3169
TXN500757,CUST20680,331761,1,15,2.2,1287
TXN500758,CUST20826,12054,1,8,1.1,309
TXN500759,CUST20027,346662,1,10,4.0,3066
TXN500760,CUST20385,13180,1,11,0.4,669
TXN500761,CUST20027,419960,1,21,4.8,3066
TXN500762,CUST20242,4304939,1,16,3.6,1130
TXN500763,CUST20899,19416,2,16,5.7,2043
TXN500764,CUST20891,24434,1,17,1.2,189
TXN500765,CUST20437,15938,1,17,2.1,3832
TXN500766,CUST20460,95543,1,18,0.1,611
TXN500767,CUST20120,9796,1,12,0.0,2169
TXN500768,CUST20542,51391,1,18,8.1,2571
TXN500769,CUST20271,47735,1,10,0.1,521
TXN500770,CUST20274,73984,4,11,0.6,2615
TXN500771,CUST20700,50234,2,8,1.8,977
TXN500772,CUST20380,32933,1,13,1.1,3119
TXN500773,CUST20559,50327,1,9,2.1,3010
TXN500774,CUST20358,99814,2,21,4.8,1591
TXN500775,CUST20684,68053,1,14,0.4,304
TXN500776,CUST20181,154828,2,9,5.0,1172
TXN500777,CUST20525,12193,1,11,0.6,1258
TXN500778,CUST20334,480000,1,10,2.6,1632
TXN500779,CUST20779,113966,1,13,0.1,1113
TXN500780,CUST20271,30303,1,19,11.9,521
TXN500781,CUST20604,18644,1,14,0.8,1508
TXN500782,CUST20860,23618,1,16,2.5,3111
TXN500783,CUST20213,24965,1,11,0.9,2609
TXN500784,CUST20252,37061,2,19,0.9,1870
TXN500785,CUST20896,50220,1,13,0.1,2800
TXN500786,CUST20196,24005,1,16,0.0,3327
TXN500787,CUST20612,28306,2,10,0.6,2878
TXN500788,CUST20232,14877,3,20,0.3,3547
TXN500789,CUST20709,19391,1,13,3.4,3050
TXN500790,CUST20493,22475,4,17,8.7,2626
TXN500791,CUST20555,30742,1,12,1.3,469
TXN500792,CUST20218,43480,1,13,3.9,2456
TXN500793,CUST20808,19403,3,11,1.5,1118
TXN500794,CUST20687,16256,1,22,1.1,2902
TXN500795,CUST20289,468339,1,11,0.6,500
TXN500796,CUST20112,39275,1,12,0.9,977
TXN500797,CUST20825,273292,2,20,2.5,3984
TXN500798,CUST20651,5262,1,20,0.4,1997
TXN500799,CUST20813,41127,1,15,3.1,3376
TXN500800,CUST20365,32832,1,15,4.5,2147
TXN500801,CUST20570,58049,1,8,0.1,3508
TXN500802,CUST20032,46145,1,16,1.2,732
TXN500803,CUST20485,5611,1,14,3.1,538
TXN500804,CUST20633,36390,2,8,2.8,1860
TXN500805,CUST20450,174828,1,11,0.2,809
TXN500806,CUST20799,38441,1,20,1.0,3777
TXN500807,CUST20284,28095,1,17,3.1,96
TXN500808,CUST20143,37636,1,13,0.5,1985
TXN500809,CUST20390,30024,1,18,1.5,702
TXN500810,CUST20669,18269,1,14,1.0,1514
TXN500811,CUST20186,26520,4,18,1.3,3517
TXN500812,CUST20637,6474,1,15,0.2,3677
TXN500813,CUST20168,39041,1,14,2.4,1793
TXN500814,CUST20245,17902,2,16,0.8,3265
TXN500815,CUST20670,167500,1,7,0.5,312
TXN500816,CUST20772,64553,1,14,3.0,631
TXN500817,CUST20195,16492,1,13,0.3,903
TXN500818,CUST20015,8368,1,1,2.3,2132
TXN500819,CUST20755,7908,1,14,3.1,2596
TXN500820,CUST20203,140891,1,15,0.7,1821
TXN500821,CUST20003,190708,1,1,161.3,1216
TXN500822,CUST20475,50241,1,17,4.5,1155
TXN500823,CUST20194,18951,3,7,3.4,1003
TXN500824,CUST20099,27985,1,12,6.1,566
TXN500825,CUST20421,346453,1,12,2.1,3946
TXN500826,CUST20497,36095,1,12,1.5,2873
TXN500827,CUST20029,23751,2,10,2.7,1461
TXN500828,CUST20315,25544,2,14,0.6,3767
TXN500829,CUST20662,13654,2,15,1.5,3215
TXN500830,CUST20036,170426,1,10,5.2,3090
TXN500831,CUST20422,335952,1,6,0.1,3338
TXN500832,CUST20166,12455,1,23,1.1,1691
TXN500833,CUST20320,9516,1,13,0.6,798
TXN500834,CUST20830,10093,1,13,2.3,1641
TXN500835,CUST20255,36277,1,17,0.1,1743
TXN500836,CUST20129,19939,2,20,1.2,3390
TXN500837,CUST20497,86102,1,16,8.8,2873
TXN500838,CUST20207,57593,1,15,0.7,3310
TXN500839,CUST20588,27491,1,12,2.5,724
TXN500840,CUST20890,16821,1,14,5.1,1384
TXN500841,CUST20083,28049,1,11,8.4,3204
TXN500842,CUST20405,7570,1,8,1.7,2265
TXN500843,CUST20764,19486,3,11,0.2,1521
TXN500844,CUST20782,5302,3,9,0.8,3676
TXN500845,CUST20777,12190,1,12,1.6,1104
TXN500846,CUST20168,35634,1,10,11.3,1793
TXN500847,CUST20380,10980,1,20,0.0,3119
TXN500848,CUST20611,14967,2,14,1.2,2833
TXN500849,CUST20189,16207,1,5,0.1,3923
TXN500850,CUST20876,78748,1,22,2.2,2176
TXN500851,CUST20654,42892,2,19,0.1,815
TXN500852,CUST20259,5251,1,20,0.4,1847
TXN500853,CUST20047,20516,2,11,0.8,350
TXN500854,CUST20880,54684,3,20,6.1,1210
TXN500855,CUST20601,39451,2,23,5.2,3165
TXN500856,CUST20119,26814,2,9,0.8,1560
TXN500857,CUST20722,186191,1,8,7.1,703
TXN500858,CUST20430,25389,1,14,1.7,2985
TXN500859,CUST20186,36228,1,12,0.6,3517
TXN500860,CUST20429,39773,1,16,7.3,1155
TXN500861,CUST20361,480000,1,10,5.1,2826
TXN500862,CUST20259,6284,1,17,3.0,1847
TXN500863,CUST20227,46788,1,12,0.9,1004
TXN500864,CUST20428,155006,1,11,1.8,2665
TXN500865,CUST20017,285957,2,16,3.2,2835
TXN500866,CUST20746,33825,1,21,2.4,2833
TXN500867,CUST20563,10166,4,16,1.4,3560
TXN500868,CUST20645,19168,1,18,1.9,2604
TXN500869,CUST20362,210471,2,17,3.3,3493
TXN500870,CUST20378,10919,3,12,2.4,1133
TXN500871,CUST20140,15630,1,18,0.9,1367
TXN500872,CUST20452,35639,1,11,13.9,2763
TXN500873,CUST20030,10785,1,12,0.8,1911
TXN500874,CUST20413,25320,1,8,1.1,1306
TXN500875,CUST20230,218560,1,10,1.3,1501
TXN500876,CUST20351,75352,1,16,1.7,2605
TXN500877,CUST20300,15225,1,14,9.2,525
TXN500878,CUST20617,18333,1,14,0.5,761
TXN500879,CUST20836,172857,1,10,11.1,617
TXN500880,CUST20533,16378,2,12,1.5,2630
TXN500881,CUST20592,88839,1,11,2.4,1576
TXN500882,CUST20551,29651,1,12,3.6,3104
TXN500883,CUST20707,33101,2,18,1.0,3130
TXN500884,CUST20416,297061,1,12,6.8,3659
TXN500885,CUST20006,25043,2,12,0.0,164
TXN500886,CUST20200,21490,1,14,6.5,543
TXN500887,CUST20246,148867,1,21,0.2,1664
TXN500888,CUST20750,50404,2,9,11.1,267
TXN500889,CUST20401,21050,1,21,2.9,2389
TXN500890,CUST20502,18481,1,9,0.4,3323
TXN500891,CUST20674,15003,1,11,5.8,2615
TXN500892,CUST20801,445918,1,1,276.3,1724
TXN500893,CUST20041,42134,3,9,2.5,924
TXN500894,CUST20069,25138,1,14,7.9,317
TXN500895,CUST20587,5076,1,11,9.3,2295
TXN500896,CUST20105,12198,1,18,4.1,2562
TXN500897,CUST20457,33845,1,11,3.7,1014
TXN500898,CUST20254,36164,1,23,7.2,3830
TXN500899,CUST20563,9141,2,20,0.8,3560
TXN500900,CUST20212,26293,2,10,0.6,3814
TXN500901,CUST20462,34756,2,12,0.3,2634
TXN500902,CUST20144,26293,2,17,1.5,2446
TXN500903,CUST20380,18754,2,11,0.8,3119
TXN500904,CUST20641,11710,1,7,4.7,3549
TXN500905,CUST20013,25598,1,11,0.3,750
TXN500906,CUST20745,49265,2,9,0.5,3838
TXN500907,CUST20398,138994,1,12,3.6,1389
TXN500908,CUST20123,27173,2,13,0.0,328
TXN500909,CUST20106,12954,1,7,4.3,905
TXN500910,CUST20608,33523,1,10,4.7,624
TXN500911,CUST20097,171453,1,14,10.1,1061
TXN500912,CUST20716,28968,1,16,2.4,2989
TXN500913,CUST20229,211866,1,15,1.2,861
TXN500914,CUST20704,32240,1,9,0.1,1021
TXN500915,CUST20216,437533,1,9,0.1,2105
TXN500916,CUST20171,14159,1,18,4.4,2247
TXN500917,CUST20538,104157,1,13,1.4,3018
TXN500918,CUST20147,5918,1,24,3.1,2395
TXN500919,CUST20347,59237,22,15,2.4,3988
TXN500920,CUST20127,384373,3,18,2.3,3954
TXN500921,CUST20185,13410,1,8,17.8,244
TXN500922,CUST20391,128560,1,18,0.1,2371
TXN500923,CUST20379,34645,1,14,10.1,2844
TXN500924,CUST20867,114588,1,10,6.4,2868
TXN500925,CUST20012,54383,1,19,17.4,3203
TXN500926,CUST20255,33861,3,14,2.6,1743
TXN500927,CUST20033,31247,1,10,2.3,848
TXN500928,CUST20460,85145,1,13,5.7,611
TXN500929,CUST20751,14039,1,15,5.8,2713
TXN500930,CUST20370,55243,1,18,1.2,1341
TXN500931,CUST20606,24761,1,13,7.8,1549
TXN500932,CUST20409,34420,1,10,15.1,2677
TXN500933,CUST20649,480000,1,16,0.9,2469
TXN500934,CUST20657,51980,2,14,1.3,885
TXN500935,CUST20756,116927,1,7,1.3,1772
TXN500936,CUST20265,22707,2,21,2.4,1291
TXN500937,CUST20832,20432,1,8,8.7,164
TXN500938,CUST20888,30237,3,17,11.3,1927
TXN500939,CUST20425,21655,1,18,1.7,3265
TXN500940,CUST20845,12005,2,7,5.1,1434
TXN500941,CUST20711,28225,1,19,1.5,1285
TXN500942,CUST20496,53157,2,20,1.5,895
TXN500943,CUST20037,12193,1,13,0.1,2003
TXN500944,CUST20770,37995,3,11,1.6,1916
TXN500945,CUST20006,43457,1,9,2.0,164
TXN500946,CUST20239,180379,2,9,0.9,1524
TXN500947,CUST20432,18520,2,15,1.9,527
TXN500948,CUST20193,20227,1,16,1.8,1876
TXN500949,CUST20120,7120,1,12,2.1,2169
TXN500950,CUST20689,12041,1,17,3.8,3480
TXN500951,CUST20829,30144,2,5,3.3,3313
TXN500952,CUST20116,7786,1,15,1.1,2326
TXN500953,CUST20386,39590,3,19,4.7,509
TXN500954,CUST20775,84525,1,16,0.8,2703
TXN500955,CUST20770,55167,1,6,1.9,1916
TXN500956,CUST20734,331287,3,14,1.9,1305
TXN500957,CUST20585,36455,1,17,5.2,1912
TXN500958,CUST20291,117765,1,11,2.4,890
TXN500959,CUST20778,21991,1,14,1.4,3990
TXN500960,CUST20302,14353,2,14,3.3,803
TXN500961,CUST20814,181900,1,17,6.2,2263
TXN500962,CUST20818,18781,1,8,1.8,183
TXN500963,CUST20403,455587,1,16,3.1,854
TXN500964,CUST20504,21771,1,13,0.7,2982
TXN500965,CUST20620,50439,1,13,2.3,3594
TXN500966,CUST20347,54737,22,15,9.5,3988
TXN500967,CUST20248,14660,1,15,3.5,2158
TXN500968,CUST20633,52834,1,15,2.1,1860
TXN500969,CUST20800,190573,1,2,149.8,524
TXN500970,CUST20660,17770,1,9,3.9,944
TXN500971,CUST20768,87234,3,21,1.1,48
TXN500972,CUST20169,32019,3,15,0.3,142
TXN500973,CUST20455,20105,1,9,2.0,76
TXN500974,CUST20069,12239,1,8,1.3,317
TXN500975,CUST20323,52118,4,9,3.7,3925
TXN500976,CUST20212,48785,1,12,8.9,3814
TXN500977,CUST20209,46686,1,10,2.5,2744
TXN500978,CUST20311,18156,1,14,6.9,910
TXN500979,CUST20202,17572,1,14,6.6,3446
TXN500980,CUST20395,27436,1,16,8.9,2364
TXN500981,CUST20897,40866,2,8,4.9,47
TXN500982,CUST20023,30615,3,11,0.0,3382
TXN500983,CUST20386,29568,2,8,2.5,509
TXN500984,CUST20668,19457,1,14,2.5,1298
TXN500985,CUST20498,34223,1,15,10.6,2459
TXN500986,CUST20521,11501,2,10,2.9,3169
TXN500987,CUST20700,52979,1,14,3.5,977
TXN500988,CUST20161,40378,1,6,1.7,208
TXN500989,CUST20547,7330397,2,12,8.0,2990
TXN500990,CUST20668,7741,1,16,2.8,1298
TXN500991,CUST20819,59649,2,8,2.1,1524
TXN500992,CUST20536,45188,1,12,0.2,3421
TXN500993,CUST20278,24085,1,9,3.0,921
TXN500994,CUST20236,6425,1,11,1.9,329
TXN500995,CUST20899,32475,1,13,2.0,2043
TXN500996,CUST20107,9804,2,11,1.3,1425
TXN500997,CUST20859,63332,2,9,3.9,1269
TXN500998,CUST20111,11914,1,10,5.0,2776
TXN500999,CUST20074,363257,2,19,0.0,381
TXN501000,CUST20742,22665,1,10,0.4,908
TXN501001,CUST20823,81663,1,15,1.7,716
TXN501002,CUST20825,266630,1,8,2.5,3984
TXN501003,CUST20878,79277,1,19,7.3,3215
TXN501004,CUST20040,81591,2,11,1.9,3785
TXN501005,CUST20775,30193,1,16,5.0,2703
TXN501006,CUST20668,21915,1,13,5.8,1298
TXN501007,CUST20244,20116,1,15,1.1,1268
TXN501008,CUST20369,77839,1,15,2.4,1841
TXN501009,CUST20451,8776,1,10,6.2,1365
TXN501010,CUST20773,43533,1,15,1.1,663
TXN501011,CUST20508,16716,2,16,10.8,794
TXN501012,CUST20668,18357,1,15,0.5,1298
TXN501013,CUST20441,15262,1,23,5.4,639
TXN501014,CUST20300,31006,1,3,9.4,525
TXN501015,CUST20388,389884,1,12,2.0,2427
TXN501016,CUST20340,480000,3,12,2.2,523
TXN501017,CUST20403,480000,2,11,2.7,854
TXN501018,CUST20435,22371,2,10,6.3,3199
TXN501019,CUST20489,22496,1,16,3.3,2037
TXN501020,CUST20114,35473,1,19,6.6,2862
TXN501021,CUST20266,30248,2,9,4.2,2108
TXN501022,CUST20576,54761,1,11,0.7,2341
TXN501023,CUST20447,444238,3,2,192.4,3656
TXN501024,CUST20737,66328,2,8,4.3,1053
TXN501025,CUST20356,21739,2,13,3.2,1648
TXN501026,CUST20374,148808,1,18,7.2,1043
TXN501027,CUST20686,12434,2,13,2.1,2170
TXN501028,CUST20671,31518,1,11,6.7,1800
TXN501029,CUST20313,34958,1,21,1.4,126
TXN501030,CUST20796,266575,2,17,1.4,2508
TXN501031,CUST20122,7933869,1,13,1.2,2847
TXN501032,CUST20362,183161,1,16,1.0,3493
TXN501033,CUST20605,53379,2,13,4.9,1037
TXN501034,CUST20211,43454,1,12,9.1,2583
TXN501035,CUST20781,39147,1,14,1.0,673
TXN501036,CUST20576,67824,1,7,0.3,2341
TXN501037,CUST20022,11653,1,23,4.8,1228
TXN501038,CUST20012,53648,1,12,0.1,3203
TXN501039,CUST20024,18565,1,14,3.0,2148
TXN501040,CUST20870,35783,1,8,1.2,287
TXN501041,CUST20561,66410,2,13,1.7,1192
TXN501042,CUST20218,26104,1,11,2.7,2456
TXN501043,CUST20062,47585,1,13,0.6,3011
TXN501044,CUST20860,36246,3,10,4.8,3111
TXN501045,CUST20633,46838,3,16,4.7,1860
TXN501046,CUST20145,8892,1,9,10.6,273
TXN501047,CUST20369,80707,1,12,6.4,1841
TXN501048,CUST20791,69718,1,13,4.1,796
TXN501049,CUST20079,21144,1,13,1.1,3964
TXN501050,CUST20178,17369,1,20,2.9,460
TXN501051,CUST20837,11209,2,14,1.1,3437
TXN501052,CUST20619,168924,2,14,0.4,2553
TXN501053,CUST20422,289817,1,15,0.6,3338
TXN501054,CUST20730,18940,1,11,0.0,3610
TXN501055,CUST20056,15638,1,20,3.9,2116
TXN501056,CUST20405,15854,1,10,0.5,2265
TXN501057,CUST20230,421533,2,16,14.8,1501
TXN501058,CUST20517,30744,1,15,2.2,666
TXN501059,CUST20530,19750,1,17,6.6,227
TXN501060,CUST20310,3474,1,18,5.7,1343
TXN501061,CUST20349,89417,1,11,4.0,1535
TXN501062,CUST20222,62930,1,12,1.6,1541
TXN501063,CUST20205,125086,2,14,0.4,1867
TXN501064,CUST20446,25012,1,17,2.9,1890
TXN501065,CUST20495,27733,1,13,2.9,2848
TXN501066,CUST20330,6007,1,13,1.5,2940
TXN501067,CUST20787,17744,1,18,0.7,1833
TXN501068,CUST20621,9936,1,22,0.4,1537
TXN501069,CUST20312,15663,2,16,2.4,1655
TXN501070,CUST20726,36828,1,12,14.1,1579
TXN501071,CUST20790,66394,1,18,6.0,2743
TXN501072,CUST20248,28687,2,14,6.1,2158
TXN501073,CUST20495,21523,1,9,7.6,2848
TXN501074,CUST20726,85420,1,16,5.6,1579
TXN501075,CUST20579,15375,2,17,5.0,961
TXN501076,CUST20023,42358,1,9,0.9,3382
TXN501077,CUST20162,9085,1,17,7.5,828
TXN501078,CUST20899,15879,2,22,1.0,2043
TXN501079,CUST20780,5718,1,9,3.5,2614
TXN501080,CUST20117,30895,1,9,3.2,3741
TXN501081,CUST20379,24983,1,11,2.0,2844
TXN501082,CUST20161,70321,1,13,13.7,208
TXN501083,CUST20574,5538,1,15,0.7,1017
TXN501084,CUST20115,28691,1,11,0.3,2170
TXN501085,CUST20688,32357,1,15,1.0,413
TXN501086,CUST20006,39702,1,11,0.2,164
TXN501087,CUST20034,23465,1,16,0.0,3104
TXN501088,CUST20353,33719,1,10,5.5,3872
TXN501089,CUST20475,44092,1,17,6.9,1155
TXN501090,CUST20844,456289,1,13,4.1,1224
TXN501091,CUST20464,8608,2,13,0.5,3648
TXN501092,CUST20106,19588,2,20,4.0,905
TXN501093,CUST20730,18305,2,17,2.9,3610
TXN501094,CUST20366,15205,1,14,2.6,635
TXN501095,CUST20712,89640,1,9,2.7,3721
TXN501096,CUST20652,7022,1,17,5.2,1861
TXN501097,CUST20063,23791,2,7,0.2,3678
TXN501098,CUST20766,22273,1,12,5.0,2393
TXN501099,CUST20543,25824,1,19,5.5,2388
TXN501100,CUST20488,50873,2,13,6.8,3741
TXN501101,CUST20680,330919,1,9,0.6,1287
TXN501102,CUST20198,44037,1,16,1.3,2102
TXN501103,CUST20511,8911,3,16,1.1,987
TXN501104,CUST20713,5545,1,18,4.3,844
TXN501105,CUST20641,27284,2,13,5.3,3549
TXN501106,CUST20578,21423,1,14,0.3,1760
TXN501107,CUST20436,297520,1,16,0.8,113
TXN501108,CUST20717,90132,1,17,8.1,2200
TXN501109,CUST20446,13591,1,16,5.4,1890
TXN501110,CUST20687,48312,1,17,2.5,2902
TXN501111,CUST20421,422510,2,11,4.6,3946
TXN501112,CUST20119,24999,1,7,12.7,1560
TXN501113,CUST20599,24839,1,12,1.0,1530
TXN501114,CUST20416,457382,2,16,7.0,3659
TXN501115,CUST20549,30619,1,17,1.9,365
TXN501116,CUST20882,19299,1,19,14.8,2644
TXN501117,CUST20221,10674,2,10,1.2,3154
TXN501118,CUST20836,40573,1,21,12.1,617
TXN501119,CUST20538,68479,1,11,6.7,3018
TXN501120,CUST20207,53285,1,8,3.8,3310
TXN501121,CUST20592,39637,2,18,6.5,1576
TXN501122,CUST20857,41554,1,20,12.9,3666
TXN501123,CUST20704,20515,1,7,2.9,1021
TXN501124,CUST20215,184027,2,3,397.4,1103
TXN501125,CUST20895,6778,4,11,1.7,1477
TXN501126,CUST20858,69355,2,19,1.7,1879
TXN501127,CUST20332,25140,1,5,1.5,1586
TXN501128,CUST20124,480000,1,12,1.2,1853
TXN501129,CUST20296,26906,2,12,11.8,1341
TXN501130,CUST20480,33161,2,14,0.4,1043
TXN501131,CUST20157,11189,2,18,0.2,759
TXN501132,CUST20175,383380,4,18,0.1,2399
TXN501133,CUST20592,101448,1,13,0.3,1576
TXN501134,CUST20534,145604,1,20,2.4,557
TXN501135,CUST20026,8072,1,20,4.6,876
TXN501136,CUST20564,42296,1,16,2.4,1969
TXN501137,CUST20780,8440,2,15,3.9,2614
TXN501138,CUST20260,262276,1,10,5.4,3920
TXN501139,CUST20596,124223,1,14,6.3,48
TXN501140,CUST20290,18448,4,7,20.9,3526
TXN501141,CUST20644,10843,2,19,4.2,3305
TXN501142,CUST20506,21097,2,21,1.3,2880
TXN501143,CUST20251,31155,3,16,0.7,3759
TXN501144,CUST20039,38743,1,8,9.8,160
TXN501145,CUST20858,49729,1,11,1.8,1879
TXN501146,CUST20198,53183,2,10,1.6,2102
TXN501147,CUST20569,29321,1,11,14.6,1136
TXN501148,CUST20572,64021,1,5,6.5,3084
TXN501149,CUST20756,95678,1,16,0.5,1772
TXN501150,CUST20739,43847,1,8,6.1,704
TXN501151,CUST20717,36045,31,0,6.6,2200
TXN501152,CUST20508,9087,1,17,4.4,794
TXN501153,CUST20248,34403,2,13,0.0,2158
TXN501154,CUST20472,110926,1,19,0.5,1373
TXN501155,CUST20275,14891,1,14,4.5,2241
TXN501156,CUST20218,31008,1,15,8.3,2456
TXN501157,CUST20555,21914,1,13,23.6,469
TXN501158,CUST20351,26734,1,13,1.5,2605
TXN501159,CUST20507,7164,2,15,1.6,2436
TXN501160,CUST20187,386907,2,11,2.3,3824
TXN501161,CUST20773,24081,1,5,1.4,663
TXN501162,CUST20836,76191,1,10,0.2,617
TXN501163,CUST20240,52466,1,14,1.0,2503
TXN501164,CUST20291,195635,1,16,0.4,890
TXN501165,CUST20466,17899,1,12,3.5,2980
TXN501166,CUST20187,456426,1,15,0.1,3824
TXN501167,CUST20827,10764,1,16,5.2,282
TXN501168,CUST20120,5950,1,14,1.0,2169
TXN501169,CUST20017,333817,1,11,2.1,2835
TXN501170,CUST20213,23463,1,16,3.6,2609
TXN501171,CUST20290,16742,1,11,2.0,3526
TXN501172,CUST20252,33109,3,17,1.5,1870
TXN501173,CUST20096,58520,1,18,4.6,432
TXN501174,CUST20124,480000,1,12,7.6,1853
TXN501175,CUST20625,22934,2,12,4.6,3065
TXN501176,CUST20237,43645,1,10,5.9,3077
TXN501177,CUST20800,11252,1,11,2.9,524
TXN501178,CUST20319,37020,1,16,1.0,533
TXN501179,CUST20858,43645,1,10,1.1,1879
TXN501180,CUST20434,239396,1,7,9.0,2168
TXN501181,CUST20330,9528,2,18,10.0,2940
TXN501182,CUST20021,77370,1,6,5.8,399
TXN501183,CUST20442,27219,1,15,1.6,402
TXN501184,CUST20086,23666,1,18,2.3,642
TXN501185,CUST20888,21999,2,17,0.9,1927
TXN501186,CUST20017,480000,2,17,1.4,2835
TXN501187,CUST20809,11309,2,17,7.1,2893
TXN501188,CUST20466,13249,1,12,2.9,2980
TXN501189,CUST20785,7474,1,10,5.0,1345
TXN501190,CUST20398,273549,1,12,0.1,1389
TXN501191,CUST20591,30509,2,18,4.4,590
TXN501192,CUST20574,14796,2,22,0.3,1017
TXN501193,CUST20363,164092,1,15,2.9,622
TXN501194,CUST20249,9559,1,9,2.6,3039
TXN501195,CUST20899,8731,1,23,0.2,2043
TXN501196,CUST20260,223577,1,16,0.9,3920
TXN501197,CUST20424,12188,1,11,3.2,549
TXN501198,CUST20225,32020,2,13,0.0,1769
TXN501199,CUST20555,17253,3,23,7.9,469
TXN501200,CUST20314,11418,1,15,0.9,1985
TXN501201,CUST20435,65793,4,20,3.6,3199
TXN501202,CUST20429,36780,1,13,1.8,1155
TXN501203,CUST20735,25773,1,11,1.9,1579
TXN501204,CUST20013,23190,2,15,12.6,750
TXN501205,CUST20098,223252,1,9,1.1,2124
TXN501206,CUST20542,54920,2,9,3.6,2571
TXN501207,CUST20043,12122,1,11,0.0,2904
TXN501208,CUST20078,16484,1,13,3.8,3271
TXN501209,CUST20651,4698,3,13,1.4,1997
TXN501210,CUST20507,3545,1,14,0.0,2436
TXN501211,CUST20429,25464,1,8,4.6,1155
TXN501212,CUST20818,26333,1,15,1.2,183
TXN501213,CUST20467,16961,1,20,3.2,2380
TXN501214,CUST20198,5114,22,20,18.7,2102
TXN501215,CUST20534,245884,1,17,1.4,557
TXN501216,CUST20527,68955,4,15,4.2,2209
TXN501217,CUST20844,431099,1,16,0.1,1224
TXN501218,CUST20787,11460,2,21,0.2,1833
TXN501219,CUST20387,53824,3,11,4.2,2706
TXN501220,CUST20289,459852,1,22,5.9,500
TXN501221,CUST20745,38212,2,20,0.5,3838
TXN501222,CUST20381,37213,1,2,0.4,3997
TXN501223,CUST20517,29178,1,10,1.3,666
TXN501224,CUST20546,17719,1,17,0.1,1144
TXN501225,CUST20885,6989344,1,18,2.7,2851
TXN501226,CUST20592,38448,1,13,3.1,1576
TXN501227,CUST20863,15085,1,17,1.3,3858
TXN501228,CUST20182,16473,1,15,3.6,2709
TXN501229,CUST20604,58320,2,16,3.4,1508
TXN501230,CUST20847,19203,2,14,2.5,521
TXN501231,CUST20593,14824,1,14,8.3,1089
TXN501232,CUST20143,22092,2,15,6.6,1985
TXN501233,CUST20471,26244,1,17,4.6,2185
TXN501234,CUST20455,20415,2,20,1.9,76
TXN501235,CUST20371,40965,1,18,0.0,645
TXN501236,CUST20119,32491,1,8,2.1,1560
TXN501237,CUST20086,28026,1,8,0.4,642
TXN501238,CUST20516,36422,1,12,1.7,3728
TXN501239,CUST20131,11028,3,16,1.6,2331
TXN501240,CUST20096,49535,1,12,0.8,432
TXN501241,CUST20278,77499,4,5,1.3,921
TXN501242,CUST20899,24112,1,18,4.1,2043
TXN501243,CUST20408,169954,1,17,0.9,3701
TXN501244,CUST20775,32485,1,17,8.1,2703
TXN501245,CUST20408,133192,1,18,3.4,3701
TXN501246,CUST20863,24972,2,18,3.1,3858
TXN501247,CUST20258,480000,4,18,9.6,56
TXN501248,CUST20571,5161454,1,18,11.1,2844
TXN501249,CUST20076,37719,23,7,13.1,250
TXN501250,CUST20764,23655,1,17,7.1,1521
TXN501251,CUST20590,50125,2,15,1.5,1677
TXN501252,CUST20487,18498,2,15,2.1,3724
TXN501253,CUST20544,7441174,2,17,3.2,1885
TXN501254,CUST20196,13202,1,13,1.8,3327
TXN501255,CUST20317,41885,3,23,3.8,459
TXN501256,CUST20359,10334,3,14,3.2,2284
TXN501257,CUST20602,8041,1,8,0.1,1530
TXN501258,CUST20194,25016,2,16,1.1,1003
TXN501259,CUST20469,24568,1,14,6.5,1050
TXN501260,CUST20814,114104,1,20,4.2,2263
TXN501261,CUST20389,19830,1,10,3.0,268
TXN501262,CUST20403,339062,1,12,0.2,854
TXN501263,CUST20660,39101,1,12,6.6,944
TXN501264,CUST20898,21920,1,13,7.6,177
TXN501265,CUST20394,360424,1,18,4.8,1664
TXN501266,CUST20617,12721,1,15,0.8,761
TXN501267,CUST20229,461796,1,16,5.9,861
TXN501268,CUST20704,48886,1,23,9.4,1021
TXN501269,CUST20470,11575,1,19,5.9,3709
TXN501270,CUST20127,328469,2,19,0.2,3954
TXN501271,CUST20398,170276,2,11,2.4,1389
TXN501272,CUST20067,28888,1,17,1.4,1283
TXN501273,CUST20400,31941,1,12,0.7,2072
TXN501274,CUST20196,15605,1,15,0.1,3327
TXN501275,CUST20101,68091,1,12,3.0,494
TXN501276,CUST20158,29531,1,14,1.2,3617
TXN501277,CUST20601,35867,1,12,5.3,3165
TXN501278,CUST20829,34888,1,15,2.5,3313
TXN501279,CUST20018,99931,1,14,8.7,400
TXN501280,CUST20520,50993,1,24,1.2,2429
TXN501281,CUST20565,77072,1,7,3.1,3055
TXN501282,CUST20190,22060,1,16,8.0,3717
TXN501283,CUST20601,42735,1,11,11.3,3165
TXN501284,CUST20847,29293,1,15,2.6,521
TXN501285,CUST20252,21403,1,14,8.5,1870
TXN501286,CUST20570,66057,1,16,2.1,3508
TXN501287,CUST20246,136692,1,18,1.3,1664
TXN501288,CUST20308,38478,2,17,0.1,1894
TXN501289,CUST20190,34885,1,18,4.8,3717
TXN501290,CUST20671,46928,2,16,2.0,1800
TXN501291,CUST20513,17124,1,13,2.1,271
TXN501292,CUST20161,36661,3,12,4.6,208
TXN501293,CUST20249,18022,1,18,0.7,3039
TXN501294,CUST20799,43966,2,8,0.2,3777
TXN501295,CUST20252,21622,1,16,4.8,1870
TXN501296,CUST20007,44401,1,9,0.4,1356
TXN501297,CUST20552,18593,1,17,6.7,2638
TXN501298,CUST20333,8450,1,22,1.2,3898
TXN501299,CUST20406,48643,2,13,12.4,2880
TXN501300,CUST20470,16063,1,21,5.7,3709
TXN501301,CUST20117,26203,3,14,0.9,3741
TXN501302,CUST20845,16674,2,16,5.2,1434
TXN501303,CUST20893,259667,1,18,4.2,3472
TXN501304,CUST20870,56105,1,10,0.6,287
TXN501305,CUST20483,35913,1,9,3.3,2613
TXN501306,CUST20892,22909,1,12,2.1,537
TXN501307,CUST20436,49591,33,20,2.8,113
TXN501308,CUST20711,16066,1,15,1.2,1285
TXN501309,CUST20192,213109,1,19,1.2,255
TXN501310,CUST20787,18205,1,16,5.8,1833
TXN501311,CUST20833,49751,1,15,1.4,2948
TXN501312,CUST20535,28623,1,13,6.4,864
TXN501313,CUST20771,24496,1,13,6.0,2540
TXN501314,CUST20231,72956,4,13,0.5,2363
TXN501315,CUST20180,11581,1,15,3.6,3019
TXN501316,CUST20835,34251,1,18,1.5,2855
TXN501317,CUST20253,13286,1,10,1.8,2653
TXN501318,CUST20790,66399,1,20,0.6,2743
TXN501319,CUST20195,30455,1,12,0.4,903
TXN501320,CUST20370,31492,1,10,6.0,1341
TXN501321,CUST20808,11279,1,19,3.6,1118
TXN501322,CUST20126,15276,1,16,0.4,918
TXN501323,CUST20527,76430,3,13,0.0,2209
TXN501324,CUST20311,12401,1,16,2.3,910
TXN501325,CUST20438,25233,2,15,4.6,2608
TXN501326,CUST20179,25805,1,13,5.5,3695
TXN501327,CUST20854,48486,1,10,0.3,3413
TXN501328,CUST20373,21286,1,15,0.9,999
TXN501329,CUST20465,61263,1,2,1.9,430
TXN501330,CUST20057,74361,2,13,2.3,2706
TXN501331,CUST20033,35665,1,19,2.2,848
TXN501332,CUST20818,30793,1,12,2.1,183
TXN501333,CUST20426,32777,3,16,7.3,3960
TXN501334,CUST20778,10820,1,14,18.9,3990
TXN501335,CUST20608,47798,1,13,8.0,624
TXN501336,CUST20315,35401,1,12,2.8,3767
TXN501337,CUST20636,26763,1,9,5.0,2732
TXN501338,CUST20448,351571,2,17,6.3,3188
TXN501339,CUST20889,15629,3,16,6.0,2721
TXN501340,CUST20321,106036,2,19,4.9,611
TXN501341,CUST20751,6051,2,15,4.9,2713
TXN501342,CUST20829,36926,1,10,2.4,3313
TXN501343,CUST20212,28879,2,12,11.5,3814
TXN501344,CUST20805,313555,1,17,1.5,420
TXN501345,CUST20006,53158,1,13,6.1,164
TXN501346,CUST20313,41051,1,7,0.4,126
TXN501347,CUST20522,27192,1,15,4.8,3714
TXN501348,CUST20569,36781,1,18,2.6,1136
TXN501349,CUST20627,144180,2,15,3.8,1806
TXN501350,CUST20186,28340,1,15,12.0,3517
TXN501351,CUST20823,123005,2,8,0.1,716
TXN501352,CUST20269,327767,1,14,1.7,1676
TXN501353,CUST20050,344402,1,2,164.0,1640
TXN501354,CUST20367,13581,3,16,1.1,2703
TXN501355,CUST20780,8933,1,15,1.6,2614
TXN501356,CUST20754,19422,2,12,0.0,2850
TXN501357,CUST20205,34564,3,13,0.6,1867
TXN501358,CUST20220,21775,3,14,5.6,784
TXN501359,CUST20750,37798,2,18,7.6,267
TXN501360,CUST20614,7298,1,21,5.5,3648
TXN501361,CUST20141,26630,1,14,0.2,3992
TXN501362,CUST20137,14427,1,13,1.8,2727
TXN501363,CUST20375,223208,1,15,2.6,3421
TXN501364,CUST20478,10786,2,15,3.7,3970
TXN501365,CUST20781,17435,30,12,23.4,673
TXN501366,CUST20145,8568,1,14,1.2,273
TXN501367,CUST20478,17261,1,13,0.5,3970
TXN501368,CUST20728,18177,1,19,8.9,542
TXN501369,CUST20264,33326,1,15,3.0,882
TXN501370,CUST20827,19364,3,14,5.5,282
TXN501371,CUST20582,98869,1,18,2.9,1421
TXN501372,CUST20713,6149,1,12,0.2,844
TXN501373,CUST20628,12669,1,17,0.8,1574
TXN501374,CUST20871,402831,1,5,16.3,2771
TXN501375,CUST20578,30115,2,13,3.9,1760
TXN501376,CUST20274,89104,1,9,14.0,2615
TXN501377,CUST20170,16502,1,17,0.2,1920
TXN501378,CUST20725,219085,3,14,7.9,3405
TXN501379,CUST20563,7443,1,13,2.7,3560
TXN501380,CUST20433,26243,1,17,1.1,1317
TXN501381,CUST20212,51634,2,10,1.7,3814
TXN501382,CUST20233,24585,3,20,1.7,953
TXN501383,CUST20244,23592,1,18,4.3,1268
TXN501384,CUST20427,8652,2,14,0.7,699
TXN501385,CUST20115,34630,1,24,3.6,2170
TXN501386,CUST20461,328423,1,17,6.1,3195
TXN501387,CUST20531,23156,1,6,1.4,1907
TXN501388,CUST20540,57547,1,10,3.5,2488
TXN501389,CUST20295,43519,1,18,6.5,1623
TXN501390,CUST20063,41545,2,14,3.6,3678
TXN501391,CUST20196,23526,1,12,2.2,3327
TXN501392,CUST20889,15038,1,15,3.6,2721
TXN501393,CUST20440,49699,2,13,0.1,3722
TXN501394,CUST20823,122155,1,12,2.7,716
TXN501395,CUST20541,12134,1,16,1.8,3322
TXN501396,CUST20096,35753,2,19,4.1,432
TXN501397,CUST20852,16609,2,8,1.2,213
TXN501398,CUST20033,6921464,2,13,2.7,848
TXN501399,CUST20737,37879,1,13,8.6,1053
TXN501400,CUST20386,27001,2,14,12.4,509
TXN501401,CUST20469,35446,3,15,3.2,1050
TXN501402,CUST20424,12059,1,13,2.8,549
TXN501403,CUST20002,10026,1,20,3.6,2839
TXN501404,CUST20255,22322,2,19,3.8,1743
TXN501405,CUST20122,182715,1,12,8.3,2847
TXN501406,CUST20880,23828,2,13,4.4,1210
TXN501407,CUST20095,46691,1,13,4.9,2070
TXN501408,CUST20223,35914,1,14,3.7,1749
TXN501409,CUST20311,12074,2,17,4.5,910
TXN501410,CUST20360,53367,2,15,2.8,2462
TXN501411,CUST20081,75416,1,15,0.6,672
TXN501412,CUST20758,48493,1,13,16.2,123
TXN501413,CUST20284,115055,1,6,2.0,96
TXN501414,CUST20892,12431,4,12,3.6,537
TXN501415,CUST20084,413806,1,7,6.0,898
TXN501416,CUST20897,21048,4,11,11.8,47
TXN501417,CUST20656,22669,1,15,1.7,3379
TXN501418,CUST20594,207833,3,17,2.1,3403
TXN501419,CUST20805,433725,1,17,2.9,420
TXN501420,CUST20880,22745,1,9,2.0,1210
TXN501421,CUST20289,480000,2,14,2.5,500
TXN501422,CUST20674,10316,1,14,0.7,2615
TXN501423,CUST20389,27209,1,14,4.2,268
TXN501424,CUST20505,63056,4,11,0.7,425
TXN501425,CUST20434,345149,2,11,0.4,2168
TXN501426,CUST20880,32164,1,14,0.6,1210
TXN501427,CUST20036,214415,1,12,0.3,3090
TXN501428,CUST20590,37900,1,11,2.9,1677
TXN501429,CUST20362,389056,1,17,1.5,3493
TXN501430,CUST20032,39452,1,8,1.9,732
TXN501431,CUST20393,16682,1,17,1.5,2745
TXN501432,CUST20865,7905539,2,8,2.5,596
TXN501433,CUST20701,22436,1,13,0.8,911
TXN501434,CUST20198,44955,22,20,10.7,2102
TXN501435,CUST20556,10276,2,16,3.3,1347
TXN501436,CUST20144,72729,1,12,1.8,2446
TXN501437,CUST20365,27556,1,9,3.2,2147
TXN501438,CUST20397,74872,2,10,2.4,1479
TXN501439,CUST20841,11061,1,19,1.9,33
TXN501440,CUST20390,39180,1,7,7.4,702
TXN501441,CUST20790,90565,1,11,4.2,2743
TXN501442,CUST20705,49764,1,15,6.2,2647
TXN501443,CUST20684,102668,2,14,0.2,304
TXN501444,CUST20308,17854,1,8,0.0,1894
TXN501445,CUST20504,55085,2,14,4.9,2982
TXN501446,CUST20222,69425,1,7,2.6,1541
TXN501447,CUST20504,65447,1,15,6.0,2982
TXN501448,CUST20617,13985,1,10,1.4,761
TXN501449,CUST20531,471188,3,1,359.4,1907
TXN501450,CUST20091,6101,1,13,5.5,1438
TXN501451,CUST20090,62523,1,13,6.5,2421
TXN501452,CUST20064,22234,3,12,0.2,2464
TXN501453,CUST20497,121698,2,9,1.9,2873
TXN501454,CUST20447,43888,1,13,3.7,3656
TXN501455,CUST20057,40594,1,18,0.2,2706
TXN501456,CUST20253,10579,1,11,9.1,2653
TXN501457,CUST20496,32622,2,17,6.3,895
TXN501458,CUST20077,4836,1,17,4.8,3369
TXN501459,CUST20095,32811,1,11,4.3,2070
TXN501460,CUST20395,37072,1,15,2.0,2364
TXN501461,CUST20402,8510,2,8,1.6,2321
TXN501462,CUST20569,41985,1,16,0.1,1136
TXN501463,CUST20680,7816375,3,20,3.3,1287
TXN501464,CUST20046,29971,2,11,1.4,460
TXN501465,CUST20269,224781,2,17,5.0,1676
TXN501466,CUST20638,25025,1,16,1.8,3163
TXN501467,CUST20503,20026,2,17,0.4,1134
TXN501468,CUST20888,34116,3,9,0.9,1927
TXN501469,CUST20718,36485,1,14,3.3,3204
TXN501470,CUST20486,26421,1,11,4.0,1067
TXN501471,CUST20683,16289,1,12,2.6,3857
TXN501472,CUST20797,11767,3,18,0.8,2764
TXN501473,CUST20762,133042,4,11,2.4,2733
TXN501474,CUST20670,197490,1,11,5.0,312
TXN501475,CUST20323,47411,1,11,1.1,3925
TXN501476,CUST20640,3888,1,10,1.0,850
TXN501477,CUST20594,184696,1,19,0.1,3403
TXN501478,CUST20068,243508,2,14,5.5,136
TXN501479,CUST20481,66777,1,12,3.0,1892
TXN501480,CUST20510,480000,1,13,1.2,2989
TXN501481,CUST20776,25620,1,15,0.5,3250
TXN501482,CUST20797,15353,1,8,0.7,2764
TXN501483,CUST20041,77422,1,10,5.2,924
TXN501484,CUST20124,480000,1,10,0.9,1853
TXN501485,CUST20801,42163,1,14,0.2,1724
TXN501486,CUST20815,29537,1,20,8.5,255
TXN501487,CUST20013,24725,2,17,0.8,750
TXN501488,CUST20868,72758,1,16,0.2,338
TXN501489,CUST20819,44666,2,14,4.1,1524
TXN501490,CUST20774,74542,1,13,2.4,3056
TXN501491,CUST20675,54309,1,14,1.9,752
TXN501492,CUST20223,28697,1,12,3.8,1749
TXN501493,CUST20140,28929,1,13,3.2,1367
TXN501494,CUST20535,10475,1,15,2.4,864
TXN501495,CUST20673,73272,1,18,1.3,1656
TXN501496,CUST20878,65713,1,4,3.6,3215
TXN501497,CUST20306,19658,2,15,3.8,1256
TXN501498,CUST20162,6839,2,9,1.1,828
TXN501499,CUST20261,26167,1,15,2.5,1675
TXN501500,CUST20899,10621,1,21,0.1,2043
TXN501501,CUST20834,23810,2,10,2.5,297
TXN501502,CUST20214,31427,3,15,1.5,1992
TXN501503,CUST20535,16005,1,12,4.5,864
TXN501504,CUST20563,15830,1,16,0.4,3560
TXN501505,CUST20613,50297,1,15,3.4,2482
TXN501506,CUST20142,13701,1,10,4.4,68
TXN501507,CUST20074,480000,2,10,0.4,381
TXN501508,CUST20731,259145,1,14,0.3,218
TXN501509,CUST20077,5152,1,17,3.3,3369
TXN501510,CUST20311,5281,2,18,1.0,910
TXN501511,CUST20056,14659,1,8,3.0,2116
TXN501512,CUST20602,26908,2,20,3.3,1530
TXN501513,CUST20892,16748,2,13,0.2,537
TXN501514,CUST20407,21956,2,17,5.9,3531
TXN501515,CUST20494,33249,1,15,9.5,2729
TXN501516,CUST20634,460186,1,11,4.0,1279
TXN501517,CUST20417,14962,2,12,5.4,1001
TXN501518,CUST20293,219436,1,15,0.7,1120
TXN501519,CUST20689,17931,1,14,2.7,3480
TXN501520,CUST20493,14668,2,13,4.2,2626
TXN501521,CUST20607,269828,1,19,2.6,943
TXN501522,CUST20017,380283,2,15,5.7,2835
TXN501523,CUST20334,315787,1,12,1.8,1632
TXN501524,CUST20114,30821,1,11,14.1,2862
TXN501525,CUST20424,9257,1,14,3.1,549
TXN501526,CUST20733,49391,1,12,1.6,361
TXN501527,CUST20840,233265,1,14,5.4,1366
TXN501528,CUST20309,225636,1,16,2.2,2207
TXN501529,CUST20290,12847,1,19,3.9,3526
TXN501530,CUST20580,133343,1,11,0.8,1611
TXN501531,CUST20857,35330,1,12,3.0,3666
TXN501532,CUST20576,54379,1,9,6.5,2341
TXN501533,CUST20246,80653,1,8,1.7,1664
TXN501534,CUST20561,45180,1,7,9.0,1192
TXN501535,CUST20035,12646,1,17,0.0,771
TXN501536,CUST20629,10501,1,15,6.3,3005
TXN501537,CUST20295,21528,2,12,1.3,1623
TXN501538,CUST20564,37853,2,11,2.0,1969
TXN501539,CUST20319,23736,1,13,1.2,533
TXN501540,CUST20236,16778,1,20,3.4,329
TXN501541,CUST20811,427239,1,7,3.3,3051
TXN501542,CUST20403,480000,1,11,0.9,854
TXN501543,CUST20362,156853,1,5,1.0,3493
TXN501544,CUST20843,51664,1,11,4.3,2406
TXN501545,CUST20001,118272,1,11,3.7,40
TXN501546,CUST20855,32765,2,13,5.7,255
TXN501547,CUST20595,19045,3,17,2.3,3442
TXN501548,CUST20843,31584,1,13,0.0,2406
TXN501549,CUST20190,22361,1,9,0.6,3717
TXN501550,CUST20261,13483,2,8,2.7,1675
TXN501551,CUST20138,26797,2,19,7.8,3020
TXN501552,CUST20611,28355,1,8,5.2,2833
TXN501553,CUST20432,23492,1,0,0.3,527
TXN501554,CUST20895,12328,2,16,0.1,1477
TXN501555,CUST20396,33442,1,14,9.4,1915
TXN501556,CUST20468,290510,1,11,8.4,478
TXN501557,CUST20887,480000,1,14,6.1,3938
TXN501558,CUST20548,47092,3,10,5.8,307
TXN501559,CUST20524,118928,1,10,6.1,586
TXN501560,CUST20200,31375,2,8,1.1,543
TXN501561,CUST20256,16968,1,21,3.7,823
TXN501562,CUST20038,43877,1,13,2.5,3960
TXN501563,CUST20646,156588,1,10,1.1,131
TXN501564,CUST20127,97082,1,14,2.3,3954
TXN501565,CUST20137,13215,1,11,4.3,2727
TXN501566,CUST20532,21609,1,13,1.1,3303
TXN501567,CUST20132,16307,1,19,3.0,2125
TXN501568,CUST20776,2907696,1,19,1.8,3250
TXN501569,CUST20037,5839,1,16,6.9,2003
TXN501570,CUST20566,20451,1,11,10.1,1811
TXN501571,CUST20471,15896,2,6,1.0,2185
TXN501572,CUST20449,29089,1,13,0.2,2085
TXN501573,CUST20145,3760,2,16,0.7,273
TXN501574,CUST20839,22938,3,11,4.3,759
TXN501575,CUST20794,178940,1,15,2.0,1034
TXN501576,CUST20846,6134,1,11,12.2,3234
TXN501577,CUST20739,56797,1,15,6.9,704
TXN501578,CUST20694,16617,2,16,7.1,58
TXN501579,CUST20244,43364,4,16,0.0,1268
TXN501580,CUST20749,54715,1,15,2.9,2574
TXN501581,CUST20778,34245,1,14,2.5,3990
TXN501582,CUST20407,39010,1,10,4.8,3531
TXN501583,CUST20319,11130,1,12,2.0,533
TXN501584,CUST20289,480000,1,14,0.9,500
TXN501585,CUST20633,57893,1,7,11.0,1860
TXN501586,CUST20290,23559,1,10,3.2,3526
TXN501587,CUST20609,14295,1,16,2.9,3941
TXN501588,CUST20058,450549,1,12,13.1,2281
TXN501589,CUST20385,15008,2,22,5.2,669
TXN501590,CUST20701,17106,2,10,4.3,911
TXN501591,CUST20524,128030,1,16,4.0,586
TXN501592,CUST20671,34284,3,16,3.0,1800
TXN501593,CUST20264,28908,1,10,0.5,882
TXN501594,CUST20014,7426,1,12,1.4,256
TXN501595,CUST20430,19055,2,15,3.7,2985
TXN501596,CUST20769,9589,1,9,1.9,1821
TXN501597,CUST20703,29515,1,15,0.9,482
TXN501598,CUST20741,275307,1,13,13.3,3814
TXN501599,CUST20821,60788,2,15,0.4,1234
TXN501600,CUST20213,9636,1,15,2.8,2609
TXN501601,CUST20828,89066,1,5,0.7,1106
TXN501602,CUST20076,4840003,1,11,4.8,250
TXN501603,CUST20263,241889,1,5,0.7,2115
TXN501604,CUST20392,21883,1,11,5.0,1043
TXN501605,CUST20072,12936,2,6,2.4,2037
TXN501606,CUST20889,14500,1,15,10.3,2721
TXN501607,CUST20804,199660,1,14,1.3,2172
TXN501608,CUST20318,33565,1,17,3.2,2837
TXN501609,CUST20703,16091,1,6,1.9,482
TXN501610,CUST20310,4846,3,14,10.7,1343
TXN501611,CUST20609,31445,1,19,3.1,3941
TXN501612,CUST20553,81499,1,10,14.2,2372
TXN501613,CUST20018,59091,2,12,0.2,400
TXN501614,CUST20698,26502,1,21,0.7,3099
TXN501615,CUST20203,188277,1,16,6.5,1821
TXN501616,CUST20795,54471,1,12,3.4,541
TXN501617,CUST20289,356188,2,20,1.7,500
TXN501618,CUST20542,38333,1,11,0.8,2571
TXN501619,CUST20062,27465,1,14,0.9,3011
TXN501620,CUST20645,12057,2,19,0.9,2604
TXN501621,CUST20230,480000,4,9,1.3,1501
TXN501622,CUST20294,28315,1,10,7.0,602
TXN501623,CUST20164,12859,1,13,4.4,855
TXN501624,CUST20707,40904,1,14,8.6,3130
TXN501625,CUST20670,157656,1,10,0.5,312
TXN501626,CUST20427,9760,2,13,0.9,699
TXN501627,CUST20631,28007,1,7,3.8,3902
TXN501628,CUST20861,27038,1,17,6.4,3929
TXN501629,CUST20287,58623,1,15,0.7,1020
TXN501630,CUST20371,36834,1,7,2.3,645
TXN501631,CUST20252,24011,4,7,6.0,1870
TXN501632,CUST20754,29932,1,10,1.4,2850
TXN501633,CUST20615,20086,1,17,3.6,49
TXN501634,CUST20165,101127,4,21,6.1,2783
TXN501635,CUST20441,26842,1,15,1.1,639
TXN501636,CUST20140,12557,1,12,2.9,1367
TXN501637,CUST20452,35455,1,11,5.0,2763
TXN501638,CUST20373,33436,2,19,4.6,999
TXN501639,CUST20100,24819,2,11,6.3,1919
TXN501640,CUST20708,10357,1,8,1.7,3282
TXN501641,CUST20173,38594,1,11,4.0,1151
TXN501642,CUST20672,47407,1,10,2.3,3658
TXN501643,CUST20728,10714,1,16,4.2,542
TXN501644,CUST20422,888508,1,2,194.8,3338
TXN501645,CUST20245,23305,2,11,1.3,3265
TXN501646,CUST20553,88798,1,11,2.2,2372
TXN501647,CUST20141,43030,1,15,0.4,3992
TXN501648,CUST20425,20109,1,14,4.6,3265
TXN501649,CUST20483,18294,1,8,6.6,2613
TXN501650,CUST20269,371656,2,6,8.1,1676
TXN501651,CUST20291,203794,2,11,0.5,890
TXN501652,CUST20500,5393,1,10,1.1,722
TXN501653,CUST20834,37278,1,12,3.8,297
TXN501654,CUST20794,396861,2,23,3.6,1034
TXN501655,CUST20156,28000,1,22,0.3,3195
TXN501656,CUST20271,25198,2,12,1.0,521
TXN501657,CUST20200,20388,1,18,14.5,543
TXN501658,CUST20600,18909,1,14,3.1,1892
TXN501659,CUST20153,48993,1,13,3.4,1335
TXN501660,CUST20475,43017,1,12,0.1,1155
TXN501661,CUST20267,23933,1,13,0.1,443
TXN501662,CUST20480,51039,1,13,8.7,1043
TXN501663,CUST20494,19104,2,10,1.5,2729
TXN501664,CUST20639,20588,1,15,1.4,1017
TXN501665,CUST20122,236598,3,7,0.5,2847
TXN501666,CUST20866,66262,1,8,2.3,247
TXN501667,CUST20516,41722,1,7,2.7,3728
TXN501668,CUST20037,8036,1,19,0.1,2003
TXN501669,CUST20241,50883,4,14,9.2,1539
TXN501670,CUST20128,480000,1,19,5.4,3238
TXN501671,CUST20529,14974,1,11,2.0,2265
TXN501672,CUST20694,30628,1,11,6.2,58
TXN501673,CUST20470,20423,1,4,1.5,3709
TXN501674,CUST20441,27542,1,15,4.9,639
TXN501675,CUST20552,21114,2,12,5.3,2638
TXN501676,CUST20468,406103,1,7,10.1,478
TXN501677,CUST20826,8595,1,18,6.2,309
TXN501678,CUST20403,480000,1,14,0.6,854
TXN501679,CUST20422,480000,1,19,6.6,3338
TXN501680,CUST20034,27706,4,6,0.7,3104
TXN501681,CUST20825,238287,2,14,4.2,3984
TXN501682,CUST20560,259872,3,8,2.2,1054
TXN501683,CUST20169,16350,2,13,6.6,142
TXN501684,CUST20462,42731,1,14,2.2,2634
TXN501685,CUST20333,12968,1,14,10.1,3898
TXN501686,CUST20063,18842,1,16,1.5,3678
TXN501687,CUST20466,13604,1,16,8.5,2980
TXN501688,CUST20882,17661,2,12,0.8,2644
TXN501689,CUST20736,39295,1,17,5.5,2486
TXN501690,CUST20655,19296,1,15,0.7,632
TXN501691,CUST20112,37686,1,12,0.3,977
TXN501692,CUST20364,323109,1,4,257.2,2081
TXN501693,CUST20276,7962,1,17,1.2,1220
TXN501694,CUST20785,6481,1,9,5.8,1345
TXN501695,CUST20063,26578,1,16,3.0,3678
TXN501696,CUST20732,324596,1,11,2.1,1082
TXN501697,CUST20154,480000,1,16,1.5,2298
TXN501698,CUST20590,95775,2,15,1.4,1677
TXN501699,CUST20384,10104,1,10,3.0,3498
TXN501700,CUST20235,34057,1,18,1.4,284
TXN501701,CUST20808,19378,1,11,5.2,1118
TXN501702,CUST20053,38792,1,14,1.8,3482
TXN501703,CUST20347,32622,1,15,3.5,3988
TXN501704,CUST20149,268952,1,10,4.7,502
TXN501705,CUST20274,56387,1,13,10.0,2615
TXN501706,CUST20641,15182,1,11,2.4,3549
TXN501707,CUST20428,127182,1,10,2.0,2665
TXN501708,CUST20645,11437,1,13,14.0,2604
TXN501709,CUST20842,13637,1,10,0.1,685
TXN501710,CUST20538,84295,1,15,2.0,3018
TXN501711,CUST20655,29788,1,12,3.7,632
TXN501712,CUST20218,20039,1,18,0.7,2456
TXN501713,CUST20263,199270,1,16,7.2,2115
TXN501714,CUST20168,21145,1,11,2.7,1793
TXN501715,CUST20673,17377,1,18,7.8,1656
TXN501716,CUST20238,142439,1,17,8.0,2884
TXN501717,CUST20702,31921,1,20,3.1,922
TXN501718,CUST20474,13013,1,12,2.4,3356
TXN501719,CUST20668,9983,1,12,0.7,1298
TXN501720,CUST20428,134939,1,11,3.1,2665
TXN501721,CUST20734,352380,1,14,1.8,1305
TXN501722,CUST20680,369695,1,12,1.1,1287
TXN501723,CUST20212,25077,1,15,2.0,3814
TXN501724,CUST20782,9554,1,13,8.9,3676
TXN501725,CUST20035,19449,1,19,4.1,771
TXN501726,CUST20058,430233,2,17,5.3,2281
TXN501727,CUST20564,22541,3,19,1.9,1969
TXN501728,CUST20447,23199,1,17,17.1,3656
TXN501729,CUST20138,20839,2,20,0.2,3020
TXN501730,CUST20279,30527,1,13,0.4,173
TXN501731,CUST20296,33309,1,20,2.7,1341
TXN501732,CUST20884,39655,3,12,3.6,720
TXN501733,CUST20214,21921,1,24,0.3,1992
TXN501734,CUST20227,14009,1,19,10.2,1004
TXN501735,CUST20336,208270,1,11,10.0,3477
TXN501736,CUST20167,49035,1,9,0.5,188
TXN501737,CUST20020,31503,1,6,9.9,3959
TXN501738,CUST20421,480000,1,16,3.8,3946
TXN501739,CUST20082,25569,3,20,0.8,1219
TXN501740,CUST20799,30765,1,7,0.2,3777
TXN501741,CUST20085,247104,1,13,0.2,3553
TXN501742,CUST20711,11831,3,9,0.3,1285
TXN501743,CUST20654,62522,1,11,2.9,815
TXN501744,CUST20771,54333,1,13,0.2,2540
TXN501745,CUST20818,18746,2,10,0.3,183
TXN501746,CUST20358,166532,1,9,7.0,1591
TXN501747,CUST20347,17218,1,12,4.2,3988
TXN501748,CUST20020,28771,1,11,3.0,3959
TXN501749,CUST20633,41428,1,15,8.6,1860
TXN501750,CUST20854,88338,1,23,0.1,3413
TXN501751,CUST20887,387137,1,10,4.1,3938
TXN501752,CUST20833,118659,1,20,6.7,2948
TXN501753,CUST20705,26698,1,18,3.8,2647
TXN501754,CUST20082,9197,1,17,2.5,1219
TXN501755,CUST20791,99657,2,17,3.9,796
TXN501756,CUST20397,54703,1,14,15.0,1479
TXN501757,CUST20743,167516,3,13,3.5,805
TXN501758,CUST20250,51125,2,16,5.8,1116
TXN501759,CUST20852,17975,1,9,10.0,213
TXN501760,CUST20583,47762,1,15,0.4,2977
TXN501761,CUST20617,10045,1,13,1.9,761
TXN501762,CUST20728,18887,2,11,0.2,542
TXN501763,CUST20424,9492,1,14,6.1,549
TXN501764,CUST20737,45575,1,18,1.8,1053
TXN501765,CUST20409,36653,1,15,8.5,2677
TXN501766,CUST20435,41391,1,13,3.5,3199
TXN501767,CUST20021,110827,1,9,1.1,399
TXN501768,CUST20328,41067,1,14,1.4,2190
TXN501769,CUST20036,160210,1,18,1.7,3090
TXN501770,CUST20589,315015,1,16,2.6,1277
TXN501771,CUST20266,29714,1,20,0.3,2108
TXN501772,CUST20663,289375,3,14,2.1,1784
TXN501773,CUST20147,3241,1,16,1.5,2395
TXN501774,CUST20451,17461,1,14,5.3,1365
TXN501775,CUST20409,44106,2,17,4.2,2677
TXN501776,CUST20374,127673,2,15,0.2,1043
TXN501777,CUST20828,73754,1,14,2.9,1106
TXN501778,CUST20137,17938,1,9,13.4,2727
TXN501779,CUST20835,27693,1,10,1.7,2855
TXN501780,CUST20718,19534,1,12,1.9,3204
TXN501781,CUST20145,4705,2,18,1.1,273
TXN501782,CUST20662,20539,1,16,1.1,3215
TXN501783,CUST20656,26240,1,14,1.8,3379
TXN501784,CUST20298,30508,1,11,0.4,2162
TXN501785,CUST20233,25149,3,13,3.2,953
TXN501786,CUST20816,59190,1,14,3.5,312
TXN501787,CUST20177,11825,1,2,2.5,1755
TXN501788,CUST20100,23285,2,10,2.3,1919
TXN501789,CUST20460,165362,1,12,3.3,611
TXN501790,CUST20087,16973,2,16,1.2,224
TXN501791,CUST20067,23862,1,13,1.2,1283
TXN501792,CUST20570,38125,1,15,4.1,3508
TXN501793,CUST20828,51956,2,22,0.3,1106
TXN501794,CUST20380,31577,1,10,1.4,3119
TXN501795,CUST20411,13130,2,8,11.1,1903
TXN501796,CUST20558,15347,4,10,1.9,3039
TXN501797,CUST20618,411493,4,19,1.3,2320
TXN501798,CUST20697,16085,1,16,2.2,2446
TXN501799,CUST20557,49857,1,12,0.9,345
TXN501800,CUST20580,111989,1,12,7.3,1611
TXN501801,CUST20563,11309,1,15,3.5,3560
TXN501802,CUST20825,226154,2,18,11.7,3984
TXN501803,CUST20573,18404,1,15,0.5,3794
TXN501804,CUST20443,37524,1,13,6.8,3113
TXN501805,CUST20128,480000,1,13,2.4,3238
TXN501806,CUST20467,15589,1,12,0.5,2380
TXN501807,CUST20403,299161,1,17,0.9,854
TXN501808,CUST20539,12745,1,16,5.4,419
TXN501809,CUST20763,170735,1,20,6.2,1043
TXN501810,CUST20837,24373,2,13,0.5,3437
TXN501811,CUST20010,21752,1,14,4.7,2385
TXN501812,CUST20743,211196,1,12,4.4,805
TXN501813,CUST20165,85072,1,18,3.2,2783
TXN501814,CUST20569,36272,1,18,0.3,1136
TXN501815,CUST20642,313216,3,14,7.2,1966
TXN501816,CUST20183,17224,2,12,2.5,2726
TXN501817,CUST20169,11452,1,6,3.4,142
TXN501818,CUST20870,26948,1,11,5.1,287
TXN501819,CUST20061,12125,1,12,1.7,2621
TXN501820,CUST20116,9799,2,15,1.2,2326
TXN501821,CUST20200,6312138,2,20,0.3,543
TXN501822,CUST20321,33963,1,10,3.9,611
TXN501823,CUST20546,21800,1,20,3.2,1144
TXN501824,CUST20378,32790,1,15,5.9,1133
TXN501825,CUST20343,37515,1,17,0.9,3727
TXN501826,CUST20171,14561,2,21,0.0,2247
TXN501827,CUST20091,10382,2,13,1.1,1438
TXN501828,CUST20650,35053,1,21,0.3,3463
TXN501829,CUST20790,164340,1,20,1.9,2743
TXN501830,CUST20321,32667,3,10,1.1,611
TXN501831,CUST20534,275280,4,14,1.0,557
TXN501832,CUST20429,31084,1,17,2.5,1155
TXN501833,CUST20482,15476,1,12,1.4,823
TXN501834,CUST20584,21778,1,7,10.6,2382
TXN501835,CUST20207,71921,1,18,1.8,3310
TXN501836,CUST20386,36550,1,14,10.2,509
TXN501837,CUST20847,7406,1,7,2.3,521
TXN501838,CUST20458,24302,1,9,0.5,2733
TXN501839,CUST20119,30494,1,9,2.9,1560
TXN501840,CUST20437,17786,1,9,1.2,3832
TXN501841,CUST20437,46522,1,19,7.3,3832
TXN501842,CUST20213,55804,1,12,4.3,2609
TXN501843,CUST20523,50099,1,11,2.2,3292
TXN501844,CUST20616,53333,1,21,2.0,1227
TXN501845,CUST20663,363716,1,14,7.2,1784
TXN501846,CUST20298,52400,1,12,1.5,2162
TXN501847,CUST20209,26307,1,22,0.0,2744
TXN501848,CUST20490,35074,3,19,0.9,1619
TXN501849,CUST20244,26170,1,11,0.3,1268
TXN501850,CUST20599,30283,1,17,4.7,1530
TXN501851,CUST20511,7220,1,22,2.4,987
TXN501852,CUST20472,100444,1,17,1.1,1373
TXN501853,CUST20726,45121,1,17,2.0,1579
TXN501854,CUST20102,53645,4,15,0.8,3155
TXN501855,CUST20439,17195,2,12,3.6,3504
TXN501856,CUST20819,83023,1,14,1.7,1524
TXN501857,CUST20110,36573,1,11,3.4,3054
TXN501858,CUST20017,480000,1,13,1.4,2835
TXN501859,CUST20776,27448,1,9,3.6,3250
TXN501860,CUST20713,15720,3,12,4.7,844
TXN501861,CUST20588,34705,1,12,13.9,724
TXN501862,CUST20007,31006,3,16,0.4,1356
TXN501863,CUST20821,29565,1,11,3.7,1234
TXN501864,CUST20705,37615,1,10,2.7,2647
TXN501865,CUST20200,11619,3,14,1.7,543
TXN501866,CUST20701,32059,3,21,3.5,911
TXN501867,CUST20348,36534,2,16,0.6,1944
TXN501868,CUST20654,70643,1,14,0.6,815
TXN501869,CUST20003,17036,2,8,6.2,1216
TXN501870,CUST20214,26628,2,10,0.4,1992
TXN501871,CUST20154,317132,1,19,0.8,2298
TXN501872,CUST20716,22374,1,12,3.2,2989
TXN501873,CUST20123,31410,2,7,3.4,328
TXN501874,CUST20758,71204,1,16,0.7,123
TXN501875,CUST20664,15533,1,14,2.5,580
TXN501876,CUST20702,23431,2,13,5.4,922
TXN501877,CUST20236,23556,2,20,1.5,329
TXN501878,CUST20428,140802,1,13,8.1,2665
TXN501879,CUST20115,3574080,3,18,4.6,2170
TXN501880,CUST20512,308168,1,16,1.5,2004
TXN501881,CUST20489,50431,1,11,0.1,2037
TXN501882,CUST20321,38129,1,17,8.2,611
TXN501883,CUST20658,67829,1,24,10.0,2032
TXN501884,CUST20562,13677,2,19,1.1,1290
TXN501885,CUST20566,39843,1,15,4.3,1811
TXN501886,CUST20076,48460,23,7,12.8,250
TXN501887,CUST20508,14753,1,6,1.6,794
TXN501888,CUST20604,15501,1,18,9.1,1508
TXN501889,CUST20556,6601,2,7,1.3,1347
TXN501890,CUST20541,24055,1,14,10.4,3322
TXN501891,CUST20648,5604077,3,8,1.8,2441
TXN501892,CUST20251,29489,2,9,2.0,3759
TXN501893,CUST20075,14587,1,21,0.0,2711
TXN501894,CUST20473,480000,1,15,1.8,1302
TXN501895,CUST20035,33765,1,15,12.0,771
TXN501896,CUST20861,17591,1,11,4.7,3929
TXN501897,CUST20781,26728,30,12,16.1,673
TXN501898,CUST20479,25311,1,10,1.8,757
TXN501899,CUST20349,146570,2,13,8.1,1535
TXN501900,CUST20267,50640,1,11,4.6,443
TXN501901,CUST20525,22454,1,21,4.4,1258
TXN501902,CUST20181,150637,2,20,2.2,1172
TXN501903,CUST20203,154900,1,15,2.8,1821
TXN501904,CUST20671,18434,2,16,3.9,1800
TXN501905,CUST20380,22714,3,13,6.3,3119
TXN501906,CUST20093,15391,1,18,0.6,2604
TXN501907,CUST20150,26127,1,16,0.8,1131
TXN501908,CUST20131,19499,1,16,2.9,2331
TXN501909,CUST20803,29421,2,19,1.1,3607
TXN501910,CUST20401,20206,1,8,2.6,2389
TXN501911,CUST20105,9446,1,1,0.1,2562
TXN501912,CUST20756,128806,1,16,3.8,1772
TXN501913,CUST20004,480000,1,13,0.5,815
TXN501914,CUST20859,79909,1,13,5.3,1269
TXN501915,CUST20692,12197,1,15,2.8,2641
TXN501916,CUST20875,33163,1,11,3.0,778
TXN501917,CUST20612,12629,1,14,4.2,2878
TXN501918,CUST20174,13662,1,11,0.6,3073
TXN501919,CUST20465,43170,2,12,3.5,430
TXN501920,CUST20202,14247,1,14,0.1,3446
TXN501921,CUST20456,18926,1,15,2.8,1320
TXN501922,CUST20179,12447,1,20,0.7,3695
TXN501923,CUST20148,15860,1,15,9.9,2442
TXN501924,CUST20864,321124,2,14,7.6,3776
TXN501925,CUST20087,13419,1,16,5.7,224
TXN501926,CUST20201,29791,1,15,0.5,911
TXN501927,CUST20472,225295,3,11,3.8,1373
TXN501928,CUST20537,15375,1,9,0.8,3917
TXN501929,CUST20436,155425,3,22,3.6,113
TXN501930,CUST20668,8974,3,18,3.0,1298
TXN501931,CUST20838,11410,1,15,0.9,1205
TXN501932,CUST20174,21672,1,14,4.7,3073
TXN501933,CUST20796,402423,1,12,4.1,2508
TXN501934,CUST20252,24301,1,12,2.0,1870
TXN501935,CUST20793,118773,2,14,4.0,2180
TXN501936,CUST20510,171236,3,10,2.6,2989
TXN501937,CUST20741,178931,2,11,0.2,3814
TXN501938,CUST20476,22016,2,22,2.4,660
TXN501939,CUST20013,28792,1,16,0.7,750
TXN501940,CUST20845,19156,1,2,2.1,1434
TXN501941,CUST20850,11346,1,17,3.6,1946
TXN501942,CUST20883,10296,1,7,2.8,2697
TXN501943,CUST20182,41071,3,13,7.2,2709
TXN501944,CUST20199,41602,2,16,14.4,2953
TXN501945,CUST20781,19347,30,12,4.4,673
TXN501946,CUST20290,27626,1,14,5.6,3526
TXN501947,CUST20283,15133,1,1,0.6,1847
TXN501948,CUST20160,180333,2,23,10.7,116
TXN501949,CUST20154,446489,1,11,0.6,2298
TXN501950,CUST20297,25517,1,15,4.3,2130
TXN501951,CUST20385,8270,1,11,6.3,669
TXN501952,CUST20035,17797,2,18,1.7,771
TXN501953,CUST20897,27839,1,15,6.2,47
TXN501954,CUST20707,29918,1,13,6.3,3130
TXN501955,CUST20492,6272,2,12,0.7,801
TXN501956,CUST20318,14813,2,17,0.2,2837
TXN501957,CUST20092,34471,3,13,1.0,2634
TXN501958,CUST20515,16754,2,13,3.3,2209
TXN501959,CUST20405,10079,1,13,3.2,2265
TXN501960,CUST20656,33059,1,19,0.3,3379
TXN501961,CUST20031,24839,1,14,1.2,3137
TXN501962,CUST20677,143092,1,18,3.5,2934
TXN501963,CUST20863,22415,3,11,9.1,3858
TXN501964,CUST20891,35274,1,10,0.5,189
TXN501965,CUST20021,55765,1,18,11.7,399
TXN501966,CUST20612,33218,1,12,1.4,2878
TXN501967,CUST20779,78097,3,6,0.9,1113
TXN501968,CUST20584,20860,1,9,0.8,2382
TXN501969,CUST20158,17701,3,14,0.2,3617
TXN501970,CUST20714,26639,2,18,0.9,1874
TXN501971,CUST20473,345547,1,5,2.7,1302
TXN501972,CUST20011,72805,1,14,5.4,1856
TXN501973,CUST20832,15020,1,15,1.3,164
TXN501974,CUST20187,312405,1,17,1.0,3824
TXN501975,CUST20269,420928,1,14,1.5,1676
TXN501976,CUST20466,9617,1,13,2.1,2980
TXN501977,CUST20101,482873,1,3,83.5,494
TXN501978,CUST20423,195513,1,14,5.7,913
TXN501979,CUST20500,8616,1,13,8.3,722
TXN501980,CUST20292,6845,1,13,4.0,504
TXN501981,CUST20136,53820,1,11,3.9,2149
TXN501982,CUST20269,191153,1,14,1.5,1676
TXN501983,CUST20894,16979,2,16,20.9,2960
TXN501984,CUST20790,73871,1,15,0.3,2743
TXN501985,CUST20530,19733,2,12,4.3,227
TXN501986,CUST20878,71630,1,15,1.1,3215
TXN501987,CUST20259,6894,4,16,0.6,1847
TXN501988,CUST20271,81360,1,15,1.5,521
TXN501989,CUST20073,19803,1,12,2.6,1797
TXN501990,CUST20014,9959,1,16,2.6,256
TXN501991,CUST20498,49922,2,21,9.5,2459
TXN501992,CUST20417,28851,2,13,4.8,1001
TXN501993,CUST20012,40473,2,14,1.9,3203
TXN501994,CUST20013,32208,1,12,1.3,750
TXN501995,CUST20776,19860,1,21,4.3,3250
TXN501996,CUST20169,7884,2,13,8.6,142
TXN501997,CUST20064,18647,1,10,6.8,2464
TXN501998,CUST20622,14648,1,16,4.4,966
TXN501999,CUST20604,22524,1,17,8.0,1508
TXN502000,CUST20824,18976,1,12,6.7,1880
TXN502001,CUST20413,28571,2,13,1.8,1306
TXN502002,CUST20472,155822,1,14,7.9,1373
TXN502003,CUST20103,30222,2,21,4.9,440
TXN502004,CUST20111,10613,1,16,2.6,2776
TXN502005,CUST20650,21176,1,15,5.1,3463
TXN502006,CUST20765,141298,3,12,1.9,2853
TXN502007,CUST20202,39346,1,8,1.7,3446
TXN502008,CUST20537,20306,1,16,3.2,3917
TXN502009,CUST20872,63914,2,19,0.4,949
TXN502010,CUST20772,43129,2,19,4.3,631
TXN502011,CUST20616,48393,1,17,1.4,1227
TXN502012,CUST20460,171616,1,11,5.2,611
TXN502013,CUST20496,17650,1,7,1.2,895
TXN502014,CUST20008,226574,1,17,0.0,2222
TXN502015,CUST20391,265842,1,9,4.1,2371
TXN502016,CUST20369,26946,3,15,7.4,1841
TXN502017,CUST20030,16507,2,12,1.2,1911
TXN502018,CUST20307,24059,1,18,2.1,1336
TXN502019,CUST20036,202113,1,12,0.0,3090
TXN502020,CUST20561,49524,1,9,1.9,1192
TXN502021,CUST20330,13948,2,13,0.9,2940
TXN502022,CUST20000,28419,1,7,1.0,3598
TXN502023,CUST20467,8596,3,10,4.5,2380
TXN502024,CUST20310,9067,1,13,7.9,1343
TXN502025,CUST20882,13408,2,15,1.4,2644
TXN502026,CUST20327,25006,1,11,1.3,2452
TXN502027,CUST20070,46504,1,17,0.9,2377
TXN502028,CUST20013,28911,1,22,2.7,750
TXN502029,CUST20171,11534,1,13,4.5,2247
TXN502030,CUST20451,9615,1,13,0.5,1365
TXN502031,CUST20554,426454,2,7,1.4,2150
TXN502032,CUST20771,74719,1,9,1.9,2540
TXN502033,CUST20802,97199,1,11,3.8,958
TXN502034,CUST20257,275466,1,14,1.7,2998
TXN502035,CUST20263,290147,4,20,2.7,2115
TXN502036,CUST20039,21443,1,15,4.3,160
TXN502037,CUST20358,110612,1,14,1.9,1591
TXN502038,CUST20421,480000,1,6,0.4,3946
TXN502039,CUST20720,58469,1,14,1.0,1580
TXN502040,CUST20550,86666,4,11,8.4,1604
TXN502041,CUST20709,599074,1,4,272.5,3050
TXN502042,CUST20810,176876,4,14,5.5,2038
TXN502043,CUST20881,126911,1,14,2.0,3946
TXN502044,CUST20083,53544,1,17,5.4,3204
TXN502045,CUST20137,23740,2,19,1.8,2727
TXN502046,CUST20504,49292,1,10,5.0,2982
TXN502047,CUST20298,39801,1,11,0.9,2162
TXN502048,CUST20770,42838,2,12,1.2,1916
TXN502049,CUST20193,22823,3,12,12.3,1876
TXN502050,CUST20531,23452,1,18,1.0,1907
TXN502051,CUST20250,30570,1,16,4.5,1116
TXN502052,CUST20419,11437,1,11,4.6,74
TXN502053,CUST20134,25970,2,12,4.4,3405
TXN502054,CUST20400,14204,2,21,0.4,2072
TXN502055,CUST20743,329787,1,17,6.7,805
TXN502056,CUST20824,60214,1,16,16.6,1880
TXN502057,CUST20385,22369,1,19,9.8,669
TXN502058,CUST20425,33053,2,18,1.2,3265
TXN502059,CUST20240,59609,1,18,0.8,2503
TXN502060,CUST20036,110922,1,21,0.6,3090
TXN502061,CUST20467,9663,1,20,3.4,2380
TXN502062,CUST20460,102750,3,9,2.8,611
TXN502063,CUST20409,38819,1,17,2.6,2677
TXN502064,CUST20592,65914,1,16,1.5,1576
TXN502065,CUST20222,19149,4,6,2.4,1541
TXN502066,CUST20301,358124,1,20,0.7,672
TXN502067,CUST20734,480000,1,12,1.6,1305
TXN502068,CUST20551,21397,2,9,0.4,3104
TXN502069,CUST20518,447631,1,16,0.1,846
TXN502070,CUST20572,134936,1,14,0.1,3084
TXN502071,CUST20705,46497,1,19,4.0,2647
TXN502072,CUST20485,6827,1,13,2.7,538
TXN502073,CUST20631,41523,1,15,3.8,3902
TXN502074,CUST20162,9133,1,12,0.0,828
TXN502075,CUST20045,15745,1,15,0.3,3354
TXN502076,CUST20848,155725,1,12,3.1,1601
TXN502077,CUST20385,13238,1,19,1.9,669
TXN502078,CUST20628,25247,4,10,2.7,1574
TXN502079,CUST20677,158434,1,7,0.7,2934
TXN502080,CUST20045,13911,1,12,0.5,3354
TXN502081,CUST20035,16429,2,17,2.3,771
TXN502082,CUST20567,137927,2,14,3.4,2801
TXN502083,CUST20308,46777,2,21,1.5,1894
TXN502084,CUST20625,47554,4,14,0.5,3065
TXN502085,CUST20565,25178,2,10,1.1,3055
TXN502086,CUST20394,410557,2,10,0.5,1664
TXN502087,CUST20654,66986,1,17,0.0,815
TXN502088,CUST20874,19697,1,0,6.0,294
TXN502089,CUST20558,10926,2,12,2.8,3039
TXN502090,CUST20765,288735,1,11,0.5,2853
TXN502091,CUST20555,24008,1,14,4.7,469
TXN502092,CUST20521,7138,1,19,1.2,3169
TXN502093,CUST20626,16624,1,11,0.6,1796
TXN502094,CUST20157,13494,3,19,10.1,759
TXN502095,CUST20157,17143,1,12,15.2,759
TXN502096,CUST20570,62596,2,17,1.4,3508
TXN502097,CUST20362,236069,2,19,2.8,3493
TXN502098,CUST20443,31138,1,17,1.3,3113
TXN502099,CUST20685,20491,1,18,2.2,3268
TXN502100,CUST20643,114142,2,13,2.3,417
TXN502101,CUST20018,63344,2,17,1.5,400
TXN502102,CUST20197,29636,1,13,0.2,3255
TXN502103,CUST20037,4119,1,8,3.6,2003
TXN502104,CUST20394,480000,1,16,2.7,1664
TXN502105,CUST20246,69139,1,19,3.9,1664
TXN502106,CUST20536,15125,2,24,0.2,3421
TXN502107,CUST20768,116826,1,9,1.2,48
TXN502108,CUST20162,11358,1,15,3.7,828
TXN502109,CUST20611,31603,2,22,5.8,2833
TXN502110,CUST20498,48625,2,14,5.4,2459
TXN502111,CUST20005,70832,1,12,1.7,2233
TXN502112,CUST20174,13869,4,8,3.4,3073
TXN502113,CUST20011,448969,1,2,231.8,1856
TXN502114,CUST20844,172125,3,19,11.1,1224
TXN502115,CUST20277,18757,1,12,0.0,3724
TXN502116,CUST20671,18645,1,13,1.9,1800
TXN502117,CUST20560,300987,1,14,0.5,1054
TXN502118,CUST20737,54896,2,12,8.6,1053
TXN502119,CUST20111,9422,1,13,0.7,2776
TXN502120,CUST20677,124247,1,16,1.2,2934
TXN502121,CUST20495,29180,1,7,0.1,2848
TXN502122,CUST20604,15484,1,19,0.7,1508
TXN502123,CUST20474,11623,1,15,3.7,3356
TXN502124,CUST20843,34686,1,17,5.0,2406
TXN502125,CUST20021,44306,1,16,0.3,399
TXN502126,CUST20098,251554,1,18,5.9,2124
TXN502127,CUST20790,77553,1,18,2.3,2743
TXN502128,CUST20848,140534,1,17,9.6,1601
TXN502129,CUST20675,30827,1,11,2.3,752
TXN502130,CUST20658,103878,1,14,0.4,2032
TXN502131,CUST20582,221664,1,14,0.1,1421
TXN502132,CUST20407,23398,3,9,2.7,3531
TXN502133,CUST20370,20834,1,8,3.4,1341
TXN502134,CUST20518,480000,1,11,6.9,846
TXN502135,CUST20284,44265,1,18,1.7,96
TXN502136,CUST20266,25257,1,10,2.2,2108
TXN502137,CUST20033,55470,2,12,2.5,848
TXN502138,CUST20037,7028,1,13,0.9,2003
TXN502139,CUST20530,16593,1,11,2.8,227
TXN502140,CUST20133,62558,1,11,2.8,2518
TXN502141,CUST20323,38950,1,9,1.7,3925
TXN502142,CUST20124,480000,2,12,1.9,1853
TXN502143,CUST20657,8596818,1,10,1.7,885
TXN502144,CUST20453,18303,2,10,1.4,653
TXN502145,CUST20113,90351,1,15,0.9,2756
TXN502146,CUST20875,14719,1,11,0.9,778
TXN502147,CUST20861,40852,2,14,13.5,3929
TXN502148,CUST20492,3957,1,19,1.0,801
TXN502149,CUST20857,14795,1,6,1.8,3666
TXN502150,CUST20477,23368,2,10,0.5,2308
TXN502151,CUST20023,26550,4,21,4.3,3382
TXN502152,CUST20046,30047,2,16,3.6,460
TXN502153,CUST20221,13330,1,12,0.0,3154
TXN502154,CUST20610,41003,2,17,0.4,541
TXN502155,CUST20783,29745,1,17,15.5,1349
TXN502156,CUST20504,28055,1,16,6.3,2982
TXN502157,CUST20381,42121,1,11,2.5,3997
TXN502158,CUST20540,4487084,1,11,6.4,2488
TXN502159,CUST20455,11747,1,8,0.9,76
TXN502160,CUST20027,480000,2,17,12.0,3066
TXN502161,CUST20443,68615,1,0,3.5,3113
TXN502162,CUST20392,29243,3,16,7.9,1043
TXN502163,CUST20827,32633,1,8,0.3,282
TXN502164,CUST20336,160505,1,11,1.0,3477
TXN502165,CUST20309,248320,1,10,3.9,2207
TXN502166,CUST20032,27648,1,14,0.1,732
TXN502167,CUST20433,23245,1,13,0.4,1317
TXN502168,CUST20384,17211,1,12,2.3,3498
TXN502169,CUST20409,22210,1,11,5.8,2677
TXN502170,CUST20653,26701,1,10,3.0,2480
TXN502171,CUST20503,12002,2,17,3.4,1134
TXN502172,CUST20842,6688,1,13,2.4,685
TXN502173,CUST20031,13954,1,17,1.9,3137
TXN502174,CUST20770,23812,2,14,19.5,1916
TXN502175,CUST20196,10711,1,7,4.5,3327
TXN502176,CUST20757,41389,2,8,1.2,771
TXN502177,CUST20426,23899,1,9,1.6,3960
TXN502178,CUST20464,15368,1,18,1.8,3648
TXN502179,CUST20484,79066,1,16,0.2,1036
TXN502180,CUST20406,44987,1,11,4.0,2880
TXN502181,CUST20288,20244,1,17,0.3,3691
TXN502182,CUST20198,19205,1,18,2.3,2102
TXN502183,CUST20265,13626,1,13,0.7,1291
TXN502184,CUST20584,22161,1,19,3.4,2382
TXN502185,CUST20459,51883,1,22,0.6,3658
TXN502186,CUST20356,19568,1,11,0.5,1648
TXN502187,CUST20071,27623,1,20,4.0,3780
TXN502188,CUST20875,15740,1,12,1.9,778
TXN502189,CUST20246,91796,2,13,0.2,1664
TXN502190,CUST20321,27654,1,3,2.8,611
TXN502191,CUST20885,16985,3,9,4.1,2851
TXN502192,CUST20156,32914,1,17,0.1,3195
TXN502193,CUST20404,19001,1,13,3.4,3655
TXN502194,CUST20440,15591,2,5,1.2,3722
TXN502195,CUST20455,24092,1,12,9.6,76
TXN502196,CUST20753,69375,1,20,1.6,1345
TXN502197,CUST20020,55264,1,16,0.6,3959
TXN502198,CUST20774,59538,1,15,2.7,3056
TXN502199,CUST20085,189196,1,13,1.3,3553
TXN502200,CUST20431,13972,2,6,0.5,1690
TXN502201,CUST20535,18322,3,12,4.0,864
TXN502202,CUST20500,9267,1,11,3.5,722
TXN502203,CUST20617,23746,1,14,1.3,761
TXN502204,CUST20582,409730,1,9,3.0,1421
TXN502205,CUST20776,16037,1,4,6.1,3250
TXN502206,CUST20448,218726,1,15,1.0,3188
TXN502207,CUST20456,11354,1,9,2.3,1320
TXN502208,CUST20697,16640,1,23,2.3,2446
TXN502209,CUST20685,17681,1,16,2.4,3268
TXN502210,CUST20745,53361,1,12,5.0,3838
TXN502211,CUST20872,49407,1,16,0.4,949
TXN502212,CUST20700,8871391,3,8,1.8,977
TXN502213,CUST20249,24012,2,8,6.7,3039
TXN502214,CUST20644,14975,1,17,5.2,3305
TXN502215,CUST20719,69586,4,9,5.9,3678
TXN502216,CUST20177,4871,1,12,2.6,1755
TXN502217,CUST20303,4068,3,9,0.6,401
TXN502218,CUST20706,17474,3,17,3.3,1230
TXN502219,CUST20755,13283,2,6,1.3,2596
TXN502220,CUST20720,85921,1,11,4.7,1580
TXN502221,CUST20832,26110,1,9,0.0,164
TXN502222,CUST20179,10605,2,8,0.6,3695
TXN502223,CUST20082,11435,2,23,1.8,1219
TXN502224,CUST20692,15460,1,10,1.7,2641
TXN502225,CUST20327,38152,1,10,3.6,2452
TXN502226,CUST20104,20449,1,11,2.7,397
TXN502227,CUST20298,50723,2,14,0.3,2162
TXN502228,CUST20223,33264,1,17,2.3,1749
TXN502229,CUST20656,21114,2,18,9.6,3379
TXN502230,CUST20564,21674,1,13,3.3,1969
TXN502231,CUST20839,28759,1,12,12.0,759
TXN502232,CUST20531,15644,1,13,0.7,1907
TXN502233,CUST20510,269604,1,11,14.2,2989
TXN502234,CUST20788,4589,1,7,1.0,278
TXN502235,CUST20319,15363,3,14,5.4,533
TXN502236,CUST20684,23434,3,14,0.4,304
TXN502237,CUST20447,22553,1,15,0.2,3656
TXN502238,CUST20801,46905,3,20,0.5,1724
TXN502239,CUST20049,323558,2,21,0.9,3531
TXN502240,CUST20091,11420,3,24,1.9,1438
TXN502241,CUST20310,7494,1,7,0.8,1343
TXN502242,CUST20656,38770,1,12,0.7,3379
TXN502243,CUST20334,329830,2,14,18.6,1632
TXN502244,CUST20689,17348,1,14,10.4,3480
TXN502245,CUST20063,27270,2,18,1.6,3678
TXN502246,CUST20582,154683,1,14,1.6,1421
TXN502247,CUST20143,57159,1,18,21.4,1985
TXN502248,CUST20582,176405,1,8,5.0,1421
TXN502249,CUST20640,5324,2,11,3.7,850
TXN502250,CUST20583,66537,1,11,4.2,2977
TXN502251,CUST20036,236849,1,15,2.2,3090
TXN502252,CUST20432,524036,1,1,104.5,527
TXN502253,CUST20330,8787,1,13,8.5,2940
TXN502254,CUST20032,34511,1,5,1.0,732
TXN502255,CUST20450,313342,3,11,1.5,809
TXN502256,CUST20631,39074,1,7,3.9,3902
TXN502257,CUST20620,62428,1,20,1.5,3594
TXN502258,CUST20416,226078,4,16,3.2,3659
TXN502259,CUST20524,203813,1,16,9.4,586
TXN502260,CUST20516,20213,1,12,1.0,3728
TXN502261,CUST20325,31238,3,12,3.2,2482
TXN502262,CUST20003,18663,1,1,6.0,1216
TXN502263,CUST20464,10843,1,14,4.7,3648
TXN502264,CUST20190,18228,1,11,3.9,3717
TXN502265,CUST20419,237153,1,4,351.8,74
TXN502266,CUST20151,13155,1,14,1.0,1001
TXN502267,CUST20131,27286,1,14,5.9,2331
TXN502268,CUST20696,20694,1,9,3.8,377
TXN502269,CUST20607,5346921,1,10,9.5,943
TXN502270,CUST20711,18478,2,17,0.3,1285
TXN502271,CUST20581,68342,1,11,4.6,1591
TXN502272,CUST20210,54426,1,11,4.5,1432
TXN502273,CUST20758,61715,1,15,9.9,123
TXN502274,CUST20625,22530,4,10,2.2,3065
TXN502275,CUST20774,127405,1,13,5.5,3056
TXN502276,CUST20007,349514,1,4,285.7,1356
TXN502277,CUST20732,215521,1,20,2.9,1082
TXN502278,CUST20317,39499,1,12,0.8,459
TXN502279,CUST20597,78651,2,18,8.1,2421
TXN502280,CUST20810,171937,1,9,0.1,2038
TXN502281,CUST20141,41036,1,13,0.6,3992
TXN502282,CUST20622,5720,1,12,0.5,966
TXN502283,CUST20613,52407,1,19,0.3,2482
TXN502284,CUST20016,51438,1,5,30.4,1049
TXN502285,CUST20395,38037,1,17,1.8,2364
TXN502286,CUST20030,21937,1,8,2.5,1911
TXN502287,CUST20644,5741,1,11,1.3,3305
TXN502288,CUST20823,137588,1,13,7.7,716
TXN502289,CUST20538,96225,3,16,3.3,3018
TXN502290,CUST20734,480000,1,11,7.8,1305
TXN502291,CUST20053,33221,1,12,3.0,3482
TXN502292,CUST20890,37370,1,18,1.4,1384
TXN502293,CUST20142,7400,1,21,10.6,68
TXN502294,CUST20823,131249,1,20,0.3,716
TXN502295,CUST20420,133472,2,9,3.5,648
TXN502296,CUST20055,56400,1,20,6.9,2802
TXN502297,CUST20187,480000,1,6,5.4,3824
TXN502298,CUST20337,28337,2,10,2.1,2503
TXN502299,CUST20558,5301,1,18,2.3,3039
TXN502300,CUST20031,19943,1,12,1.7,3137
TXN502301,CUST20122,345397,1,14,0.5,2847
TXN502302,CUST20554,269468,1,10,3.6,2150
TXN502303,CUST20354,30216,3,22,3.6,2383
TXN502304,CUST20622,10763,1,10,0.6,966
TXN502305,CUST20604,22033,1,17,4.5,1508
TXN502306,CUST20258,480000,1,14,9.2,56
TXN502307,CUST20867,58750,1,18,0.3,2868
TXN502308,CUST20289,480000,1,20,3.2,500
TXN502309,CUST20810,146029,1,21,4.4,2038
TXN502310,CUST20610,25269,1,14,4.5,541
TXN502311,CUST20352,34109,1,3,3.5,1218
TXN502312,CUST20679,28641,2,19,0.2,1810
TXN502313,CUST20035,24080,2,14,1.7,771
TXN502314,CUST20594,109421,1,9,6.0,3403
TXN502315,CUST20867,67406,4,15,0.8,2868
TXN502316,CUST20604,34816,1,19,2.1,1508
TXN502317,CUST20311,16934,3,7,6.1,910
TXN502318,CUST20393,10454,4,23,3.2,2745
TXN502319,CUST20112,53996,1,20,4.3,977
TXN502320,CUST20248,51697,1,12,0.4,2158
TXN502321,CUST20027,427988,3,7,3.7,3066
TXN502322,CUST20262,86169,1,16,8.7,2745
TXN502323,CUST20574,5770,1,12,3.9,1017
TXN502324,CUST20811,109036,1,13,2.0,3051
TXN502325,CUST20091,11267,1,21,2.7,1438
TXN502326,CUST20798,18974,1,11,6.5,2940
TXN502327,CUST20240,52739,2,15,3.3,2503
TXN502328,CUST20327,34251,1,20,6.4,2452
TXN502329,CUST20511,12820,1,20,0.4,987
TXN502330,CUST20500,3577,1,5,1.1,722
TXN502331,CUST20580,56989,2,15,0.5,1611
TXN502332,CUST20219,20664,3,13,6.4,211
TXN502333,CUST20132,28188,2,9,2.1,2125
TXN502334,CUST20198,58099,22,20,7.9,2102
TXN502335,CUST20279,21858,3,18,4.7,173
TXN502336,CUST20397,58463,1,21,6.7,1479
TXN502337,CUST20114,17700,1,8,1.6,2862
TXN502338,CUST20022,7893,1,14,0.3,1228
TXN502339,CUST20463,15845,2,19,1.2,3880
TXN502340,CUST20698,39962,1,16,0.7,3099
TXN502341,CUST20515,16885,1,16,6.7,2209
TXN502342,CUST20120,11363,1,9,1.3,2169
TXN502343,CUST20256,6701,3,14,2.2,823
TXN502344,CUST20129,19457,1,14,0.0,3390
TXN502345,CUST20808,23847,1,10,0.9,1118
TXN502346,CUST20625,44469,2,18,0.2,3065
TXN502347,CUST20187,480000,1,20,4.6,3824
TXN502348,CUST20564,26839,1,12,4.2,1969
TXN502349,CUST20077,7776,1,17,8.1,3369
TXN502350,CUST20603,37836,2,10,13.6,285
TXN502351,CUST20300,33538,1,17,0.3,525
TXN502352,CUST20475,48231,1,18,7.4,1155
TXN502353,CUST20343,24703,1,9,1.6,3727
TXN502354,CUST20358,128987,1,18,1.8,1591
TXN502355,CUST20063,47405,1,13,0.4,3678
TXN502356,CUST20708,11478,1,10,1.0,3282
TXN502357,CUST20575,19062,1,14,4.2,393
TXN502358,CUST20165,57316,1,14,0.9,2783
TXN502359,CUST20346,22867,1,11,3.9,1727
TXN502360,CUST20130,19183,1,10,7.7,354
TXN502361,CUST20846,667451,1,2,382.5,3234
TXN502362,CUST20128,212895,1,10,0.3,3238
TXN502363,CUST20068,244639,3,10,3.3,136
TXN502364,CUST20507,3855,1,17,8.9,2436
TXN502365,CUST20766,34299,1,2,1.7,2393
TXN502366,CUST20769,9268,1,13,4.9,1821
TXN502367,CUST20224,48247,2,16,4.3,2189
TXN502368,CUST20801,32733,1,2,2.2,1724
TXN502369,CUST20772,36699,1,8,0.9,631
TXN502370,CUST20250,48923,1,7,3.4,1116
TXN502371,CUST20212,33682,1,10,1.2,3814
TXN502372,CUST20622,6123,2,22,8.7,966
TXN502373,CUST20681,74020,1,20,3.3,94
TXN502374,CUST20183,19472,1,13,2.9,2726
TXN502375,CUST20364,21448,1,9,1.3,2081
TXN502376,CUST20090,61909,1,19,0.3,2421
TXN502377,CUST20012,41793,1,19,3.3,3203
TXN502378,CUST20222,64721,3,20,0.0,1541
TXN502379,CUST20085,147794,2,22,2.1,3553
TXN502380,CUST20829,33011,1,11,1.2,3313
TXN502381,CUST20069,16742,1,14,3.4,317
TXN502382,CUST20776,28326,2,18,0.6,3250
TXN502383,CUST20264,674356,1,4,174.5,882
TXN502384,CUST20529,11732,2,18,2.7,2265
TXN502385,CUST20180,18892,1,12,3.6,3019
TXN502386,CUST20202,22873,1,13,4.0,3446
TXN502387,CUST20078,26816,1,21,0.1,3271
TXN502388,CUST20686,18836,1,19,2.8,2170
TXN502389,CUST20148,17787,1,13,0.7,2442
TXN502390,CUST20638,36572,1,12,3.9,3163
TXN502391,CUST20124,480000,2,16,11.6,1853
TXN502392,CUST20301,189272,2,11,4.9,672
TXN502393,CUST20010,16637,3,15,0.5,2385
TXN502394,CUST20279,3211649,3,15,0.6,173
TXN502395,CUST20651,6057,1,15,1.0,1997
TXN502396,CUST20696,17867,1,17,0.6,377
TXN502397,CUST20046,28983,2,16,3.9,460
TXN502398,CUST20299,22986,1,13,1.7,33
TXN502399,CUST20491,19616,1,9,0.9,3283
TXN502400,CUST20666,22738,1,11,3.1,683
TXN502401,CUST20426,17771,2,17,0.7,3960
TXN502402,CUST20066,49177,2,5,2.2,2362
TXN502403,CUST20310,8090,1,12,6.4,1343
TXN502404,CUST20420,75834,1,14,1.2,648
TXN502405,CUST20681,43677,4,18,4.3,94
TXN502406,CUST20753,124682,1,18,0.6,1345
TXN502407,CUST20024,30153,2,11,8.3,2148
TXN502408,CUST20157,10380,1,12,11.2,759
TXN502409,CUST20111,8860,1,19,0.2,2776
TXN502410,CUST20794,215929,2,14,5.6,1034
TXN502411,CUST20530,13221,1,8,0.9,227
TXN502412,CUST20022,7917,1,12,0.1,1228
TXN502413,CUST20746,36760,1,17,8.9,2833
TXN502414,CUST20694,16777,3,18,3.0,58
TXN502415,CUST20472,217218,1,10,3.4,1373
TXN502416,CUST20741,246989,1,13,4.2,3814
TXN502417,CUST20747,26796,1,15,11.3,3050
TXN502418,CUST20435,44452,1,6,0.8,3199
TXN502419,CUST20251,31333,1,17,0.2,3759
TXN502420,CUST20787,25769,1,20,0.3,1833
TXN502421,CUST20279,43807,1,15,5.1,173
TXN502422,CUST20049,480000,1,16,0.4,3531
TXN502423,CUST20315,33947,1,16,0.2,3767
TXN502424,CUST20556,9200,1,18,0.5,1347
TXN502425,CUST20855,30263,1,1,2.1,255
TXN502426,CUST20616,31216,1,7,1.3,1227
TXN502427,CUST20888,15715,1,15,0.2,1927
TXN502428,CUST20632,116171,1,17,0.8,728
TXN502429,CUST20476,44167,4,12,4.9,660
TXN502430,CUST20044,57633,2,17,3.6,2144
TXN502431,CUST20071,20038,1,14,11.2,3780
TXN502432,CUST20412,480000,1,16,7.7,2959
TXN502433,CUST20112,33645,23,11,15.7,977
TXN502434,CUST20872,32443,1,14,1.5,949
TXN502435,CUST20286,357783,3,12,4.7,1750
TXN502436,CUST20430,16044,1,12,4.9,2985
TXN502437,CUST20774,78640,1,20,8.4,3056
TXN502438,CUST20388,452626,1,13,1.5,2427
TXN502439,CUST20418,23404,2,17,9.9,2636
TXN502440,CUST20180,15302,2,12,3.7,3019
TXN502441,CUST20298,66206,2,12,0.9,2162
TXN502442,CUST20546,40987,2,11,4.7,1144
TXN502443,CUST20234,32593,2,11,10.6,2361
TXN502444,CUST20445,68183,1,13,1.4,617
TXN502445,CUST20341,30989,1,18,8.2,1554
TXN502446,CUST20287,24132,1,17,1.1,1020
TXN502447,CUST20406,37860,2,22,0.3,2880
TXN502448,CUST20231,86600,1,12,0.1,2363
TXN502449,CUST20511,13553,3,11,0.2,987
TXN502450,CUST20710,42203,2,7,14.1,2171
TXN502451,CUST20678,63843,1,15,1.4,290
TXN502452,CUST20625,57180,2,12,1.1,3065
TXN502453,CUST20854,79666,1,10,0.6,3413
TXN502454,CUST20413,23444,1,5,1.7,1306
TXN502455,CUST20875,16472,1,17,7.8,778
TXN502456,CUST20897,19241,2,4,0.6,47
TXN502457,CUST20027,247161,1,20,6.9,3066
TXN502458,CUST20259,8640,1,14,0.7,1847
TXN502459,CUST20198,23539,1,17,0.7,2102
TXN502460,CUST20861,30494,1,12,2.6,3929
TXN502461,CUST20844,696253,1,4,206.2,1224
TXN502462,CUST20838,10147,1,17,2.8,1205
TXN502463,CUST20743,233132,1,10,1.7,805
TXN502464,CUST20182,13503,3,9,2.1,2709
TXN502465,CUST20673,55826,1,23,4.9,1656
TXN502466,CUST20495,28764,2,15,4.8,2848
TXN502467,CUST20542,43856,2,21,3.0,2571
TXN502468,CUST20781,51230,30,12,11.4,673
TXN502469,CUST20556,5326,1,10,10.0,1347
TXN502470,CUST20082,21429,1,14,4.5,1219
TXN502471,CUST20678,111558,2,20,2.8,290
TXN502472,CUST20795,63774,2,17,0.5,541
TXN502473,CUST20455,14027,4,14,5.6,76
TXN502474,CUST20276,16732,1,12,2.8,1220
TXN502475,CUST20571,29438,1,19,1.4,2844
TXN502476,CUST20622,5035,1,20,1.1,966
TXN502477,CUST20265,16681,4,12,3.5,1291
TXN502478,CUST20589,475986,1,14,3.9,1277
TXN502479,CUST20427,8066,4,19,0.5,699
TXN502480,CUST20098,164400,1,11,3.2,2124
TXN502481,CUST20483,22774,1,6,5.3,2613
TXN502482,CUST20138,51079,3,19,0.4,3020
TXN502483,CUST20799,46021,1,15,3.6,3777
TXN502484,CUST20460,117126,2,12,2.0,611
TXN502485,CUST20046,19108,2,12,0.2,460
TXN502486,CUST20607,330790,2,10,2.5,943
TXN502487,CUST20362,176661,1,15,3.1,3493
TXN502488,CUST20659,20564,1,15,1.4,1101
TXN502489,CUST20369,40220,1,22,7.2,1841
TXN502490,CUST20665,44352,3,0,4.9,1000
TXN502491,CUST20805,291431,2,13,0.5,420
TXN502492,CUST20898,29277,1,17,1.5,177
TXN502493,CUST20237,37626,3,11,8.3,3077
TXN502494,CUST20685,9789,3,9,2.3,3268
TXN502495,CUST20158,16716,1,13,0.3,3617
TXN502496,CUST20409,26865,1,21,3.1,2677
TXN502497,CUST20203,143548,1,9,1.7,1821
TXN502498,CUST20116,7294,1,20,1.6,2326
TXN502499,CUST20350,36579,1,17,12.7,2677
TXN502500,CUST20198,19298,22,20,15.5,2102
TXN502501,CUST20803,82181,1,19,2.9,3607
TXN502502,CUST20656,23878,1,12,6.2,3379
TXN502503,CUST20237,36057,1,13,4.4,3077
TXN502504,CUST20493,11698,2,19,2.0,2626
TXN502505,CUST20510,280802,2,21,9.6,2989
TXN502506,CUST20763,174311,1,20,5.4,1043
TXN502507,CUST20717,49067,31,0,12.0,2200
TXN502508,CUST20283,12852,1,17,5.4,1847
TXN502509,CUST20605,59387,1,11,1.4,1037
TXN502510,CUST20645,12026,1,21,1.7,2604
TXN502511,CUST20382,39571,3,13,0.1,2231
TXN502512,CUST20130,24445,2,13,0.0,354
TXN502513,CUST20520,36571,2,14,2.8,2429
TXN502514,CUST20515,41288,1,21,0.7,2209
TXN502515,CUST20198,24354,2,12,0.8,2102
TXN502516,CUST20154,480000,2,8,3.8,2298
TXN502517,CUST20822,17536,1,10,4.4,2392
TXN502518,CUST20005,55550,2,17,7.6,2233
TXN502519,CUST20213,28757,1,14,2.1,2609
TXN502520,CUST20031,17682,2,21,4.2,3137
TXN502521,CUST20826,10239,1,16,7.4,309
TXN502522,CUST20430,23338,1,15,0.1,2985
TXN502523,CUST20138,16907,2,21,0.1,3020
TXN502524,CUST20112,57048,23,11,5.0,977
TXN502525,CUST20665,26511,4,13,2.6,1000
TXN502526,CUST20726,52374,1,13,1.3,1579
TXN502527,CUST20298,39060,1,16,1.6,2162
TXN502528,CUST20157,18473,2,15,0.5,759
TXN502529,CUST20312,28891,1,13,0.1,1655
TXN502530,CUST20707,42671,1,15,4.1,3130
TXN502531,CUST20096,20968,1,10,1.8,432
TXN502532,CUST20329,9645,1,21,19.3,3947
TXN502533,CUST20799,39763,2,19,7.1,3777
TXN502534,CUST20077,5523,4,18,0.3,3369
TXN502535,CUST20442,38328,1,12,2.2,402
TXN502536,CUST20575,15578,3,9,0.0,393
TXN502537,CUST20099,51945,1,10,6.3,566
TXN502538,CUST20731,191845,2,17,0.5,218
TXN502539,CUST20526,53468,1,9,4.0,3657
TXN502540,CUST20306,71073,3,20,2.5,1256
TXN502541,CUST20869,16704,1,13,6.0,2415
TXN502542,CUST20356,13694,1,15,2.3,1648
TXN502543,CUST20267,36356,3,10,0.8,443
TXN502544,CUST20627,107274,1,16,6.5,1806
TXN502545,CUST20501,30422,1,6,1.6,2466
TXN502546,CUST20509,259052,2,14,2.2,293
TXN502547,CUST20259,3529,1,15,2.3,1847
TXN502548,CUST20003,23316,3,15,3.1,1216
TXN502549,CUST20381,30745,1,9,5.4,3997
TXN502550,CUST20021,70849,1,13,3.3,399
TXN502551,CUST20830,7612,3,21,2.2,1641
TXN502552,CUST20444,66426,3,7,1.2,775
TXN502553,CUST20706,11217,1,15,4.2,1230
TXN502554,CUST20433,30498,1,19,1.1,1317
TXN502555,CUST20221,16970,1,20,8.6,3154
TXN502556,CUST20067,26835,1,10,4.6,1283
TXN502557,CUST20315,18727,2,15,8.8,3767
TXN502558,CUST20417,14284,1,10,7.1,1001
TXN502559,CUST20211,25229,1,23,5.7,2583
TXN502560,CUST20620,61748,3,20,0.4,3594
TXN502561,CUST20316,53101,3,13,12.3,1609
TXN502562,CUST20357,14835,1,16,4.7,3693
TXN502563,CUST20064,18469,1,13,2.9,2464
TXN502564,CUST20297,24225,1,10,2.0,2130
TXN502565,CUST20690,8080,1,16,0.6,75
TXN502566,CUST20432,34373,1,19,9.7,527
TXN502567,CUST20499,12235,1,14,1.7,3504
TXN502568,CUST20216,480000,1,9,0.7,2105
TXN502569,CUST20550,57726,1,15,4.4,1604
TXN502570,CUST20520,20699,3,15,9.5,2429
TXN502571,CUST20576,56334,1,17,1.1,2341
TXN502572,CUST20118,12038,1,14,2.1,1831
TXN502573,CUST20676,29068,1,19,2.6,597
TXN502574,CUST20099,33922,2,20,1.0,566
TXN502575,CUST20645,10753,1,19,1.2,2604
TXN502576,CUST20737,48635,1,17,0.1,1053
TXN502577,CUST20160,254349,1,15,1.2,116
TXN502578,CUST20298,99423,1,17,3.6,2162
TXN502579,CUST20486,68588,1,11,8.8,1067
TXN502580,CUST20884,70101,1,16,1.4,720
TXN502581,CUST20177,13222,1,8,0.1,1755
TXN502582,CUST20069,22217,1,10,7.7,317
TXN502583,CUST20233,15017,1,2,0.9,953
TXN502584,CUST20831,46730,1,14,4.7,2568
TXN502585,CUST20856,9710,1,8,8.6,3137
TXN502586,CUST20421,480000,1,12,1.0,3946
TXN502587,CUST20365,39685,3,15,1.5,2147
TXN502588,CUST20282,63793,1,9,0.5,3565
TXN502589,CUST20887,480000,3,13,1.6,3938
TXN502590,CUST20880,34899,1,12,2.8,1210
TXN502591,CUST20700,33856,1,15,8.4,977
TXN502592,CUST20579,16610,1,9,5.5,961
TXN502593,CUST20622,14153,1,12,1.7,966
TXN502594,CUST20486,65363,1,21,3.6,1067
TXN502595,CUST20163,5192624,3,11,2.5,3496
TXN502596,CUST20599,16848,1,16,5.4,1530
TXN502597,CUST20449,12650,1,12,4.0,2085
TXN502598,CUST20052,14380,1,10,0.9,3627
TXN502599,CUST20421,480000,2,20,0.2,3946
TXN502600,CUST20117,20553,1,8,0.7,3741
TXN502601,CUST20456,11446,1,11,0.0,1320
TXN502602,CUST20506,37535,1,13,13.2,2880
TXN502603,CUST20023,19069,2,20,2.9,3382
TXN502604,CUST20437,19209,1,11,1.9,3832
TXN502605,CUST20182,29087,1,6,2.4,2709
TXN502606,CUST20211,22850,1,14,1.4,2583
TXN502607,CUST20233,25718,1,12,0.7,953
TXN502608,CUST20777,26216,1,11,11.1,1104
TXN502609,CUST20052,9222,2,20,2.4,3627
TXN502610,CUST20495,13682,1,17,2.4,2848
TXN502611,CUST20607,238664,1,23,6.7,943
TXN502612,CUST20504,30946,1,16,9.0,2982
TXN502613,CUST20376,32493,1,14,0.2,3513
TXN502614,CUST20068,140401,2,10,0.8,136
TXN502615,CUST20765,246886,1,19,0.3,2853
TXN502616,CUST20764,39974,1,10,1.1,1521
TXN502617,CUST20736,49426,2,11,5.0,2486
TXN502618,CUST20062,34140,3,21,1.7,3011
TXN502619,CUST20025,14242,1,22,0.8,724
TXN502620,CUST20879,12619,3,14,1.8,2428
TXN502621,CUST20189,23227,1,22,1.1,3923
TXN502622,CUST20667,13142,2,17,1.8,3534
TXN502623,CUST20762,137281,1,13,3.6,2733
TXN502624,CUST20166,17809,1,12,10.8,1691
TXN502625,CUST20656,5922534,3,20,4.9,3379
TXN502626,CUST20084,3005858,1,19,0.6,898
TXN502627,CUST20124,480000,4,13,1.3,1853
TXN502628,CUST20506,27180,1,13,0.2,2880
TXN502629,CUST20139,150742,1,12,10.7,3088
TXN502630,CUST20094,137786,2,12,19.9,2232
TXN502631,CUST20263,243939,1,16,2.3,2115
TXN502632,CUST20823,72305,1,13,0.5,716
TXN502633,CUST20758,83437,2,8,0.8,123
TXN502634,CUST20014,5681,1,19,2.5,256
TXN502635,CUST20142,18538,2,18,1.0,68
TXN502636,CUST20118,20100,1,8,1.2,1831
TXN502637,CUST20516,67983,1,17,5.7,3728
TXN502638,CUST20552,49048,1,17,3.5,2638
TXN502639,CUST20858,64471,1,16,3.9,1879
TXN502640,CUST20610,25422,1,22,9.9,541
TXN502641,CUST20220,15524,2,15,3.9,784
TXN502642,CUST20112,8000,23,11,16.0,977
TXN502643,CUST20329,26948,1,13,2.3,3947
TXN502644,CUST20341,46031,1,14,1.1,1554
TXN502645,CUST20595,38592,1,18,5.8,3442
TXN502646,CUST20016,23287,2,12,1.7,1049
TXN502647,CUST20378,15243,2,22,2.2,1133
TXN502648,CUST20760,40819,2,16,2.4,1146
TXN502649,CUST20787,22747,1,13,7.0,1833
TXN502650,CUST20704,13492,2,16,2.0,1021
TXN502651,CUST20427,8069,1,14,5.3,699
TXN502652,CUST20048,42991,1,19,8.6,2281
TXN502653,CUST20212,38560,1,15,0.2,3814
TXN502654,CUST20455,17137,1,11,1.3,76
TXN502655,CUST20323,57320,1,13,4.0,3925
TXN502656,CUST20372,29632,1,20,2.2,3294
TXN502657,CUST20383,41023,2,11,6.8,59
TXN502658,CUST20816,42131,1,12,3.5,312
TXN502659,CUST20671,34175,3,12,2.6,1800
TXN502660,CUST20113,89389,1,9,0.2,2756
TXN502661,CUST20642,161527,1,17,1.6,1966
TXN502662,CUST20697,19600,1,21,4.4,2446
TXN502663,CUST20680,347190,1,9,1.0,1287
TXN502664,CUST20173,15910,1,10,1.8,1151
TXN502665,CUST20536,29592,1,13,0.1,3421
TXN502666,CUST20456,9675,2,18,3.4,1320
TXN502667,CUST20512,480000,1,11,4.4,2004
TXN502668,CUST20885,22835,1,23,5.8,2851
TXN502669,CUST20782,8171,1,12,3.5,3676
TXN502670,CUST20451,7996,3,14,18.6,1365
TXN502671,CUST20731,111683,1,10,18.4,218
TXN502672,CUST20727,256697,1,13,0.0,3859
TXN502673,CUST20111,16189,1,14,0.6,2776
TXN502674,CUST20413,40450,1,12,2.5,1306
TXN502675,CUST20821,31156,1,15,3.5,1234
TXN502676,CUST20092,41627,1,22,8.3,2634
TXN502677,CUST20293,225948,1,9,1.6,1120
TXN502678,CUST20098,361358,1,14,2.2,2124
TXN502679,CUST20867,64646,1,8,1.1,2868
TXN502680,CUST20484,183055,2,10,3.1,1036
TXN502681,CUST20598,68536,2,21,2.4,2572
TXN502682,CUST20814,175126,1,16,2.9,2263
TXN502683,CUST20622,7286,1,14,3.6,966
TXN502684,CUST20431,22370,1,12,0.1,1690
TXN502685,CUST20876,48401,1,18,1.6,2176
TXN502686,CUST20764,44280,1,10,2.5,1521
TXN502687,CUST20225,45621,2,11,1.0,1769
TXN502688,CUST20656,22060,1,14,0.1,3379
TXN502689,CUST20194,17357,1,15,4.2,1003
TXN502690,CUST20626,18466,1,14,4.5,1796
TXN502691,CUST20288,13479,1,11,0.6,3691
TXN502692,CUST20268,377366,2,17,2.1,1677
TXN502693,CUST20287,22669,1,10,1.2,1020
TXN502694,CUST20224,24280,1,22,0.0,2189
TXN502695,CUST20198,35451,22,20,8.5,2102
TXN502696,CUST20553,67628,1,21,0.1,2372
TXN502697,CUST20884,54108,1,8,1.3,720
TXN502698,CUST20830,4940,1,13,2.6,1641
TXN502699,CUST20613,53321,1,15,1.1,2482
TXN502700,CUST20502,36398,1,7,4.5,3323
TXN502701,CUST20755,14688,2,15,7.9,2596
TXN502702,CUST20226,206131,3,17,14.0,3041
TXN502703,CUST20596,110378,2,15,2.4,48
TXN502704,CUST20327,22335,2,19,0.5,2452
TXN502705,CUST20618,480000,1,11,5.0,2320
TXN502706,CUST20151,9075,1,15,0.9,1001
TXN502707,CUST20447,26445,1,10,3.7,3656
TXN502708,CUST20087,12608,2,9,4.1,224
TXN502709,CUST20744,38373,2,13,1.5,245
TXN502710,CUST20685,14199,1,9,2.2,3268
TXN502711,CUST20231,116416,1,10,2.0,2363
TXN502712,CUST20417,20738,2,12,1.4,1001
TXN502713,CUST20687,28422,1,14,3.0,2902
TXN502714,CUST20287,38067,1,13,0.9,1020
TXN502715,CUST20254,29598,1,12,8.1,3830
TXN502716,CUST20181,50236,1,18,4.4,1172
TXN502717,CUST20366,11299,2,18,1.9,635
TXN502718,CUST20390,28821,1,16,0.2,702
TXN502719,CUST20661,59776,1,8,1.1,2403
TXN502720,CUST20840,398243,1,19,1.8,1366
TXN502721,CUST20732,172823,1,16,0.2,1082
TXN502722,CUST20716,21899,2,13,2.0,2989
TXN502723,CUST20121,26147,3,18,6.1,3348
TXN502724,CUST20685,18861,1,13,0.2,3268
TXN502725,CUST20668,13213,1,12,4.2,1298
TXN502726,CUST20548,15764,1,9,2.7,307
TXN502727,CUST20128,480000,2,9,12.0,3238
TXN502728,CUST20872,13326,2,16,0.2,949
TXN502729,CUST20801,48572,3,4,6.6,1724
TXN502730,CUST20128,480000,1,15,7.7,3238
TXN502731,CUST20078,41483,2,13,2.3,3271
TXN502732,CUST20305,23236,1,10,0.1,2212
TXN502733,CUST20795,72299,1,14,4.5,541
TXN502734,CUST20254,33770,1,12,2.7,3830
TXN502735,CUST20893,149185,1,13,1.8,3472
TXN502736,CUST20197,72006,1,18,6.9,3255
TXN502737,CUST20265,19027,1,11,0.8,1291
TXN502738,CUST20049,264071,1,17,5.4,3531
TXN502739,CUST20120,10517,1,18,2.1,2169
TXN502740,CUST20003,21589,1,8,1.1,1216
TXN502741,CUST20404,20309,1,8,3.5,3655
TXN502742,CUST20132,18203,1,16,6.5,2125
TXN502743,CUST20827,16507,1,12,1.9,282
TXN502744,CUST20254,18663,1,13,5.1,3830
TXN502745,CUST20735,20299,2,13,2.0,1579
TXN502746,CUST20877,20738,2,14,1.8,334
TXN502747,CUST20399,10401,2,16,4.6,2798
TXN502748,CUST20481,97454,2,17,10.7,1892
TXN502749,CUST20351,51395,1,18,1.9,2605
TXN502750,CUST20376,24299,1,13,15.2,3513
TXN502751,CUST20592,68510,1,14,1.3,1576
TXN502752,CUST20544,84395,2,14,10.2,1885
TXN502753,CUST20232,12633,2,15,4.9,3547
TXN502754,CUST20296,19549,2,11,7.4,1341
TXN502755,CUST20233,15116,1,13,0.7,953
TXN502756,CUST20291,96278,1,17,1.4,890
TXN502757,CUST20588,16656,1,11,4.3,724
TXN502758,CUST20087,12570,1,15,8.0,224
TXN502759,CUST20596,126936,1,8,0.2,48
TXN502760,CUST20550,95496,1,14,4.3,1604
TXN502761,CUST20621,24479,1,15,0.5,1537
TXN502762,CUST20207,45389,1,20,1.0,3310
TXN502763,CUST20297,26875,1,14,0.9,2130
TXN502764,CUST20168,24740,1,15,4.0,1793
TXN502765,CUST20789,52195,1,13,0.0,785
TXN502766,CUST20194,20335,1,9,1.3,1003
TXN502767,CUST20653,27278,1,17,0.5,2480
TXN502768,CUST20277,9471,2,19,0.4,3724
TXN502769,CUST20090,221971,1,1,379.3,2421
TXN502770,CUST20822,19385,1,15,3.9,2392
TXN502771,CUST20865,33987,1,8,11.9,596
TXN502772,CUST20778,20858,1,16,14.6,3990
TXN502773,CUST20824,35769,1,19,7.0,1880
TXN502774,CUST20256,11320,1,10,2.6,823
TXN502775,CUST20090,25234,1,8,9.3,2421
TXN502776,CUST20672,18169,1,20,3.3,3658
TXN502777,CUST20469,25423,2,14,0.1,1050
TXN502778,CUST20489,31184,3,9,0.1,2037
TXN502779,CUST20530,24865,1,14,7.2,227
TXN502780,CUST20739,44936,1,17,2.8,704
TXN502781,CUST20466,14914,1,18,2.2,2980
TXN502782,CUST20235,37402,2,16,1.8,284
TXN502783,CUST20148,23805,1,12,2.9,2442
TXN502784,CUST20098,183580,1,8,9.2,2124
TXN502785,CUST20799,58430,1,15,0.3,3777
TXN502786,CUST20829,20853,1,12,0.3,3313
TXN502787,CUST20885,587522,1,3,383.0,2851
TXN502788,CUST20238,106877,1,12,5.6,2884
TXN502789,CUST20807,71591,1,17,0.8,200
TXN502790,CUST20324,29631,1,20,9.4,2291
TXN502791,CUST20012,37826,2,8,1.0,3203
TXN502792,CUST20322,18633,2,11,9.9,3538
TXN502793,CUST20451,8782,1,19,2.1,1365
TXN502794,CUST20488,57935,3,16,0.6,3741
TXN502795,CUST20182,34779,2,8,5.3,2709
TXN502796,CUST20147,4377,1,10,13.9,2395
TXN502797,CUST20766,44496,1,18,1.1,2393
TXN502798,CUST20865,40648,1,6,6.9,596
TXN502799,CUST20513,22259,1,18,0.2,271
TXN502800,CUST20148,29019,1,13,1.1,2442
TXN502801,CUST20547,484039,2,1,391.9,2990
TXN502802,CUST20228,57925,2,12,0.2,3040
TXN502803,CUST20000,15592,1,19,4.4,3598
TXN502804,CUST20663,285101,1,16,1.5,1784
TXN502805,CUST20677,130177,1,12,10.0,2934
TXN502806,CUST20497,43075,1,12,1.2,2873
TXN502807,CUST20193,14054,2,13,6.0,1876
TXN502808,CUST20383,34489,1,14,2.2,59
TXN502809,CUST20532,29038,2,20,0.0,3303
TXN502810,CUST20319,19635,1,15,7.1,533
TXN502811,CUST20387,35469,1,16,6.9,2706
TXN502812,CUST20413,65483,1,12,2.9,1306
TXN502813,CUST20770,27333,2,6,2.1,1916
TXN502814,CUST20014,4408,1,13,3.5,256
TXN502815,CUST20745,33665,1,13,0.7,3838
TXN502816,CUST20458,43481,1,14,0.7,2733
TXN502817,CUST20585,25965,1,10,5.5,1912
TXN502818,CUST20789,48579,1,9,5.9,785
TXN502819,CUST20107,6896,1,14,2.6,1425
TXN502820,CUST20862,15428,1,15,0.6,508
TXN502821,CUST20388,473981,2,18,1.4,2427
TXN502822,CUST20537,23358,2,18,5.1,3917
TXN502823,CUST20393,15655,2,12,3.3,2745
TXN502824,CUST20372,21292,2,12,0.6,3294
TXN502825,CUST20094,47417,28,8,16.8,2232
TXN502826,CUST20522,44239,2,18,6.1,3714
TXN502827,CUST20766,22955,2,9,0.2,2393
TXN502828,CUST20034,605580,1,2,334.2,3104
TXN502829,CUST20489,20872,1,9,2.0,2037
TXN502830,CUST20477,21105,1,15,11.3,2308
TXN502831,CUST20197,38890,1,12,0.4,3255
TXN502832,CUST20646,161031,1,18,2.2,131
TXN502833,CUST20675,43343,1,13,5.9,752
TXN502834,CUST20256,11272,1,9,7.3,823
TXN502835,CUST20523,61998,1,14,0.3,3292
TXN502836,CUST20005,79977,1,12,3.5,2233
TXN502837,CUST20188,35604,2,12,2.1,3897
TXN502838,CUST20514,96064,1,19,1.5,3855
TXN502839,CUST20824,30454,3,16,5.4,1880
TXN502840,CUST20018,42646,1,10,1.4,400
TXN502841,CUST20449,26545,1,9,9.4,2085
TXN502842,CUST20891,28821,2,7,1.0,189
TXN502843,CUST20455,17961,1,7,1.8,76
TXN502844,CUST20225,53221,1,17,7.5,1769
TXN502845,CUST20416,163692,1,15,9.3,3659
TXN502846,CUST20026,7597,3,15,1.9,876
TXN502847,CUST20697,9765,1,12,3.4,2446
TXN502848,CUST20440,38173,1,14,4.3,3722
TXN502849,CUST20806,35061,1,12,5.6,2777
TXN502850,CUST20323,36953,1,12,0.9,3925
TXN502851,CUST20835,22941,1,9,1.2,2855
TXN502852,CUST20542,39857,1,8,14.9,2571
TXN502853,CUST20671,26762,1,11,0.1,1800
TXN502854,CUST20226,204764,1,11,4.3,3041
TXN502855,CUST20343,35737,1,14,4.0,3727
TXN502856,CUST20273,25130,1,18,7.2,1659
TXN502857,CUST20389,11377,1,12,1.8,268
TXN502858,CUST20321,35015,2,11,17.1,611
TXN502859,CUST20498,4755664,2,18,0.8,2459
TXN502860,CUST20257,202149,2,14,2.7,2998
TXN502861,CUST20367,18047,1,7,2.4,2703
TXN502862,CUST20467,13335,1,13,1.4,2380
TXN502863,CUST20840,302885,1,16,4.0,1366
TXN502864,CUST20253,18351,1,14,0.4,2653
TXN502865,CUST20347,37544,22,15,21.5,3988
TXN502866,CUST20797,17745,1,22,1.0,2764
TXN502867,CUST20884,83247,3,16,1.7,720
TXN502868,CUST20158,22105,1,19,5.9,3617
TXN502869,CUST20299,14885,1,8,0.7,33
TXN502870,CUST20414,131350,1,15,3.8,2855
TXN502871,CUST20641,46473,2,16,4.8,3549
TXN502872,CUST20100,47163,1,16,3.7,1919
TXN502873,CUST20438,4159253,1,17,0.9,2608
TXN502874,CUST20376,16284,1,11,3.1,3513
TXN502875,CUST20070,62791,1,16,0.5,2377
TXN502876,CUST20255,23798,1,13,0.1,1743
TXN502877,CUST20895,13063,1,11,4.6,1477
TXN502878,CUST20838,18761,1,15,1.3,1205
TXN502879,CUST20490,83670,2,13,2.3,1619
TXN502880,CUST20564,38443,1,13,0.5,1969
TXN502881,CUST20084,361730,1,18,0.4,898
TXN502882,CUST20214,22003,1,15,3.0,1992
TXN502883,CUST20590,65451,2,13,6.2,1677
TXN502884,CUST20892,18741,1,12,6.2,537
TXN502885,CUST20667,16713,1,16,17.2,3534
TXN502886,CUST20703,15956,2,18,0.3,482
TXN502887,CUST20717,25921,31,0,6.9,2200
TXN502888,CUST20501,35173,1,17,3.0,2466
TXN502889,CUST20445,82304,1,9,5.2,617
TXN502890,CUST20176,20821,1,13,5.7,1041
TXN502891,CUST20502,74248,2,9,1.1,3323
TXN502892,CUST20139,184904,1,8,4.6,3088
TXN502893,CUST20496,47844,1,11,1.6,895
TXN502894,CUST20199,47926,2,15,0.7,2953
TXN502895,CUST20148,12825,2,13,4.6,2442
TXN502896,CUST20729,6645,1,13,7.1,1878
TXN502897,CUST20020,23092,1,15,3.0,3959
TXN502898,CUST20493,15604,1,12,9.4,2626
TXN502899,CUST20897,10654,1,14,1.3,47
TXN502900,CUST20567,192012,1,14,5.1,2801
TXN502901,CUST20531,26295,3,16,4.7,1907
TXN502902,CUST20391,276420,2,13,1.4,2371
TXN502903,CUST20455,14612,1,13,0.5,76
TXN502904,CUST20527,60663,1,18,2.8,2209
TXN502905,CUST20170,9869,1,20,6.1,1920
TXN502906,CUST20682,118746,2,16,0.6,2138
TXN502907,CUST20635,291365,1,15,7.5,2580
TXN502908,CUST20752,24052,1,15,1.4,2331
TXN502909,CUST20800,6438,1,19,1.5,524
TXN502910,CUST20269,344807,1,14,0.2,1676
TXN502911,CUST20109,132343,1,16,1.1,890
TXN502912,CUST20253,19791,1,14,2.2,2653
TXN502913,CUST20739,73918,1,15,0.1,704
TXN502914,CUST20763,238403,3,12,3.6,1043
TXN502915,CUST20641,19964,2,9,2.9,3549
TXN502916,CUST20401,21385,1,14,14.1,2389
TXN502917,CUST20408,149895,2,15,1.4,3701
TXN502918,CUST20537,44286,1,6,0.6,3917
TXN502919,CUST20440,47243,1,10,8.3,3722
TXN502920,CUST20348,26727,3,23,0.4,1944
TXN502921,CUST20683,11444,2,19,0.4,3857
TXN502922,CUST20696,36216,1,13,12.2,377
TXN502923,CUST20877,41548,1,12,4.8,334
TXN502924,CUST20598,78985,2,9,0.7,2572
TXN502925,CUST20111,5692,2,14,2.7,2776
TXN502926,CUST20891,16864,1,12,1.5,189
TXN502927,CUST20696,18250,1,18,0.8,377
TXN502928,CUST20307,12588,2,13,1.6,1336
TXN502929,CUST20823,65596,1,18,4.9,716
TXN502930,CUST20588,50815,1,14,0.1,724
TXN502931,CUST20713,10138,4,13,1.8,844
TXN502932,CUST20189,11525,2,23,0.0,3923
TXN502933,CUST20426,38270,1,16,0.0,3960
TXN502934,CUST20278,34721,1,21,3.4,921
TXN502935,CUST20119,33857,2,14,0.4,1560
TXN502936,CUST20066,67595,1,17,1.4,2362
TXN502937,CUST20247,30836,1,18,2.2,1303
TXN502938,CUST20849,54556,1,14,0.1,768
TXN502939,CUST20050,27465,2,13,0.6,1640
TXN502940,CUST20111,4889,1,14,0.8,2776
TXN502941,CUST20595,47810,1,14,1.8,3442
TXN502942,CUST20555,33829,1,16,5.4,469
TXN502943,CUST20426,32171,2,13,3.9,3960
TXN502944,CUST20277,25745,1,15,0.9,3724
TXN502945,CUST20466,30648,1,19,3.4,2980
TXN502946,CUST20631,39561,1,12,0.9,3902
TXN502947,CUST20220,9467,1,13,7.0,784
TXN502948,CUST20411,27925,1,10,0.8,1903
TXN502949,CUST20709,66666,1,13,9.0,3050
TXN502950,CUST20191,21324,1,13,3.6,2964
TXN502951,CUST20098,320563,1,17,3.5,2124
TXN502952,CUST20781,78092,3,20,4.2,673
TXN502953,CUST20826,10682,1,15,2.1,309
TXN502954,CUST20761,18338,2,14,11.3,1228
TXN502955,CUST20621,23174,1,15,3.7,1537
TXN502956,CUST20399,6958,1,15,4.3,2798
TXN502957,CUST20395,51319,1,13,2.4,2364
TXN502958,CUST20623,43621,1,13,1.1,3699
TXN502959,CUST20386,65052,2,10,0.2,509
TXN502960,CUST20089,73625,1,16,2.9,3023
TXN502961,CUST20714,17987,1,19,2.1,1874
TXN502962,CUST20494,21756,1,16,8.0,2729
TXN502963,CUST20236,13422,2,15,2.9,329
TXN502964,CUST20619,117934,3,19,5.4,2553
TXN502965,CUST20728,37344,1,17,1.0,542
TXN502966,CUST20884,50406,2,16,4.2,720
TXN502967,CUST20647,59770,2,14,3.5,3137
TXN502968,CUST20736,59611,2,13,13.0,2486
TXN502969,CUST20723,11827,1,12,0.8,3666
TXN502970,CUST20269,339389,1,7,0.2,1676
TXN502971,CUST20130,8390,2,15,2.8,354
TXN502972,CUST20321,33820,2,11,0.2,611
TXN502973,CUST20695,11055,1,17,1.7,2455
TXN502974,CUST20055,27874,3,21,4.6,2802
TXN502975,CUST20314,11203,2,10,0.5,1985
TXN502976,CUST20517,14672,1,12,0.0,666
TXN502977,CUST20305,16307,1,12,2.4,2212
TXN502978,CUST20038,22098,1,13,7.1,3960
TXN502979,CUST20077,5991,2,10,3.8,3369
TXN502980,CUST20351,40883,1,13,2.1,2605
TXN502981,CUST20539,24536,1,14,3.2,419
TXN502982,CUST20365,32416,1,19,16.2,2147
TXN502983,CUST20645,8437,1,15,0.1,2604
TXN502984,CUST20248,24838,1,13,5.1,2158
TXN502985,CUST20342,37593,1,16,0.7,1766
TXN502986,CUST20883,8947,1,12,3.6,2697
TXN502987,CUST20008,383671,1,11,2.6,2222
TXN502988,CUST20432,30370,2,17,1.5,527
TXN502989,CUST20542,37518,1,18,0.1,2571
TXN502990,CUST20166,10619,1,18,0.9,1691
TXN502991,CUST20095,67007,1,8,0.6,2070
TXN502992,CUST20769,12503,2,18,1.6,1821
TXN502993,CUST20547,148286,1,9,1.1,2990
TXN502994,CUST20078,23484,1,13,0.2,3271
TXN502995,CUST20808,13216,1,14,4.3,1118
TXN502996,CUST20070,111808,1,15,6.7,2377
TXN502997,CUST20321,47663,1,14,3.0,611
TXN502998,CUST20265,23973,2,19,3.5,1291
TXN502999,CUST20696,14522,2,15,3.8,377
TXN503000,CUST20805,305850,2,12,2.8,420
TXN503001,CUST20343,32915,4,12,3.3,3727
TXN503002,CUST20033,48137,1,18,0.1,848
TXN503003,CUST20517,35336,2,16,3.0,666
TXN503004,CUST20000,13425,2,8,5.2,3598
TXN503005,CUST20242,15412,1,20,0.5,1130
TXN503006,CUST20421,447426,1,13,1.7,3946
TXN503007,CUST20225,48538,2,14,1.3,1769
TXN503008,CUST20825,362210,2,10,8.5,3984
TXN503009,CUST20669,38941,1,10,0.6,1514
TXN503010,CUST20564,66120,1,13,1.8,1969
TXN503011,CUST20094,75183,2,12,2.5,2232
TXN503012,CUST20683,17247,1,18,0.9,3857
TXN503013,CUST20718,32277,1,18,3.3,3204
TXN503014,CUST20396,32515,1,11,1.4,1915
TXN503015,CUST20333,8304,4,16,1.6,3898
TXN503016,CUST20632,216830,1,23,3.8,728
TXN503017,CUST20079,5711,1,20,6.6,3964
TXN503018,CUST20333,9522,2,19,6.0,3898
TXN503019,CUST20118,22734,1,11,3.0,1831
TXN503020,CUST20798,25308,2,15,2.0,2940
TXN503021,CUST20595,42128,2,22,2.7,3442
TXN503022,CUST20257,269826,1,23,1.0,2998
TXN503023,CUST20504,32714,1,10,1.3,2982
TXN503024,CUST20739,53282,2,18,4.6,704
TXN503025,CUST20101,23790,2,19,1.0,494
TXN503026,CUST20073,37374,1,9,1.7,1797
TXN503027,CUST20218,27491,1,16,1.9,2456
TXN503028,CUST20237,46659,1,12,3.6,3077
TXN503029,CUST20395,30334,1,10,9.4,2364
TXN503030,CUST20249,14744,2,13,1.2,3039
TXN503031,CUST20715,34168,1,16,1.6,1830
TXN503032,CUST20144,35898,3,21,2.4,2446
TXN503033,CUST20844,375216,1,8,3.6,1224
TXN503034,CUST20512,480000,2,11,0.2,2004
TXN503035,CUST20455,16438,1,17,0.8,76
TXN503036,CUST20320,10840,1,12,2.5,798
TXN503037,CUST20034,16378,1,11,0.7,3104
TXN503038,CUST20692,6537,3,13,0.1,2641
TXN503039,CUST20550,157058,2,18,2.2,1604
TXN503040,CUST20246,74505,1,13,0.8,1664
TXN503041,CUST20181,72996,1,11,1.3,1172
TXN503042,CUST20197,25319,1,12,4.1,3255
TXN503043,CUST20091,8993,1,16,0.1,1438
TXN503044,CUST20138,47937,1,13,4.7,3020
TXN503045,CUST20042,6645,1,9,3.0,169
TXN503046,CUST20506,18258,4,13,3.0,2880
TXN503047,CUST20614,4947,1,18,2.8,3648
TXN503048,CUST20081,31737,2,8,2.7,672
TXN503049,CUST20782,17256,3,14,0.1,3676
TXN503050,CUST20451,13285,1,11,0.9,1365
TXN503051,CUST20003,35089,1,9,5.6,1216
TXN503052,CUST20615,10274,2,19,8.0,49
TXN503053,CUST20658,64116,2,18,3.6,2032
TXN503054,CUST20793,139094,1,16,2.9,2180
TXN503055,CUST20459,41417,2,14,2.9,3658
TXN503056,CUST20669,60702,1,15,1.1,1514
TXN503057,CUST20011,47671,2,14,2.1,1856
TXN503058,CUST20308,22025,1,11,0.0,1894
TXN503059,CUST20684,29932,1,15,0.9,304
TXN503060,CUST20347,57249,22,15,2.4,3988
TXN503061,CUST20352,39806,1,8,1.6,1218
TXN503062,CUST20064,11328,1,19,3.4,2464
TXN503063,CUST20595,20768,1,11,3.9,3442
TXN503064,CUST20394,325643,1,16,0.3,1664
TXN503065,CUST20048,22561,3,17,1.1,2281
TXN503066,CUST20448,215618,1,13,5.4,3188
TXN503067,CUST20367,34472,2,12,4.2,2703
TXN503068,CUST20162,5715,1,18,1.6,828
TXN503069,CUST20577,15442,1,14,3.5,1324
TXN503070,CUST20836,58502,1,1,2.6,617
TXN503071,CUST20275,6946,3,18,10.2,2241
TXN503072,CUST20129,42388,1,23,1.1,3390
TXN503073,CUST20137,10236,1,7,13.0,2727
TXN503074,CUST20772,35784,1,12,1.9,631
TXN503075,CUST20813,28255,1,16,0.6,3376
TXN503076,CUST20212,15609,1,8,14.6,3814
TXN503077,CUST20112,15966,23,11,17.1,977
TXN503078,CUST20611,36860,1,21,0.6,2833
TXN503079,CUST20423,322766,1,11,6.9,913
TXN503080,CUST20114,14298,1,15,0.3,2862
TXN503081,CUST20736,50995,1,11,5.2,2486
TXN503082,CUST20271,42936,1,14,1.4,521
TXN503083,CUST20047,13345,4,12,6.0,350
TXN503084,CUST20887,227627,1,17,13.0,3938
TXN503085,CUST20465,81215,1,17,2.0,430
TXN503086,CUST20190,23249,1,12,0.1,3717
TXN503087,CUST20108,403956,1,22,1.7,1277
TXN503088,CUST20372,15504,1,15,0.9,3294
TXN503089,CUST20569,54757,2,11,0.3,1136
TXN503090,CUST20590,31529,1,13,1.3,1677
TXN503091,CUST20400,18602,1,20,0.5,2072
TXN503092,CUST20332,21985,1,13,5.6,1586
TXN503093,CUST20006,33070,1,16,1.2,164
TXN503094,CUST20550,89371,4,14,11.7,1604
TXN503095,CUST20693,10215,1,15,2.8,1369
TXN503096,CUST20262,72344,1,19,2.2,2745
TXN503097,CUST20116,6630,1,19,5.2,2326
TXN503098,CUST20402,25971,2,13,0.1,2321
TXN503099,CUST20408,228053,1,10,1.0,3701
TXN503100,CUST20146,53269,1,17,6.3,1821
TXN503101,CUST20060,23458,2,18,9.3,1764
TXN503102,CUST20090,31275,1,20,2.3,2421
TXN503103,CUST20477,30305,1,13,4.1,2308
TXN503104,CUST20363,232922,1,17,2.6,622
TXN503105,CUST20083,18265,1,17,3.2,3204
TXN503106,CUST20525,25182,1,23,3.7,1258
TXN503107,CUST20183,26703,2,17,1.9,2726
TXN503108,CUST20345,38935,1,15,3.0,622
TXN503109,CUST20629,20281,1,11,1.6,3005
TXN503110,CUST20607,202527,1,13,0.4,943
TXN503111,CUST20001,136182,1,14,3.0,40
TXN503112,CUST20856,23556,1,13,0.5,3137
TXN503113,CUST20500,7130,2,13,16.6,722
TXN503114,CUST20440,37150,1,15,4.2,3722
TXN503115,CUST20724,848928,2,4,236.0,736
TXN503116,CUST20501,17827,1,18,1.4,2466
TXN503117,CUST20870,65343,2,14,9.7,287
TXN503118,CUST20364,19915,2,16,1.4,2081
TXN503119,CUST20002,12333,2,18,3.3,2839
TXN503120,CUST20085,238101,1,10,9.8,3553
TXN503121,CUST20171,17080,1,15,0.4,2247
TXN503122,CUST20593,16270,1,18,3.3,1089
TXN503123,CUST20163,240539,1,22,0.9,3496
TXN503124,CUST20731,140466,2,6,5.0,218
TXN503125,CUST20677,240757,2,22,0.5,2934
TXN503126,CUST20501,26290,1,20,5.2,2466
TXN503127,CUST20296,37076,3,14,2.7,1341
TXN503128,CUST20612,30104,2,12,7.9,2878
TXN503129,CUST20255,22520,1,11,0.9,1743
TXN503130,CUST20625,35129,1,10,4.9,3065
TXN503131,CUST20773,24193,2,15,0.9,663
TXN503132,CUST20259,2943,1,18,0.6,1847
TXN503133,CUST20751,8493,1,21,0.3,2713
TXN503134,CUST20067,74349,1,3,11.0,1283
TXN503135,CUST20477,24088,3,12,6.2,2308
TXN503136,CUST20015,16853,1,13,0.0,2132
TXN503137,CUST20462,49389,1,21,0.9,2634
TXN503138,CUST20547,217737,1,16,0.1,2990
TXN503139,CUST20503,12175,1,17,0.1,1134
TXN503140,CUST20791,89009,2,14,1.3,796
TXN503141,CUST20875,12740,4,12,3.7,778
TXN503142,CUST20306,21623,1,14,3.0,1256
TXN503143,CUST20387,29384,1,16,2.7,2706
TXN503144,CUST20577,15074,1,19,1.2,1324
TXN503145,CUST20835,29190,1,14,0.4,2855
TXN503146,CUST20233,18943,1,21,5.0,953
TXN503147,CUST20807,42752,4,17,0.5,200
TXN503148,CUST20140,24744,1,16,0.6,1367
TXN503149,CUST20246,48716,1,22,0.3,1664
TXN503150,CUST20129,19959,1,11,3.3,3390
TXN503151,CUST20197,48050,1,13,0.5,3255
TXN503152,CUST20561,3508458,2,20,0.1,1192
TXN503153,CUST20082,16288,1,14,0.3,1219
TXN503154,CUST20256,5683818,1,14,1.5,823
TXN503155,CUST20385,12673,1,9,7.9,669
TXN503156,CUST20135,357020,1,12,0.3,1432
TXN503157,CUST20506,21846,3,16,7.1,2880
TXN503158,CUST20585,25235,1,12,0.2,1912
TXN503159,CUST20590,68637,2,20,0.2,1677
TXN503160,CUST20630,26268,1,10,0.5,866
TXN503161,CUST20375,317826,1,15,2.5,3421
TXN503162,CUST20211,38890,1,17,0.6,2583
TXN503163,CUST20837,18044,2,24,0.0,3437
TXN503164,CUST20390,58874,1,12,6.2,702
TXN503165,CUST20372,37395,2,13,0.8,3294
TXN503166,CUST20293,201955,1,15,9.1,1120
TXN503167,CUST20779,75860,1,15,1.6,1113
TXN503168,CUST20166,7349,1,7,9.6,1691
TXN503169,CUST20134,51350,3,17,2.1,3405
TXN503170,CUST20482,6375,1,15,0.8,823
TXN503171,CUST20175,480000,1,15,3.9,2399
TXN503172,CUST20589,274424,1,5,3.7,1277
TXN503173,CUST20583,65043,1,17,4.4,2977
TXN503174,CUST20095,49065,2,16,1.7,2070
TXN503175,CUST20678,115819,2,15,1.5,290
TXN503176,CUST20508,14926,1,6,5.9,794
TXN503177,CUST20107,15809,1,16,1.6,1425
TXN503178,CUST20434,480000,1,9,3.7,2168
TXN503179,CUST20247,24634,1,1,1.5,1303
TXN503180,CUST20396,40587,3,18,6.1,1915
TXN503181,CUST20087,875490,3,3,270.6,224
TXN503182,CUST20482,19750,1,15,2.7,823
TXN503183,CUST20330,8185,2,16,0.8,2940
TXN503184,CUST20367,27922,2,22,2.2,2703
TXN503185,CUST20436,15131,33,20,19.2,113
TXN503186,CUST20492,4307,1,14,0.6,801
TXN503187,CUST20316,48721,2,14,1.9,1609
TXN503188,CUST20143,20092,2,9,9.3,1985
TXN503189,CUST20275,14428,1,18,8.3,2241
TXN503190,CUST20091,14007,2,11,1.7,1438
TXN503191,CUST20710,61361,1,19,0.4,2171
TXN503192,CUST20071,12706,1,18,0.3,3780
TXN503193,CUST20789,46340,1,10,0.1,785
TXN503194,CUST20839,9402,2,13,0.4,759
TXN503195,CUST20629,20719,2,13,0.1,3005
TXN503196,CUST20344,49573,1,17,1.6,1249
TXN503197,CUST20757,35788,1,12,0.1,771
TXN503198,CUST20263,236959,2,13,0.4,2115
TXN503199,CUST20733,35771,1,6,1.3,361
TXN503200,CUST20199,17952,1,7,3.1,2953
TXN503201,CUST20882,14494,3,4,4.5,2644
TXN503202,CUST20356,25910,1,14,0.7,1648
TXN503203,CUST20417,17101,2,15,5.8,1001
TXN503204,CUST20156,27212,1,15,8.0,3195
TXN503205,CUST20488,29023,3,11,1.8,3741
TXN503206,CUST20714,31748,4,19,0.8,1874
TXN503207,CUST20654,114774,2,11,4.7,815
TXN503208,CUST20225,46504,1,12,3.9,1769
TXN503209,CUST20654,132988,1,11,4.1,815
TXN503210,CUST20328,51360,1,14,4.0,2190
TXN503211,CUST20358,248722,1,8,4.3,1591
TXN503212,CUST20693,12587,2,19,2.2,1369
TXN503213,CUST20398,122895,1,17,3.3,1389
TXN503214,CUST20410,32986,4,10,3.0,3154
TXN503215,CUST20182,27337,3,13,5.0,2709
TXN503216,CUST20760,61210,1,14,0.8,1146
TXN503217,CUST20563,7280,1,15,0.6,3560
TXN503218,CUST20084,282873,1,18,0.4,898
TXN503219,CUST20838,9199,1,13,4.5,1205
TXN503220,CUST20651,5227,1,16,19.8,1997
TXN503221,CUST20601,37321,2,2,0.6,3165
TXN503222,CUST20492,5384,1,13,2.2,801
TXN503223,CUST20550,96598,1,9,2.7,1604
TXN503224,CUST20013,19694,2,11,2.4,750
TXN503225,CUST20247,27274,1,10,1.9,1303
TXN503226,CUST20153,58586,1,15,4.7,1335
TXN503227,CUST20718,30209,2,13,1.6,3204
TXN503228,CUST20281,11043,1,13,1.7,2497
TXN503229,CUST20845,15550,1,22,1.9,1434
TXN503230,CUST20833,43701,1,10,4.5,2948
TXN503231,CUST20266,34296,1,13,1.6,2108
TXN503232,CUST20173,36195,1,12,8.7,1151
TXN503233,CUST20400,20148,1,10,1.3,2072
TXN503234,CUST20026,2575,1,15,3.1,876
TXN503235,CUST20211,44601,3,10,3.0,2583
TXN503236,CUST20451,14609,1,17,7.5,1365
TXN503237,CUST20030,14683,2,11,1.0,1911
TXN503238,CUST20673,89214,1,14,0.0,1656
TXN503239,CUST20645,9220,1,18,0.4,2604
TXN503240,CUST20726,83747,1,20,0.1,1579
TXN503241,CUST20665,66510,1,13,1.1,1000
TXN503242,CUST20757,37701,1,12,2.0,771
TXN503243,CUST20037,12273,1,16,1.3,2003
TXN503244,CUST20025,22869,1,13,13.0,724
TXN503245,CUST20398,224003,1,8,5.1,1389
TXN503246,CUST20466,11498,1,16,3.1,2980
TXN503247,CUST20879,27341,2,10,3.4,2428
TXN503248,CUST20460,87094,1,15,3.6,611
TXN503249,CUST20617,11676,2,16,4.5,761
TXN503250,CUST20043,21385,1,14,4.1,2904
TXN503251,CUST20125,8630,1,17,2.2,2967
TXN503252,CUST20881,87240,1,9,1.6,3946
TXN503253,CUST20758,51894,1,12,9.0,123
TXN503254,CUST20424,11470,3,9,4.8,549
TXN503255,CUST20076,14891,2,13,4.0,250
TXN503256,CUST20687,67190,1,17,0.3,2902
TXN503257,CUST20798,56922,1,18,1.6,2940
TXN503258,CUST20197,26970,1,17,4.5,3255
TXN503259,CUST20522,42626,1,7,6.9,3714
TXN503260,CUST20187,402820,2,14,2.1,3824
TXN503261,CUST20338,147605,1,15,1.0,2263
TXN503262,CUST20399,8911,1,5,5.3,2798
TXN503263,CUST20843,48458,3,18,3.7,2406
TXN503264,CUST20598,46656,2,20,2.9,2572
TXN503265,CUST20419,12698,31,6,13.8,74
TXN503266,CUST20005,80499,2,10,0.2,2233
TXN503267,CUST20350,20612,1,13,2.6,2677
TXN503268,CUST20294,30331,2,15,1.5,602
TXN503269,CUST20828,46500,2,11,1.8,1106
TXN503270,CUST20276,14403,1,16,1.0,1220
TXN503271,CUST20150,23538,1,12,0.1,1131
TXN503272,CUST20053,58857,1,12,1.9,3482
TXN503273,CUST20389,29417,1,19,2.0,268
TXN503274,CUST20596,76162,1,14,2.3,48
TXN503275,CUST20791,65748,1,6,2.9,796
TXN503276,CUST20675,40665,2,16,6.3,752
TXN503277,CUST20340,480000,1,18,0.4,523
TXN503278,CUST20097,111921,1,10,6.4,1061
TXN503279,CUST20169,18995,1,11,2.8,142
TXN503280,CUST20271,27772,1,11,0.1,521
TXN503281,CUST20565,45083,1,10,4.1,3055
TXN503282,CUST20202,30029,1,13,0.9,3446
TXN503283,CUST20764,30764,3,21,0.3,1521
TXN503284,CUST20816,45565,3,12,7.8,312
TXN503285,CUST20725,245759,3,9,2.0,3405
TXN503286,CUST20328,43142,1,15,1.1,2190
TXN503287,CUST20005,56320,1,12,3.2,2233
TXN503288,CUST20567,121099,1,21,3.7,2801
TXN503289,CUST20536,20965,1,16,2.3,3421
TXN503290,CUST20246,73033,1,13,1.3,1664
TXN503291,CUST20064,15630,1,20,6.3,2464
TXN503292,CUST20668,38317,2,9,5.7,1298
TXN503293,CUST20826,16030,1,18,0.5,309
TXN503294,CUST20104,155971,3,3,284.0,397
TXN503295,CUST20249,14984,1,14,1.1,3039
TXN503296,CUST20093,16516,1,15,3.7,2604
TXN503297,CUST20663,165733,1,15,17.4,1784
TXN503298,CUST20673,37045,2,16,4.1,1656
TXN503299,CUST20580,37845,1,13,0.1,1611
TXN503300,CUST20388,394212,1,7,2.9,2427
TXN503301,CUST20592,109717,1,16,2.4,1576
TXN503302,CUST20402,13381,2,18,12.2,2321
TXN503303,CUST20309,480000,1,20,4.3,2207
TXN503304,CUST20256,45052,30,0,24.4,823
TXN503305,CUST20123,8089,1,15,2.2,328
TXN503306,CUST20296,13382,1,22,0.5,1341
TXN503307,CUST20313,33134,1,10,0.6,126
TXN503308,CUST20677,8692033,1,14,7.4,2934
TXN503309,CUST20041,51409,1,17,2.8,924
TXN503310,CUST20096,29137,1,15,3.4,432
TXN503311,CUST20002,50518,1,14,0.0,2839
TXN503312,CUST20720,34101,1,18,0.2,1580
TXN503313,CUST20633,86806,1,17,0.6,1860
TXN503314,CUST20778,26882,2,14,0.6,3990
TXN503315,CUST20718,25550,1,7,6.4,3204
TXN503316,CUST20362,117436,1,18,27.2,3493
TXN503317,CUST20498,35916,1,20,0.4,2459
TXN503318,CUST20273,37244,1,16,5.0,1659
TXN503319,CUST20464,11839,1,16,3.1,3648
TXN503320,CUST20793,95413,2,19,3.7,2180
TXN503321,CUST20425,43351,2,16,0.7,3265
TXN503322,CUST20612,26474,1,14,5.9,2878
TXN503323,CUST20121,53045,3,11,0.9,3348
TXN503324,CUST20356,27191,1,19,9.4,1648
TXN503325,CUST20309,209466,1,3,5.0,2207
TXN503326,CUST20252,39593,2,11,4.7,1870
TXN503327,CUST20540,736540,1,4,236.3,2488
TXN503328,CUST20180,10017,1,12,2.9,3019
TXN503329,CUST20397,34704,2,9,9.4,1479
TXN503330,CUST20286,233345,1,13,0.5,1750
TXN503331,CUST20331,55701,2,15,0.7,381
TXN503332,CUST20111,8690,1,16,2.5,2776
TXN503333,CUST20072,23401,1,18,6.1,2037
TXN503334,CUST20620,62851,2,16,0.4,3594
TXN503335,CUST20536,36559,1,20,0.3,3421
TXN503336,CUST20835,47275,2,8,1.9,2855
TXN503337,CUST20812,8166,1,14,6.2,2297
TXN503338,CUST20002,12449,2,20,5.2,2839
TXN503339,CUST20463,17559,1,7,2.2,3880
TXN503340,CUST20418,34323,2,10,1.1,2636
TXN503341,CUST20731,179777,2,8,0.4,218
TXN503342,CUST20746,38271,3,12,8.0,2833
TXN503343,CUST20116,7931,1,15,2.7,2326
TXN503344,CUST20486,77454,1,15,0.3,1067
TXN503345,CUST20348,28443,3,11,2.7,1944
TXN503346,CUST20126,15348,1,15,4.1,918
TXN503347,CUST20256,51102,30,0,22.5,823
TXN503348,CUST20655,14408,1,19,0.8,632
TXN503349,CUST20836,59919,1,18,8.0,617
TXN503350,CUST20795,42909,2,20,1.6,541
TXN503351,CUST20168,24451,1,14,1.3,1793
TXN503352,CUST20186,34525,3,15,4.6,3517
TXN503353,CUST20637,11765,3,11,5.0,3677
TXN503354,CUST20245,35579,2,13,6.7,3265
TXN503355,CUST20191,17600,1,15,5.6,2964
TXN503356,CUST20204,209596,1,14,2.8,2200
TXN503357,CUST20203,89720,2,7,0.7,1821
TXN503358,CUST20027,283605,1,13,1.1,3066
TXN503359,CUST20730,21107,2,19,3.1,3610
TXN503360,CUST20824,26544,1,12,9.6,1880
TXN503361,CUST20215,40310,2,16,0.5,1103
TXN503362,CUST20261,16690,3,8,4.2,1675
TXN503363,CUST20241,81953,2,15,4.5,1539
TXN503364,CUST20071,13903,2,11,0.6,3780
TXN503365,CUST20840,480000,1,14,0.2,1366
TXN503366,CUST20475,30977,1,18,4.1,1155
TXN503367,CUST20723,18442,2,10,4.8,3666
TXN503368,CUST20890,22631,1,11,3.3,1384
TXN503369,CUST20190,39969,1,13,2.9,3717
TXN503370,CUST20055,43262,1,17,2.5,2802
TXN503371,CUST20277,14213,1,12,6.1,3724
TXN503372,CUST20849,83185,1,14,4.6,768
TXN503373,CUST20712,69949,1,14,9.6,3721
TXN503374,CUST20090,52800,1,11,1.3,2421
TXN503375,CUST20586,11535,1,10,7.3,477
TXN503376,CUST20579,7578,1,15,0.6,961
TXN503377,CUST20132,14372,1,18,8.3,2125
TXN503378,CUST20827,583076,2,4,198.4,282
TXN503379,CUST20755,9495,1,11,4.3,2596
TXN503380,CUST20543,20556,2,8,1.3,2388
TXN503381,CUST20008,275950,1,19,0.8,2222
TXN503382,CUST20705,27901,1,14,4.9,2647
TXN503383,CUST20290,19964,1,16,1.7,3526
TXN503384,CUST20796,429629,1,10,1.2,2508
TXN503385,CUST20103,15429,1,10,4.2,440
TXN503386,CUST20731,98142,2,16,4.0,218
TXN503387,CUST20224,22673,1,15,8.8,2189
TXN503388,CUST20732,221553,1,10,1.7,1082
TXN503389,CUST20090,40426,1,16,5.5,2421
TXN503390,CUST20367,14475,1,14,1.8,2703
TXN503391,CUST20415,20382,1,9,1.0,370
TXN503392,CUST20390,52900,3,19,2.5,702
TXN503393,CUST20595,25804,1,18,8.5,3442
TXN503394,CUST20696,17296,1,8,1.1,377
TXN503395,CUST20588,33972,3,6,4.0,724
TXN503396,CUST20891,45947,2,18,9.5,189
TXN503397,CUST20334,227774,1,7,5.0,1632
TXN503398,CUST20044,42633,1,17,6.5,2144
TXN503399,CUST20182,27481,1,17,5.1,2709
TXN503400,CUST20372,41660,1,15,0.8,3294
TXN503401,CUST20218,42782,1,10,5.9,2456
TXN503402,CUST20532,36530,1,14,1.4,3303
TXN503403,CUST20809,7444,2,15,0.1,2893
TXN503404,CUST20536,47455,1,15,5.2,3421
TXN503405,CUST20014,4767,1,20,4.9,256
TXN503406,CUST20181,165411,1,18,0.5,1172
TXN503407,CUST20856,24450,2,18,4.1,3137
TXN503408,CUST20845,19192,2,13,2.4,1434
TXN503409,CUST20218,34802,1,17,3.2,2456
TXN503410,CUST20558,9542,2,12,0.8,3039
TXN503411,CUST20175,371491,2,13,0.2,2399
TXN503412,CUST20775,37242,1,20,8.8,2703
TXN503413,CUST20405,19369,1,17,5.3,2265
TXN503414,CUST20695,19478,1,13,1.9,2455
TXN503415,CUST20724,240021,1,13,0.8,736
TXN503416,CUST20025,12117,2,15,2.0,724
TXN503417,CUST20723,14553,1,16,2.0,3666
TXN503418,CUST20619,226570,1,18,1.0,2553
TXN503419,CUST20742,11427,1,10,1.5,908
TXN503420,CUST20612,19024,2,17,0.1,2878
TXN503421,CUST20507,3477,2,20,1.0,2436
TXN503422,CUST20308,19153,2,13,1.4,1894
TXN503423,CUST20767,250893,2,5,2.7,2636
TXN503424,CUST20824,46357,1,14,2.6,1880
TXN503425,CUST20628,13409,1,19,1.9,1574
TXN503426,CUST20077,9074,1,18,1.2,3369
TXN503427,CUST20832,27261,1,16,10.4,164
TXN503428,CUST20672,47940,2,15,0.6,3658
TXN503429,CUST20281,7024,3,15,0.0,2497
TXN503430,CUST20791,50730,1,20,1.2,796
TXN503431,CUST20713,20807,4,14,0.5,844
TXN503432,CUST20360,35308,1,13,0.3,2462
TXN503433,CUST20289,480000,4,4,0.9,500
TXN503434,CUST20109,71842,1,11,9.3,890
TXN503435,CUST20890,26937,2,18,2.8,1384
TXN503436,CUST20497,39806,1,13,0.1,2873
TXN503437,CUST20493,12174,2,15,2.6,2626
TXN503438,CUST20345,29589,1,14,0.1,622
TXN503439,CUST20543,72298,1,21,1.7,2388
TXN503440,CUST20438,18976,1,17,1.2,2608
TXN503441,CUST20763,139733,1,22,1.9,1043
TXN503442,CUST20451,6581,1,8,8.2,1365
TXN503443,CUST20402,8624,1,7,1.0,2321
TXN503444,CUST20816,32574,1,17,4.5,312
TXN503445,CUST20684,25498,2,13,5.1,304
TXN503446,CUST20072,4654132,2,17,3.8,2037
TXN503447,CUST20278,34115,1,13,2.7,921
TXN503448,CUST20600,16999,1,14,3.7,1892
TXN503449,CUST20059,369779,3,16,3.6,2114
TXN503450,CUST20319,17947,1,15,1.2,533
TXN503451,CUST20374,178068,1,12,4.1,1043
TXN503452,CUST20228,36333,1,3,0.3,3040
TXN503453,CUST20183,40160,1,10,3.2,2726
TXN503454,CUST20100,32948,2,12,1.2,1919
TXN503455,CUST20160,455109,2,14,1.5,116
TXN503456,CUST20896,16668,1,12,10.2,2800
TXN503457,CUST20083,55103,1,10,1.8,3204
TXN503458,CUST20643,72317,2,16,4.3,417
TXN503459,CUST20586,14873,1,9,2.6,477
TXN503460,CUST20337,14590,2,15,1.3,2503
TXN503461,CUST20355,26210,2,12,4.4,258
TXN503462,CUST20288,17332,1,22,5.5,3691
TXN503463,CUST20646,155882,1,13,0.7,131
TXN503464,CUST20267,43616,2,14,1.1,443
TXN503465,CUST20460,170051,2,7,0.8,611
TXN503466,CUST20329,20208,1,11,9.9,3947
TXN503467,CUST20120,13005,1,12,4.9,2169
TXN503468,CUST20876,74612,1,8,1.9,2176
TXN503469,CUST20830,8886,2,15,5.1,1641
TXN503470,CUST20216,323460,2,18,3.8,2105
TXN503471,CUST20660,42079,1,15,3.9,944
TXN503472,CUST20676,45451,1,15,2.3,597
TXN503473,CUST20027,209794,1,9,6.3,3066
TXN503474,CUST20028,13538,2,15,5.2,3447
TXN503475,CUST20517,672373,3,2,253.8,666
TXN503476,CUST20431,16461,1,15,0.2,1690
TXN503477,CUST20231,131855,1,16,0.5,2363
TXN503478,CUST20196,11374,1,1,0.6,3327
TXN503479,CUST20432,16973,1,18,3.7,527
TXN503480,CUST20634,449611,1,10,5.9,1279
TXN503481,CUST20479,14084,1,15,2.8,757
TXN503482,CUST20758,67882,1,21,1.4,123
TXN503483,CUST20781,59552,3,7,1.5,673
TXN503484,CUST20838,14783,1,8,8.7,1205
TXN503485,CUST20363,124135,1,20,3.3,622
TXN503486,CUST20694,23614,4,1,0.6,58
TXN503487,CUST20273,60133,2,14,1.1,1659
TXN503488,CUST20688,200106,3,13,9.2,413
TXN503489,CUST20863,12226,4,17,0.7,3858
TXN503490,CUST20720,92933,2,15,0.1,1580
TXN503491,CUST20682,185087,1,15,1.5,2138
TXN503492,CUST20106,15089,1,22,1.1,905
TXN503493,CUST20123,15151,2,15,0.2,328
TXN503494,CUST20735,38701,1,12,0.4,1579
TXN503495,CUST20484,258160,1,16,2.0,1036
TXN503496,CUST20157,11772,2,16,5.4,759
TXN503497,CUST20020,40274,1,19,4.6,3959
TXN503498,CUST20300,35762,1,11,3.5,525
TXN503499,CUST20137,15496,2,19,6.7,2727
TXN503500,CUST20896,17757,1,10,4.3,2800
TXN503501,CUST20570,44554,1,11,3.4,3508
TXN503502,CUST20182,48363,2,15,7.3,2709
TXN503503,CUST20761,15663,1,13,6.8,1228
TXN503504,CUST20293,145282,2,19,5.2,1120
TXN503505,CUST20655,20401,1,13,25.2,632
TXN503506,CUST20653,22264,1,12,5.0,2480
TXN503507,CUST20844,185455,1,20,7.7,1224
TXN503508,CUST20557,15460,2,13,2.7,345
TXN503509,CUST20266,26332,1,19,1.1,2108
TXN503510,CUST20671,23919,2,16,0.2,1800
TXN503511,CUST20278,16669,1,9,9.1,921
TXN503512,CUST20651,5823,1,21,1.1,1997
TXN503513,CUST20305,42008,3,15,0.7,2212
TXN503514,CUST20231,98792,2,12,1.1,2363
TXN503515,CUST20004,480000,2,8,0.3,815
TXN503516,CUST20353,29673,1,6,2.6,3872
TXN503517,CUST20526,92388,1,9,3.8,3657
TXN503518,CUST20508,14504,2,20,0.1,794
TXN503519,CUST20464,11989,1,12,4.4,3648
TXN503520,CUST20739,56118,1,12,5.3,704
TXN503521,CUST20391,84230,2,14,0.6,2371
TXN503522,CUST20865,17835,1,17,0.8,596
TXN503523,CUST20070,82306,1,9,0.5,2377
TXN503524,CUST20529,10157,1,6,7.5,2265
TXN503525,CUST20138,31579,2,6,3.6,3020
TXN503526,CUST20300,36885,1,11,5.0,525
TXN503527,CUST20073,23457,1,17,0.7,1797
TXN503528,CUST20549,35888,1,13,0.6,365
TXN503529,CUST20787,23568,1,17,1.8,1833
TXN503530,CUST20547,98470,1,15,0.2,2990
TXN503531,CUST20379,41393,1,17,0.1,2844
TXN503532,CUST20532,35893,2,14,5.5,3303
TXN503533,CUST20305,19952,1,23,15.6,2212
TXN503534,CUST20838,8647,1,11,0.0,1205
TXN503535,CUST20244,37361,1,14,1.4,1268
TXN503536,CUST20717,97782,1,10,1.4,2200
TXN503537,CUST20304,10462,1,9,7.9,1279
TXN503538,CUST20393,13278,1,11,2.7,2745
TXN503539,CUST20146,58805,1,7,1.0,1821
TXN503540,CUST20109,159866,1,12,1.4,890
TXN503541,CUST20783,29355,1,15,0.9,1349
TXN503542,CUST20048,39486,4,14,1.8,2281
TXN503543,CUST20489,21840,3,18,3.1,2037
TXN503544,CUST20372,24519,2,11,2.1,3294
TXN503545,CUST20098,447348,1,12,2.0,2124
TXN503546,CUST20581,45017,1,13,1.0,1591
TXN503547,CUST20330,14749,4,10,0.4,2940
TXN503548,CUST20126,14585,3,17,2.8,918
TXN503549,CUST20028,11405,4,12,0.0,3447
TXN503550,CUST20870,26360,2,11,2.8,287
TXN503551,CUST20403,475124,4,17,2.9,854
TXN503552,CUST20290,27041,1,10,1.0,3526
TXN503553,CUST20892,14413,1,15,0.8,537
TXN503554,CUST20698,18296,1,8,11.0,3099
TXN503555,CUST20277,9405,1,11,0.4,3724
TXN503556,CUST20161,34182,1,14,5.2,208
TXN503557,CUST20038,13576,2,14,1.1,3960
TXN503558,CUST20683,14569,2,9,1.4,3857
TXN503559,CUST20718,41844,1,12,1.0,3204
TXN503560,CUST20315,36400,3,18,0.3,3767
TXN503561,CUST20060,20086,1,17,2.5,1764
TXN503562,CUST20841,12549,1,15,4.9,33
TXN503563,CUST20653,22737,1,11,0.4,2480
TXN503564,CUST20203,201121,1,12,0.3,1821
TXN503565,CUST20596,178252,3,10,4.9,48
TXN503566,CUST20585,37303,1,14,2.4,1912
TXN503567,CUST20618,480000,1,14,3.9,2320
TXN503568,CUST20734,423711,1,11,5.7,1305
TXN503569,CUST20452,36291,1,17,4.2,2763
TXN503570,CUST20219,11363,1,9,4.6,211
TXN503571,CUST20332,27418,1,17,6.6,1586
TXN503572,CUST20568,167935,3,13,1.5,2127
TXN503573,CUST20113,98459,1,15,7.5,2756
TXN503574,CUST20178,13070,1,16,15.2,460
TXN503575,CUST20281,18001,1,10,0.2,2497
TXN503576,CUST20003,32943,1,15,4.1,1216
TXN503577,CUST20052,8960,1,15,3.7,3627
TXN503578,CUST20018,76665,1,12,1.3,400
TXN503579,CUST20787,24181,1,11,0.7,1833
TXN503580,CUST20134,53771,1,11,0.1,3405
TXN503581,CUST20612,28303,1,13,4.2,2878
TXN503582,CUST20398,93754,1,10,2.6,1389
TXN503583,CUST20775,44818,1,11,0.7,2703
TXN503584,CUST20206,176795,1,14,2.0,832
TXN503585,CUST20517,31613,1,18,1.2,666
TXN503586,CUST20493,28101,1,18,3.5,2626
TXN503587,CUST20134,37025,1,14,4.0,3405
TXN503588,CUST20899,39278,1,23,8.2,2043
TXN503589,CUST20057,65113,1,0,0.6,2706
TXN503590,CUST20235,8547610,2,13,11.1,284
TXN503591,CUST20655,26783,2,17,0.7,632
TXN503592,CUST20072,10152,2,20,22.6,2037
TXN503593,CUST20210,106368,1,17,3.8,1432
TXN503594,CUST20587,3397,1,14,1.1,2295
TXN503595,CUST20730,33325,1,12,11.3,3610
TXN503596,CUST20252,25335,1,6,0.9,1870
TXN503597,CUST20753,82748,1,15,1.2,1345
TXN503598,CUST20841,16325,1,13,4.2,33
TXN503599,CUST20305,29043,1,16,0.2,2212
TXN503600,CUST20765,227036,1,18,3.8,2853
TXN503601,CUST20891,57862,1,17,10.4,189
TXN503602,CUST20182,16056,1,13,3.4,2709
TXN503603,CUST20587,4189,1,8,8.2,2295
TXN503604,CUST20262,39495,2,22,1.8,2745
TXN503605,CUST20427,6851,2,7,0.2,699
TXN503606,CUST20530,9331,1,11,5.1,227
TXN503607,CUST20726,78834,1,10,3.7,1579
TXN503608,CUST20802,193472,3,13,2.7,958
TXN503609,CUST20327,41397,2,15,9.4,2452
TXN503610,CUST20636,22235,1,13,5.7,2732
TXN503611,CUST20083,20060,1,7,0.9,3204
TXN503612,CUST20419,36861,31,6,2.8,74
TXN503613,CUST20157,8758,1,14,0.7,759
TXN503614,CUST20781,80662,3,12,3.4,673
TXN503615,CUST20817,66959,2,18,18.6,3114
TXN503616,CUST20625,59918,1,18,2.0,3065
TXN503617,CUST20457,32300,3,10,12.9,1014
TXN503618,CUST20267,98601,3,19,10.1,443
TXN503619,CUST20896,11409,3,10,1.3,2800
TXN503620,CUST20676,5971538,1,16,3.2,597
TXN503621,CUST20632,246031,1,13,0.7,728
TXN503622,CUST20023,27098,1,12,2.3,3382
TXN503623,CUST20834,46566,1,21,2.4,297
TXN503624,CUST20838,15532,1,17,19.6,1205
TXN503625,CUST20622,6181951,1,8,4.0,966
TXN503626,CUST20243,79012,2,14,3.2,1742
TXN503627,CUST20676,44832,1,13,7.1,597
TXN503628,CUST20105,6906,1,15,11.0,2562
TXN503629,CUST20179,15723,4,19,1.0,3695
TXN503630,CUST20079,17869,1,18,4.5,3964
TXN503631,CUST20476,24014,1,20,1.6,660
TXN503632,CUST20824,42122,1,11,2.8,1880
TXN503633,CUST20190,18790,1,15,1.4,3717
TXN503634,CUST20441,18366,1,8,13.2,639
TXN503635,CUST20353,33754,1,18,4.6,3872
TXN503636,CUST20619,892145,2,1,149.0,2553
TXN503637,CUST20770,58928,1,10,2.9,1916
TXN503638,CUST20729,11766,2,12,4.3,1878
TXN503639,CUST20491,20069,1,13,1.9,3283
TXN503640,CUST20237,69719,1,14,7.7,3077
TXN503641,CUST20756,106136,2,17,1.4,1772
TXN503642,CUST20710,28702,1,16,0.7,2171
TXN503643,CUST20138,31186,2,22,1.3,3020
TXN503644,CUST20057,48365,2,11,19.4,2706
TXN503645,CUST20340,480000,2,19,2.5,523
TXN503646,CUST20467,24184,1,15,3.5,2380
TXN503647,CUST20401,15810,1,21,6.3,2389
TXN503648,CUST20263,348982,2,15,2.6,2115
TXN503649,CUST20644,29768,2,19,3.4,3305
TXN503650,CUST20837,12176,1,15,1.1,3437
TXN503651,CUST20791,47931,1,13,2.3,796
TXN503652,CUST20371,38693,1,15,0.3,645
TXN503653,CUST20351,65841,1,8,1.9,2605
TXN503654,CUST20802,146954,1,10,1.6,958
TXN503655,CUST20070,70129,1,15,4.2,2377
TXN503656,CUST20840,469654,2,12,1.0,1366
TXN503657,CUST20791,61158,1,12,4.4,796
TXN503658,CUST20842,11855,3,14,0.6,685
TXN503659,CUST20310,7295,1,17,1.2,1343
TXN503660,CUST20264,36572,1,15,4.2,882
TXN503661,CUST20385,19097,2,17,6.5,669
TXN503662,CUST20302,66680,3,15,1.0,803
TXN503663,CUST20334,480000,1,8,5.8,1632
TXN503664,CUST20000,22514,3,17,0.6,3598
TXN503665,CUST20393,11786,1,14,1.0,2745
TXN503666,CUST20219,25959,1,14,2.4,211
TXN503667,CUST20168,22000,1,3,25.6,1793
TXN503668,CUST20407,15786,1,13,3.9,3531
TXN503669,CUST20759,27079,2,13,0.9,3752
TXN503670,CUST20645,14576,1,19,1.6,2604
TXN503671,CUST20336,180709,1,12,1.7,3477
TXN503672,CUST20161,190409,1,1,258.7,208
TXN503673,CUST20777,14224,1,14,8.1,1104
TXN503674,CUST20899,19348,1,12,0.2,2043
TXN503675,CUST20144,43076,1,18,2.1,2446
TXN503676,CUST20784,20222,1,15,5.6,3215
TXN503677,CUST20580,66020,1,13,1.1,1611
TXN503678,CUST20359,15093,2,9,3.3,2284
TXN503679,CUST20250,47592,1,11,2.3,1116
TXN503680,CUST20785,10522,1,16,5.2,1345
TXN503681,CUST20544,183186,1,16,5.8,1885
TXN503682,CUST20271,12693,2,20,2.6,521
TXN503683,CUST20511,8216,2,11,1.7,987
TXN503684,CUST20311,21486,1,8,0.5,910
TXN503685,CUST20184,15893,2,11,11.0,2450
TXN503686,CUST20281,12911,1,17,0.4,2497
TXN503687,CUST20360,31294,1,13,9.5,2462
TXN503688,CUST20275,22073,1,17,4.1,2241
TXN503689,CUST20556,8553,1,16,0.5,1347
TXN503690,CUST20843,53349,1,10,3.2,2406
TXN503691,CUST20461,385734,1,16,0.3,3195
TXN503692,CUST20190,18297,1,9,0.2,3717
TXN503693,CUST20530,16290,1,16,2.2,227
TXN503694,CUST20109,97202,4,15,0.9,890
TXN503695,CUST20061,35629,1,17,5.8,2621
TXN503696,CUST20015,22432,4,15,9.6,2132
TXN503697,CUST20333,15561,2,14,0.9,3898
TXN503698,CUST20773,33890,1,14,0.9,663
TXN503699,CUST20620,566900,1,3,222.8,3594
TXN503700,CUST20275,21828,1,12,1.8,2241
TXN503701,CUST20883,164121,1,3,228.0,2697
TXN503702,CUST20255,24991,1,11,2.7,1743
TXN503703,CUST20258,415769,1,11,5.5,56
TXN503704,CUST20882,7329,3,14,2.7,2644
TXN503705,CUST20213,17616,1,13,4.0,2609
TXN503706,CUST20523,46604,2,20,7.6,3292
TXN503707,CUST20241,36773,1,18,1.8,1539
TXN503708,CUST20684,19568,1,14,2.3,304
TXN503709,CUST20016,52426,1,15,4.4,1049
TXN503710,CUST20187,480000,2,20,2.1,3824
TXN503711,CUST20402,16939,3,15,11.6,2321
TXN503712,CUST20422,240081,1,12,10.4,3338
TXN503713,CUST20065,44022,2,18,1.3,429
TXN503714,CUST20206,170447,1,9,0.4,832
TXN503715,CUST20514,65129,1,16,1.3,3855
TXN503716,CUST20551,26960,1,19,1.4,3104
TXN503717,CUST20369,64576,1,0,0.0,1841
TXN503718,CUST20332,24490,1,13,1.3,1586
TXN503719,CUST20123,15956,2,22,1.4,328
TXN503720,CUST20653,26916,1,15,2.8,2480
TXN503721,CUST20613,54025,1,19,1.1,2482
TXN503722,CUST20073,5276646,1,16,3.2,1797
TXN503723,CUST20745,44761,1,13,2.5,3838
TXN503724,CUST20065,64232,3,16,1.7,429
TXN503725,CUST20029,24811,1,10,2.4,1461
TXN503726,CUST20268,242183,1,0,0.9,1677
TXN503727,CUST20387,44591,3,10,2.3,2706
TXN503728,CUST20543,19446,2,19,4.1,2388
TXN503729,CUST20250,25385,1,7,1.1,1116
TXN503730,CUST20667,10717,1,14,2.3,3534
TXN503731,CUST20283,10985,1,19,0.1,1847
TXN503732,CUST20346,67363,1,10,5.3,1727
TXN503733,CUST20468,249872,1,13,1.1,478
TXN503734,CUST20499,16335,3,15,7.6,3504
TXN503735,CUST20819,61928,3,8,1.7,1524
TXN503736,CUST20198,27310,1,19,1.1,2102
TXN503737,CUST20745,42511,1,12,5.4,3838
TXN503738,CUST20220,15084,1,17,0.4,784
TXN503739,CUST20292,10204,1,16,2.5,504
TXN503740,CUST20866,121472,1,8,0.0,247
TXN503741,CUST20220,23409,1,19,5.3,784
TXN503742,CUST20180,28421,1,13,2.6,3019
TXN503743,CUST20545,22874,1,5,4.2,1002
TXN503744,CUST20285,140147,4,16,3.8,110
TXN503745,CUST20478,7325,1,12,1.2,3970
TXN503746,CUST20212,27379,1,15,0.9,3814
TXN503747,CUST20405,7775,1,16,0.2,2265
TXN503748,CUST20296,26314,1,9,13.9,1341
TXN503749,CUST20378,18857,2,12,1.0,1133
TXN503750,CUST20478,9096,2,13,0.2,3970
TXN503751,CUST20381,31668,1,9,7.1,3997
TXN503752,CUST20072,25090,2,15,1.9,2037
TXN503753,CUST20323,39720,1,20,0.5,3925
TXN503754,CUST20304,7385,1,17,3.6,1279
TXN503755,CUST20453,21328,1,13,0.2,653
TXN503756,CUST20339,18166,2,15,6.7,1697
TXN503757,CUST20307,25431,2,11,5.4,1336
TXN503758,CUST20066,36810,3,17,6.2,2362
TXN503759,CUST20044,40581,2,15,0.1,2144
TXN503760,CUST20260,243915,1,7,9.1,3920
TXN503761,CUST20016,26737,1,13,0.9,1049
TXN503762,CUST20136,32491,2,12,0.9,2149
TXN503763,CUST20306,29687,1,15,1.5,1256
TXN503764,CUST20395,58322,1,10,6.1,2364
TXN503765,CUST20205,157002,2,11,8.4,1867
TXN503766,CUST20623,54619,1,7,14.6,3699
TXN503767,CUST20205,110559,1,16,1.7,1867
TXN503768,CUST20089,57634,3,18,3.9,3023
TXN503769,CUST20554,143452,2,12,0.0,2150
TXN503770,CUST20212,19903,1,17,0.3,3814
TXN503771,CUST20094,22559,28,8,24.2,2232
TXN503772,CUST20309,244822,1,10,1.0,2207
TXN503773,CUST20287,30645,3,12,3.2,1020
TXN503774,CUST20305,25583,1,13,0.9,2212
TXN503775,CUST20275,14425,3,20,3.9,2241
TXN503776,CUST20034,16831,1,10,0.5,3104
TXN503777,CUST20564,33347,1,22,3.5,1969
TXN503778,CUST20118,10809,1,9,3.9,1831
TXN503779,CUST20154,242913,1,13,0.3,2298
TXN503780,CUST20670,160599,1,14,0.2,312
TXN503781,CUST20886,22130,1,12,16.5,2249
TXN503782,CUST20582,234367,1,22,0.2,1421
TXN503783,CUST20571,38535,1,17,1.3,2844
TXN503784,CUST20737,32409,3,8,8.2,1053
TXN503785,CUST20772,35978,1,10,0.0,631
TXN503786,CUST20091,13395,1,9,6.3,1438
TXN503787,CUST20654,72378,1,16,2.7,815
TXN503788,CUST20774,74651,1,12,6.4,3056
TXN503789,CUST20285,132878,1,8,0.8,110
TXN503790,CUST20322,33269,1,15,2.1,3538
TXN503791,CUST20556,5745,1,19,1.1,1347
TXN503792,CUST20888,39768,1,11,0.4,1927
TXN503793,CUST20631,70997,1,18,2.9,3902
TXN503794,CUST20009,18945,2,10,14.6,1110
TXN503795,CUST20666,35035,2,13,3.8,683
TXN503796,CUST20591,48174,1,16,3.1,590
TXN503797,CUST20645,10052,1,17,2.7,2604
TXN503798,CUST20035,27440,1,20,2.0,771
TXN503799,CUST20092,58106,1,9,1.8,2634
TXN503800,CUST20377,28867,1,20,5.5,166
TXN503801,CUST20070,49308,1,8,13.4,2377
TXN503802,CUST20220,11098,2,11,3.2,784
TXN503803,CUST20431,25859,2,10,6.2,1690
TXN503804,CUST20830,13362,1,10,1.4,1641
TXN503805,CUST20560,373596,1,16,4.9,1054
TXN503806,CUST20081,38293,2,15,0.7,672
TXN503807,CUST20206,239554,1,19,2.8,832
TXN503808,CUST20668,16350,1,9,2.4,1298
TXN503809,CUST20583,52869,1,16,2.4,2977
TXN503810,CUST20659,27891,2,14,3.5,1101
TXN503811,CUST20147,4322,2,16,4.3,2395
TXN503812,CUST20171,16840,2,16,6.8,2247
TXN503813,CUST20805,365245,3,15,2.0,420
TXN503814,CUST20621,27780,3,17,14.5,1537
TXN503815,CUST20307,10039,1,17,1.3,1336
TXN503816,CUST20026,9376,1,20,3.7,876
TXN503817,CUST20063,55781,1,14,7.5,3678
TXN503818,CUST20670,134088,1,11,2.4,312
TXN503819,CUST20254,32940,1,11,2.3,3830
TXN503820,CUST20607,264346,1,16,9.5,943
TXN503821,CUST20194,10494,1,7,5.3,1003
TXN503822,CUST20305,22392,2,10,1.8,2212
TXN503823,CUST20656,21806,1,13,2.1,3379
TXN503824,CUST20797,16023,4,15,1.5,2764
TXN503825,CUST20611,30928,2,13,8.3,2833
TXN503826,CUST20649,480000,1,18,0.6,2469
TXN503827,CUST20348,86625,1,8,2.0,1944
TXN503828,CUST20735,42534,2,13,9.6,1579
TXN503829,CUST20503,10075,1,11,12.4,1134
TXN503830,CUST20638,56883,1,17,4.1,3163
TXN503831,CUST20103,23966,1,15,2.9,440
TXN503832,CUST20586,11624,2,15,1.9,477
TXN503833,CUST20535,15885,2,16,0.7,864
TXN503834,CUST20384,10339,1,18,5.3,3498
TXN503835,CUST20043,14982,3,17,0.4,2904
TXN503836,CUST20503,8998,1,20,3.8,1134
TXN503837,CUST20386,33123,1,11,1.5,509
TXN503838,CUST20521,17395,1,13,14.7,3169
TXN503839,CUST20316,27500,1,15,6.5,1609
TXN503840,CUST20730,21796,3,17,0.6,3610
TXN503841,CUST20793,157339,2,12,24.7,2180
TXN503842,CUST20332,42938,2,9,7.4,1586
TXN503843,CUST20728,24730,1,19,2.9,542
TXN503844,CUST20614,11335,2,17,1.0,3648
TXN503845,CUST20591,81319,2,20,0.0,590
TXN503846,CUST20022,8847,1,6,2.6,1228
TXN503847,CUST20629,27358,2,11,0.2,3005
TXN503848,CUST20429,23491,1,16,13.7,1155
TXN503849,CUST20587,6772,1,18,3.4,2295
TXN503850,CUST20033,18958,2,21,2.6,848
TXN503851,CUST20496,34386,2,17,0.3,895
TXN503852,CUST20304,7589,1,12,9.8,1279
TXN503853,CUST20750,38890,1,16,0.8,267
TXN503854,CUST20099,33842,1,14,0.2,566
TXN503855,CUST20488,50670,1,14,0.2,3741
TXN503856,CUST20368,26033,3,13,5.7,499
TXN503857,CUST20645,7412,1,14,5.6,2604
TXN503858,CUST20308,27254,1,20,0.9,1894
TXN503859,CUST20679,18202,1,12,2.8,1810
TXN503860,CUST20350,25800,1,18,3.0,2677
TXN503861,CUST20695,19397,1,13,2.7,2455
TXN503862,CUST20662,16876,1,4,3.4,3215
TXN503863,CUST20141,31694,2,10,2.6,3992
TXN503864,CUST20483,20585,1,15,4.6,2613
TXN503865,CUST20420,89359,1,10,0.5,648
TXN503866,CUST20196,13051,1,10,1.6,3327
TXN503867,CUST20733,29742,1,7,1.0,361
TXN503868,CUST20123,12071,1,15,5.9,328
TXN503869,CUST20574,16259,2,8,5.3,1017
TXN503870,CUST20549,48463,1,16,3.2,365
TXN503871,CUST20210,54297,1,13,6.7,1432
TXN503872,CUST20192,195737,1,15,7.6,255
TXN503873,CUST20680,265617,1,15,0.9,1287
TXN503874,CUST20039,17451,1,15,5.6,160
TXN503875,CUST20172,14766,1,14,6.4,2099
TXN503876,CUST20061,28252,1,16,2.5,2621
TXN503877,CUST20139,138247,1,7,16.2,3088
TXN503878,CUST20675,34895,1,10,1.2,752
TXN503879,CUST20758,61727,1,22,1.1,123
TXN503880,CUST20546,38005,1,15,0.0,1144
TXN503881,CUST20428,81103,2,18,1.2,2665
TXN503882,CUST20353,28631,2,14,5.0,3872
TXN503883,CUST20847,23855,3,14,4.7,521
TXN503884,CUST20180,19440,1,19,1.6,3019
TXN503885,CUST20705,36950,1,13,2.0,2647
TXN503886,CUST20775,32649,1,8,1.0,2703
TXN503887,CUST20873,15734,1,10,3.0,411
TXN503888,CUST20284,48315,1,11,2.1,96
TXN503889,CUST20148,6744,1,16,11.2,2442
TXN503890,CUST20322,23684,3,18,0.0,3538
TXN503891,CUST20015,18949,1,17,1.5,2132
TXN503892,CUST20088,17140,3,22,1.7,900
TXN503893,CUST20897,41374,1,8,2.8,47
TXN503894,CUST20312,28838,2,6,0.6,1655
TXN503895,CUST20498,720669,1,3,278.8,2459
TXN503896,CUST20357,30002,1,13,1.5,3693
TXN503897,CUST20220,12820,1,18,0.7,784
TXN503898,CUST20284,54100,3,18,1.9,96
TXN503899,CUST20891,33278,2,8,0.6,189
TXN503900,CUST20725,210876,2,9,2.4,3405
TXN503901,CUST20558,5425,1,13,1.9,3039
TXN503902,CUST20107,8948,1,14,1.2,1425
TXN503903,CUST20729,6173,3,16,3.4,1878
TXN503904,CUST20428,110452,1,17,0.3,2665
TXN503905,CUST20517,35747,2,17,1.2,666
TXN503906,CUST20550,158427,1,14,1.2,1604
TXN503907,CUST20253,13896,1,16,10.8,2653
TXN503908,CUST20511,549547,2,4,206.2,987
TXN503909,CUST20708,6810,2,12,4.5,3282
TXN503910,CUST20465,88383,2,13,4.0,430
TXN503911,CUST20792,54094,3,13,2.2,1123
TXN503912,CUST20756,63349,3,9,0.3,1772
TXN503913,CUST20315,25408,1,7,0.7,3767
TXN503914,CUST20586,6015604,3,15,3.0,477
TXN503915,CUST20024,29670,1,21,0.2,2148
TXN503916,CUST20852,16276,1,13,1.9,213
TXN503917,CUST20483,34625,1,13,0.5,2613
TXN503918,CUST20709,37717,1,14,7.6,3050
TXN503919,CUST20345,25389,1,11,3.7,622
TXN503920,CUST20003,19216,1,20,8.8,1216
TXN503921,CUST20123,15607,1,16,1.2,328
TXN503922,CUST20057,56164,1,13,5.0,2706
TXN503923,CUST20309,396621,1,22,6.9,2207
TXN503924,CUST20461,480000,1,20,7.4,3195
TXN503925,CUST20374,115571,2,14,6.7,1043
TXN503926,CUST20812,7207,1,20,5.8,2297
TXN503927,CUST20387,37458,1,12,1.6,2706
TXN503928,CUST20592,54546,1,17,3.0,1576
TXN503929,CUST20295,31931,3,12,10.2,1623
TXN503930,CUST20246,65749,4,12,6.2,1664
TXN503931,CUST20347,43694,22,15,13.2,3988
TXN503932,CUST20256,11954,1,13,0.6,823
TXN503933,CUST20158,15700,1,12,4.6,3617
TXN503934,CUST20065,20373,1,10,5.2,429
TXN503935,CUST20306,35437,2,23,1.0,1256
TXN503936,CUST20289,480000,1,12,1.5,500
TXN503937,CUST20665,21127,1,18,7.6,1000
TXN503938,CUST20364,35008,1,12,6.5,2081
TXN503939,CUST20528,193950,3,20,3.2,3472
TXN503940,CUST20217,171147,1,13,0.5,1505
TXN503941,CUST20014,5244,3,19,7.5,256
TXN503942,CUST20452,36351,3,13,5.1,2763
TXN503943,CUST20612,26452,1,17,1.9,2878
TXN503944,CUST20653,34895,1,16,3.4,2480
TXN503945,CUST20189,21047,1,7,1.8,3923
TXN503946,CUST20054,29084,1,11,2.5,2049
TXN503947,CUST20243,104455,1,14,2.4,1742
TXN503948,CUST20530,25598,2,5,1.8,227
TXN503949,CUST20278,35157,2,13,1.9,921
TXN503950,CUST20863,12288,1,17,7.3,3858
TXN503951,CUST20268,414010,3,19,3.9,1677
TXN503952,CUST20167,63196,1,10,1.6,188
TXN503953,CUST20731,101254,1,15,2.0,218
TXN503954,CUST20660,14707,1,10,0.7,944
TXN503955,CUST20641,25388,1,20,21.4,3549
TXN503956,CUST20312,4888406,3,17,5.1,1655
TXN503957,CUST20395,34613,3,19,11.8,2364
TXN503958,CUST20831,46971,1,13,2.3,2568
TXN503959,CUST20877,23308,1,14,5.2,334
TXN503960,CUST20439,439164,3,1,306.7,3504
TXN503961,CUST20311,11951,3,19,6.2,910
TXN503962,CUST20426,28993,1,16,0.9,3960
TXN503963,CUST20027,480000,1,9,0.3,3066
TXN503964,CUST20426,38250,1,7,3.2,3960
TXN503965,CUST20787,16177,1,11,3.9,1833
TXN503966,CUST20536,38931,1,15,2.0,3421
TXN503967,CUST20676,60164,2,13,0.2,597
TXN503968,CUST20662,14130,2,13,0.7,3215
TXN503969,CUST20166,7088,1,18,3.9,1691
TXN503970,CUST20608,14105,1,10,5.1,624
TXN503971,CUST20576,90921,2,17,1.8,2341
TXN503972,CUST20701,28622,1,15,2.0,911
TXN503973,CUST20093,11905,1,5,12.1,2604
TXN503974,CUST20732,225357,1,12,1.4,1082
TXN503975,CUST20228,22025,1,14,6.2,3040
TXN503976,CUST20312,28099,1,18,4.0,1655
TXN503977,CUST20435,54135,1,17,1.3,3199
TXN503978,CUST20440,92913,4,8,5.6,3722
TXN503979,CUST20253,16438,2,21,6.3,2653
TXN503980,CUST20300,68706,2,11,4.5,525
TXN503981,CUST20510,480000,1,15,3.6,2989
TXN503982,CUST20133,45975,2,16,9.5,2518
TXN503983,CUST20865,20640,1,16,7.3,596
TXN503984,CUST20197,52055,1,13,0.9,3255
TXN503985,CUST20076,24619,1,18,1.8,250
TXN503986,CUST20649,480000,2,18,2.9,2469
TXN503987,CUST20882,16477,2,12,1.7,2644
TXN503988,CUST20874,10456,1,17,0.8,294
TXN503989,CUST20280,297016,1,17,1.6,3007
TXN503990,CUST20514,34682,1,11,2.5,3855
TXN503991,CUST20806,24692,2,21,2.7,2777
TXN503992,CUST20658,88644,1,14,7.2,2032
TXN503993,CUST20196,16115,1,15,2.8,3327
TXN503994,CUST20753,71375,1,18,2.0,1345
TXN503995,CUST20066,45940,2,13,0.5,2362
TXN503996,CUST20690,7162,1,16,5.5,75
TXN503997,CUST20131,9937,1,12,7.4,2331
TXN503998,CUST20210,74681,1,10,1.0,1432
TXN503999,CUST20577,19668,2,13,0.3,1324
TXN504000,CUST20590,62842,1,13,7.0,1677
TXN504001,CUST20571,51024,1,11,2.2,2844
TXN504002,CUST20171,15139,1,13,4.7,2247
TXN504003,CUST20476,47830,1,16,1.0,660
TXN504004,CUST20486,48383,1,17,0.7,1067
TXN504005,CUST20459,65381,1,16,1.9,3658
TXN504006,CUST20161,48612,3,9,1.3,208
TXN504007,CUST20863,20833,4,9,3.5,3858
TXN504008,CUST20686,16877,3,10,3.7,2170
TXN504009,CUST20311,24392,2,16,0.3,910
TXN504010,CUST20475,61494,1,20,1.2,1155
TXN504011,CUST20435,43219,2,14,1.6,3199
TXN504012,CUST20150,27885,1,15,0.2,1131
TXN504013,CUST20284,54994,1,21,0.2,96
TXN504014,CUST20140,21365,1,22,0.7,1367
TXN504015,CUST20770,37422,2,11,0.2,1916
TXN504016,CUST20263,232552,1,13,0.2,2115
TXN504017,CUST20753,47116,1,15,0.9,1345
TXN504018,CUST20690,9594,1,11,3.6,75
TXN504019,CUST20436,268410,1,16,0.9,113
TXN504020,CUST20674,13181,4,12,2.9,2615
TXN504021,CUST20636,17909,2,16,14.1,2732
TXN504022,CUST20015,840081,3,3,320.7,2132
TXN504023,CUST20222,30323,1,7,1.4,1541
TXN504024,CUST20697,9138,1,13,2.5,2446
TXN504025,CUST20893,245761,1,13,6.0,3472
TXN504026,CUST20127,395001,4,21,3.6,3954
TXN504027,CUST20616,42502,2,8,0.6,1227
TXN504028,CUST20467,12582,1,15,1.4,2380
TXN504029,CUST20659,18129,1,13,0.3,1101
TXN504030,CUST20074,337135,1,14,4.3,381
TXN504031,CUST20537,21099,1,15,0.3,3917
TXN504032,CUST20384,19553,2,22,0.4,3498
TXN504033,CUST20791,46723,2,23,3.3,796
TXN504034,CUST20711,20646,1,11,0.1,1285
TXN504035,CUST20146,59608,1,18,5.4,1821
TXN504036,CUST20720,41511,1,12,2.3,1580
TXN504037,CUST20534,143101,1,11,10.1,557
TXN504038,CUST20172,14456,2,7,0.5,2099
TXN504039,CUST20358,71503,1,11,7.2,1591
TXN504040,CUST20183,21911,1,11,3.7,2726
TXN504041,CUST20625,30316,1,16,7.8,3065
TXN504042,CUST20133,48280,1,14,2.4,2518
TXN504043,CUST20283,26353,1,15,2.6,1847
TXN504044,CUST20029,32242,2,12,0.0,1461
TXN504045,CUST20006,120202,1,18,4.3,164
TXN504046,CUST20440,94255,2,15,4.6,3722
TXN504047,CUST20719,35810,1,18,3.8,3678
TXN504048,CUST20051,111965,1,22,2.8,3196
TXN504049,CUST20521,5269,2,7,10.3,3169
TXN504050,CUST20396,35405,1,12,2.8,1915
TXN504051,CUST20221,19549,1,7,0.3,3154
TXN504052,CUST20261,37460,2,12,0.2,1675
TXN504053,CUST20224,34341,2,14,2.7,2189
TXN504054,CUST20292,8657,3,15,0.7,504
TXN504055,CUST20319,18911,1,13,6.6,533
TXN504056,CUST20599,39444,1,7,4.0,1530
TXN504057,CUST20863,19262,1,10,7.3,3858
TXN504058,CUST20001,106974,3,17,1.8,40
TXN504059,CUST20156,17376,2,11,2.6,3195
TXN504060,CUST20717,111709,1,20,0.7,2200
TXN504061,CUST20175,426659,1,10,4.3,2399
TXN504062,CUST20338,211102,1,12,2.7,2263
TXN504063,CUST20435,18391,2,21,1.3,3199
TXN504064,CUST20010,12860,1,9,7.7,2385
TXN504065,CUST20010,5203689,1,11,0.7,2385
TXN504066,CUST20752,22534,1,19,4.7,2331
TXN504067,CUST20115,21616,2,11,0.4,2170
TXN504068,CUST20220,20388,1,12,0.2,784
TXN504069,CUST20150,6450583,3,13,0.6,1131
TXN504070,CUST20365,28728,1,10,1.1,2147
TXN504071,CUST20527,72210,2,12,0.5,2209
TXN504072,CUST20543,29271,1,20,0.4,2388
TXN504073,CUST20143,45725,2,12,0.0,1985
TXN504074,CUST20555,28668,2,21,13.7,469
TXN504075,CUST20387,39581,1,15,1.6,2706
TXN504076,CUST20765,217601,1,15,1.0,2853
TXN504077,CUST20096,46391,1,20,10.1,432
TXN504078,CUST20657,40336,1,19,1.1,885
TXN504079,CUST20728,22071,1,8,0.2,542
TXN504080,CUST20436,36159,33,20,20.1,113
TXN504081,CUST20235,30831,4,15,3.2,284
TXN504082,CUST20265,36342,1,15,1.6,1291
TXN504083,CUST20769,15135,1,16,4.5,1821
TXN504084,CUST20048,69917,1,11,2.7,2281
TXN504085,CUST20350,28661,2,14,3.4,2677
TXN504086,CUST20716,36623,3,15,2.5,2989
TXN504087,CUST20236,13373,1,15,7.4,329
TXN504088,CUST20495,39304,1,18,11.0,2848
TXN504089,CUST20099,43276,3,16,5.0,566
TXN504090,CUST20731,157737,1,16,6.2,218
TXN504091,CUST20245,21311,1,19,0.4,3265
TXN504092,CUST20143,35948,1,14,3.9,1985
TXN504093,CUST20419,23495,1,12,0.8,74
TXN504094,CUST20639,26388,1,14,5.2,1017
TXN504095,CUST20225,56417,1,11,2.4,1769
TXN504096,CUST20598,46948,2,16,0.1,2572
TXN504097,CUST20336,165440,1,15,3.5,3477
TXN504098,CUST20777,35730,1,18,1.4,1104
TXN504099,CUST20451,6272,1,12,3.0,1365
TXN504100,CUST20547,97160,1,12,0.1,2990
TXN504101,CUST20045,22862,3,9,4.4,3354
TXN504102,CUST20028,10480,1,5,2.6,3447
TXN504103,CUST20524,284788,3,9,0.3,586
TXN504104,CUST20344,27998,1,7,3.4,1249
TXN504105,CUST20839,28968,1,12,3.5,759
TXN504106,CUST20766,21353,2,14,0.0,2393
TXN504107,CUST20354,15555,1,12,0.1,2383
TXN504108,CUST20527,70260,2,7,4.0,2209
TXN504109,CUST20777,31387,2,14,0.1,1104
TXN504110,CUST20393,17695,1,11,0.8,2745
TXN504111,CUST20314,13121,1,9,15.0,1985
TXN504112,CUST20773,23908,1,12,2.8,663
TXN504113,CUST20697,8421,1,14,4.1,2446
TXN504114,CUST20535,24552,1,16,2.8,864
TXN504115,CUST20639,29737,1,22,2.2,1017
TXN504116,CUST20634,480000,1,15,1.5,1279
TXN504117,CUST20394,480000,1,1,2.1,1664
TXN504118,CUST20784,33625,1,8,7.9,3215
TXN504119,CUST20708,7076,1,18,4.2,3282
TXN504120,CUST20853,14417,1,16,6.5,308
TXN504121,CUST20193,26076,1,19,4.9,1876
TXN504122,CUST20720,93157,1,16,5.5,1580
TXN504123,CUST20472,135166,1,13,1.5,1373
TXN504124,CUST20078,47539,2,10,6.3,3271
TXN504125,CUST20162,14427,2,19,8.3,828
TXN504126,CUST20665,31394,1,12,1.5,1000
TXN504127,CUST20643,93689,2,14,11.6,417
TXN504128,CUST20112,8773,23,11,11.2,977
TXN504129,CUST20083,42373,1,16,6.8,3204
TXN504130,CUST20563,7669,1,4,6.1,3560
TXN504131,CUST20671,19670,1,16,3.2,1800
TXN504132,CUST20160,133940,1,17,5.3,116
TXN504133,CUST20803,41681,1,15,3.3,3607
TXN504134,CUST20034,26129,1,21,0.8,3104
TXN504135,CUST20102,32487,2,13,0.3,3155
TXN504136,CUST20824,22209,2,16,4.2,1880
TXN504137,CUST20526,41157,2,17,2.6,3657
TXN504138,CUST20676,36509,1,17,0.1,597
TXN504139,CUST20247,34732,2,8,6.8,1303
TXN504140,CUST20294,50564,3,15,2.2,602
TXN504141,CUST20415,29446,1,20,3.8,370
TXN504142,CUST20133,27109,3,11,5.0,2518
TXN504143,CUST20738,77894,1,16,3.0,659
TXN504144,CUST20013,457088,1,1,183.8,750
TXN504145,CUST20778,20487,1,13,1.5,3990
TXN504146,CUST20419,13286,3,13,1.2,74
TXN504147,CUST20881,97592,1,8,3.8,3946
TXN504148,CUST20560,404538,1,20,3.7,1054
TXN504149,CUST20106,19587,1,12,18.2,905
TXN504150,CUST20897,40076,2,18,7.8,47
TXN504151,CUST20336,177914,1,15,0.8,3477
TXN504152,CUST20451,7214,4,23,3.4,1365
TXN504153,CUST20771,36394,1,14,6.3,2540
TXN504154,CUST20767,480000,1,11,0.3,2636
TXN504155,CUST20693,10325,1,16,15.1,1369
TXN504156,CUST20823,100488,4,6,1.3,716
TXN504157,CUST20556,4010,1,16,0.7,1347
TXN504158,CUST20642,438518,1,8,8.2,1966
TXN504159,CUST20655,23637,1,13,15.4,632
TXN504160,CUST20785,8273,1,12,9.0,1345
TXN504161,CUST20395,29023,2,16,2.6,2364
TXN504162,CUST20580,101348,2,20,3.8,1611
TXN504163,CUST20745,77172,2,11,3.5,3838
TXN504164,CUST20115,22964,1,15,2.8,2170
TXN504165,CUST20241,78811,1,15,0.0,1539
TXN504166,CUST20642,254060,1,5,4.2,1966
TXN504167,CUST20709,28347,1,12,3.1,3050
TXN504168,CUST20051,47287,1,14,1.0,3196
TXN504169,CUST20796,374606,2,16,1.3,2508
TXN504170,CUST20442,34523,2,18,6.4,402
TXN504171,CUST20671,46373,1,16,8.2,1800
TXN504172,CUST20550,126127,1,14,0.9,1604
TXN504173,CUST20029,16670,1,14,0.8,1461
TXN504174,CUST20342,22397,1,18,1.9,1766
TXN504175,CUST20282,42409,1,12,1.3,3565
TXN504176,CUST20063,20812,1,15,8.5,3678
TXN504177,CUST20566,15493,1,18,7.7,1811
TXN504178,CUST20588,31508,1,13,7.9,724
TXN504179,CUST20398,131640,1,16,0.8,1389
TXN504180,CUST20450,303722,1,18,6.5,809
TXN504181,CUST20245,39599,1,16,2.2,3265
TXN504182,CUST20457,45106,1,17,0.6,1014
TXN504183,CUST20018,34228,1,24,8.1,400
TXN504184,CUST20335,27740,1,13,0.0,839
TXN504185,CUST20789,32838,1,8,3.4,785
TXN504186,CUST20652,8827,2,13,7.8,1861
TXN504187,CUST20730,25829,2,11,7.6,3610
TXN504188,CUST20392,17252,2,22,9.4,1043
TXN504189,CUST20744,55468,2,15,7.7,245
TXN504190,CUST20061,29472,1,12,2.0,2621
TXN504191,CUST20421,303037,1,22,2.5,3946
TXN504192,CUST20878,71551,1,10,0.1,3215
TXN504193,CUST20893,167577,1,18,0.1,3472
TXN504194,CUST20781,38878,30,12,18.8,673
TXN504195,CUST20472,114326,1,11,1.0,1373
TXN504196,CUST20252,34903,2,8,4.6,1870
TXN504197,CUST20160,226983,1,20,2.3,116
TXN504198,CUST20887,293112,1,7,0.2,3938
TXN504199,CUST20039,26737,1,17,2.7,160
TXN504200,CUST20396,58625,2,12,0.5,1915
TXN504201,CUST20196,14463,2,16,0.6,3327
TXN504202,CUST20115,33219,1,17,2.7,2170
TXN504203,CUST20409,51358,1,15,0.4,2677
TXN504204,CUST20498,79353,1,11,6.5,2459
TXN504205,CUST20657,57049,1,14,11.6,885
TXN504206,CUST20227,7605084,1,12,0.8,1004
TXN504207,CUST20444,24983,1,13,1.4,775
TXN504208,CUST20499,15841,1,13,5.0,3504
TXN504209,CUST20582,278347,2,17,0.2,1421
TXN504210,CUST20128,298296,1,18,0.4,3238
TXN504211,CUST20114,11498,1,20,0.5,2862
TXN504212,CUST20897,16193,3,17,3.1,47
TXN504213,CUST20607,121947,1,12,9.3,943
TXN504214,CUST20047,18140,1,13,2.3,350
TXN504215,CUST20714,55930,1,5,2.4,1874
TXN504216,CUST20540,60364,1,13,0.9,2488
TXN504217,CUST20171,9661,1,13,4.5,2247
TXN504218,CUST20573,7131553,1,20,1.4,3794
TXN504219,CUST20405,13976,2,8,3.2,2265
TXN504220,CUST20501,27463,1,13,8.6,2466
TXN504221,CUST20096,749844,1,1,267.4,432
TXN504222,CUST20737,39906,1,15,1.0,1053
TXN504223,CUST20395,48377,1,13,2.5,2364
TXN504224,CUST20455,16967,3,12,2.3,76
TXN504225,CUST20168,39095,1,15,1.3,1793
TXN504226,CUST20896,27934,1,22,0.0,2800
TXN504227,CUST20806,31404,1,8,4.6,2777
TXN504228,CUST20686,36207,2,12,6.3,2170
TXN504229,CUST20544,82261,3,14,3.9,1885
TXN504230,CUST20225,84315,1,13,1.6,1769
TXN504231,CUST20104,18866,1,20,4.4,397
TXN504232,CUST20505,57401,1,21,1.8,425
TXN504233,CUST20092,44299,2,4,6.7,2634
TXN504234,CUST20095,39467,3,23,1.8,2070
TXN504235,CUST20440,60933,1,13,5.8,3722
TXN504236,CUST20546,19360,2,8,1.3,1144
TXN504237,CUST20580,61624,1,21,0.1,1611
TXN504238,CUST20638,20785,1,12,2.6,3163
TXN504239,CUST20136,31630,1,11,7.3,2149
TXN504240,CUST20448,296125,2,12,1.6,3188
TXN504241,CUST20527,50898,4,17,0.3,2209
TXN504242,CUST20853,17299,2,20,0.5,308
TXN504243,CUST20655,18027,3,17,4.4,632
TXN504244,CUST20489,41980,1,14,4.9,2037
TXN504245,CUST20839,30058,3,8,10.0,759
TXN504246,CUST20076,22096,1,7,6.2,250
TXN504247,CUST20897,26046,1,7,0.2,47
TXN504248,CUST20888,44482,3,13,0.8,1927
TXN504249,CUST20300,26710,1,9,1.4,525
TXN504250,CUST20314,20201,2,9,0.9,1985
TXN504251,CUST20319,20790,1,16,3.7,533
TXN504252,CUST20000,13098,1,11,2.3,3598
TXN504253,CUST20231,74602,2,19,9.9,2363
TXN504254,CUST20230,480000,1,6,0.5,1501
TXN504255,CUST20048,21052,1,17,2.1,2281
TXN504256,CUST20442,58958,1,11,8.0,402
TXN504257,CUST20480,29793,1,14,2.4,1043
TXN504258,CUST20214,34219,1,13,1.6,1992
TXN504259,CUST20682,81346,1,19,6.0,2138
TXN504260,CUST20100,26053,1,12,0.2,1919
TXN504261,CUST20427,8117,2,12,5.0,699
TXN504262,CUST20136,24437,1,11,1.3,2149
TXN504263,CUST20496,29185,1,14,0.3,895
TXN504264,CUST20747,6039,2,14,0.5,3050
TXN504265,CUST20806,37347,2,6,0.9,2777
TXN504266,CUST20568,183196,1,20,0.5,2127
TXN504267,CUST20202,28643,2,21,3.4,3446
TXN504268,CUST20373,21052,1,11,3.0,999
TXN504269,CUST20523,38777,1,12,1.3,3292
TXN504270,CUST20610,36451,1,18,0.2,541
TXN504271,CUST20614,7831,2,14,3.0,3648
TXN504272,CUST20452,32924,2,17,0.5,2763
TXN504273,CUST20727,179656,1,12,0.5,3859
TXN504274,CUST20641,13250,1,17,3.7,3549
TXN504275,CUST20128,480000,1,15,0.3,3238
TXN504276,CUST20466,16347,1,14,5.8,2980
TXN504277,CUST20479,15235,1,10,0.7,757
TXN504278,CUST20680,233299,1,8,2.6,1287
TXN504279,CUST20363,227607,1,14,0.9,622
TXN504280,CUST20789,20313,1,7,1.6,785
TXN504281,CUST20870,45794,2,12,0.2,287
TXN504282,CUST20255,31737,2,13,1.3,1743
TXN504283,CUST20483,17985,1,19,1.5,2613
TXN504284,CUST20859,39100,1,15,3.5,1269
TXN504285,CUST20606,19822,1,20,0.3,1549
TXN504286,CUST20482,23946,1,10,0.0,823
TXN504287,CUST20161,67429,1,16,10.0,208
TXN504288,CUST20834,13383,1,10,1.0,297
TXN504289,CUST20052,6229,2,15,1.6,3627
TXN504290,CUST20066,48578,4,23,11.5,2362
TXN504291,CUST20333,10412,1,10,6.0,3898
TXN504292,CUST20877,16024,1,17,0.9,334
TXN504293,CUST20396,47537,1,13,1.4,1915
TXN504294,CUST20247,30179,1,18,0.7,1303
TXN504295,CUST20691,6201,2,12,2.0,3630
TXN504296,CUST20827,18169,1,17,0.1,282
TXN504297,CUST20722,82235,1,14,1.9,703
TXN504298,CUST20358,101379,1,15,0.4,1591
TXN504299,CUST20116,6475,1,13,3.8,2326
TXN504300,CUST20706,11868,3,15,2.4,1230
TXN504301,CUST20064,17940,1,12,15.5,2464
TXN504302,CUST20869,19909,1,17,3.8,2415
TXN504303,CUST20813,35775,1,10,5.4,3376
TXN504304,CUST20725,175411,2,21,2.1,3405
TXN504305,CUST20630,13771,1,16,1.0,866
TXN504306,CUST20440,45928,2,16,3.0,3722
TXN504307,CUST20454,162606,1,8,0.9,2111
TXN504308,CUST20371,34968,1,15,0.4,645
TXN504309,CUST20247,22603,1,12,8.6,1303
TXN504310,CUST20633,79574,2,14,8.4,1860
TXN504311,CUST20428,106275,1,15,2.2,2665
TXN504312,CUST20263,411087,2,11,2.5,2115
TXN504313,CUST20036,211083,1,15,0.4,3090
TXN504314,CUST20056,14655,1,18,1.9,2116
TXN504315,CUST20374,126425,2,13,0.0,1043
TXN504316,CUST20434,407676,1,21,2.4,2168
TXN504317,CUST20788,8184,1,16,3.3,278
TXN504318,CUST20130,18048,1,14,0.0,354
TXN504319,CUST20055,48769,2,17,0.0,2802
TXN504320,CUST20235,10227,1,12,10.0,284
TXN504321,CUST20055,49202,1,13,0.4,2802
TXN504322,CUST20579,15805,1,10,4.0,961
TXN504323,CUST20294,26099,2,12,0.3,602
TXN504324,CUST20612,11592,2,15,4.7,2878
TXN504325,CUST20468,480000,1,16,9.2,478
TXN504326,CUST20339,14054,4,13,2.8,1697
TXN504327,CUST20263,151225,1,20,8.8,2115
TXN504328,CUST20147,3726,1,17,0.2,2395
TXN504329,CUST20375,125017,1,12,3.6,3421
TXN504330,CUST20118,10920,2,20,0.7,1831
TXN504331,CUST20651,6284,1,10,2.7,1997
TXN504332,CUST20169,14490,2,8,0.1,142
TXN504333,CUST20162,10217,1,20,3.2,828
TXN504334,CUST20015,14028,2,18,8.5,2132
TXN504335,CUST20742,36085,1,19,1.8,908
TXN504336,CUST20574,9422,1,19,9.4,1017
TXN504337,CUST20679,28533,1,16,0.3,1810
TXN504338,CUST20370,34118,1,11,5.2,1341
TXN504339,CUST20220,27527,3,10,4.3,784
TXN504340,CUST20373,25717,2,14,0.5,999
TXN504341,CUST20346,29624,2,7,2.4,1727
TXN504342,CUST20348,33906,1,11,2.8,1944
TXN504343,CUST20294,47367,2,13,4.6,602
TXN504344,CUST20739,47608,2,15,4.2,704
TXN504345,CUST20112,45968,1,15,17.0,977
TXN504346,CUST20170,15306,1,9,3.8,1920
TXN504347,CUST20181,7756055,1,11,0.6,1172
TXN504348,CUST20469,47992,1,9,4.0,1050
TXN504349,CUST20127,292604,2,11,14.5,3954
TXN504350,CUST20624,3691,2,8,2.5,2701
TXN504351,CUST20682,122434,4,15,0.6,2138
TXN504352,CUST20628,26034,1,15,5.3,1574
TXN504353,CUST20747,20293,1,16,0.7,3050
TXN504354,CUST20525,24996,3,17,2.5,1258
TXN504355,CUST20482,16765,1,12,1.5,823
TXN504356,CUST20361,297378,2,16,0.3,2826
TXN504357,CUST20601,29114,2,8,2.9,3165
TXN504358,CUST20559,46764,2,17,0.7,3010
TXN504359,CUST20782,11781,1,17,1.9,3676
TXN504360,CUST20335,78930,1,20,15.1,839
TXN504361,CUST20791,90811,1,16,4.6,796
TXN504362,CUST20456,13591,2,16,0.4,1320
TXN504363,CUST20475,28192,2,11,2.8,1155
TXN504364,CUST20192,239933,1,13,2.0,255
TXN504365,CUST20856,15142,2,21,3.4,3137
TXN504366,CUST20382,24713,1,15,2.5,2231
TXN504367,CUST20477,18463,1,15,5.8,2308
TXN504368,CUST20457,39161,1,11,3.7,1014
TXN504369,CUST20062,26426,1,11,0.2,3011
TXN504370,CUST20579,9912,3,9,9.3,961
TXN504371,CUST20390,43411,1,14,4.2,702
TXN504372,CUST20863,14259,1,12,3.7,3858
TXN504373,CUST20608,40861,1,17,0.4,624
TXN504374,CUST20883,5464,1,9,7.2,2697
TXN504375,CUST20644,15316,1,7,3.0,3305
TXN504376,CUST20407,12332,1,15,3.5,3531
TXN504377,CUST20812,14832,1,18,16.8,2297
TXN504378,CUST20358,43233,1,14,2.2,1591
TXN504379,CUST20382,33817,2,16,5.8,2231
TXN504380,CUST20282,28719,1,7,7.6,3565
TXN504381,CUST20472,119439,1,23,1.5,1373
TXN504382,CUST20327,65693,3,12,2.8,2452
TXN504383,CUST20447,28759,1,15,1.5,3656
TXN504384,CUST20841,12130,1,10,3.4,33
TXN504385,CUST20270,209891,1,15,0.5,3344
TXN504386,CUST20069,18335,1,12,7.8,317
TXN504387,CUST20437,17143,1,13,1.4,3832
TXN504388,CUST20288,30748,3,8,0.8,3691
TXN504389,CUST20254,25194,1,10,1.5,3830
TXN504390,CUST20548,18900,1,21,5.8,307
TXN504391,CUST20646,116390,1,13,0.1,131
TXN504392,CUST20597,84306,1,14,3.1,2421
TXN504393,CUST20899,14824,2,15,0.4,2043
TXN504394,CUST20163,386535,2,14,2.1,3496
TXN504395,CUST20688,45199,1,14,2.0,413
TXN504396,CUST20730,17865,1,14,1.2,3610
TXN504397,CUST20558,5765,2,16,0.0,3039
TXN504398,CUST20025,25634,1,10,4.8,724
TXN504399,CUST20126,40412,1,9,5.0,918
TXN504400,CUST20372,16162,1,13,6.5,3294
TXN504401,CUST20736,82809,2,13,5.3,2486
TXN504402,CUST20141,37336,1,15,1.9,3992
TXN504403,CUST20382,34781,1,9,2.0,2231
TXN504404,CUST20357,31339,1,15,1.2,3693
TXN504405,CUST20165,46880,2,17,3.9,2783
TXN504406,CUST20434,290881,2,14,0.7,2168
TXN504407,CUST20781,36041,1,11,0.7,673
TXN504408,CUST20791,58650,1,20,1.8,796
TXN504409,CUST20758,83235,1,13,0.3,123
TXN504410,CUST20085,173727,1,15,1.1,3553
TXN504411,CUST20051,121371,1,18,6.4,3196
TXN504412,CUST20287,29629,3,15,3.8,1020
TXN504413,CUST20467,25935,2,12,3.7,2380
TXN504414,CUST20648,18771,2,18,0.1,2441
TXN504415,CUST20364,20470,2,13,4.3,2081
TXN504416,CUST20355,20091,3,10,6.7,258
TXN504417,CUST20517,30700,1,5,1.0,666
TXN504418,CUST20355,47819,3,13,2.8,258
TXN504419,CUST20670,192062,4,10,2.8,312
TXN504420,CUST20258,343956,1,11,6.2,56
TXN504421,CUST20051,105385,3,13,0.3,3196
TXN504422,CUST20296,17176,2,10,3.0,1341
TXN504423,CUST20461,480000,2,15,1.8,3195
TXN504424,CUST20022,14862,1,13,0.2,1228
TXN504425,CUST20456,19153,1,20,9.4,1320
TXN504426,CUST20858,83052,1,14,0.4,1879
TXN504427,CUST20894,33262,1,17,0.2,2960
TXN504428,CUST20102,29135,2,9,1.9,3155
TXN504429,CUST20565,40228,2,12,8.1,3055
TXN504430,CUST20671,26822,3,17,1.0,1800
TXN504431,CUST20321,56092,1,12,6.8,611
TXN504432,CUST20494,27544,1,15,5.1,2729
TXN504433,CUST20518,416614,2,13,6.0,846
TXN504434,CUST20739,43584,1,11,0.9,704
TXN504435,CUST20001,194581,2,9,2.0,40
TXN504436,CUST20010,10529,1,12,5.2,2385
TXN504437,CUST20127,245760,1,10,2.0,3954
TXN504438,CUST20405,19082,1,10,1.7,2265
TXN504439,CUST20874,27025,1,17,0.0,294
TXN504440,CUST20655,24317,1,16,0.7,632
TXN504441,CUST20610,18719,2,13,10.0,541
TXN504442,CUST20880,19649,1,17,1.0,1210
TXN504443,CUST20788,9333,1,15,7.8,278
TXN504444,CUST20723,8833,1,14,4.5,3666
TXN504445,CUST20555,10244,1,14,7.7,469
TXN504446,CUST20285,117675,1,10,0.1,110
TXN504447,CUST20005,66219,2,18,1.7,2233
TXN504448,CUST20317,51890,1,17,3.8,459
TXN504449,CUST20129,51652,4,15,1.9,3390
TXN504450,CUST20151,8629,2,12,0.2,1001
TXN504451,CUST20119,44179,1,18,7.6,1560
TXN504452,CUST20184,15504,2,10,0.0,2450
TXN504453,CUST20555,14803,1,14,4.1,469
TXN504454,CUST20702,31975,2,12,0.9,922
TXN504455,CUST20045,16429,1,0,0.9,3354
TXN504456,CUST20855,48093,1,20,0.1,255
TXN504457,CUST20131,21344,3,13,1.7,2331
TXN504458,CUST20425,42076,1,18,0.9,3265
TXN504459,CUST20826,10653,3,17,0.9,309
TXN504460,CUST20782,6071,1,8,0.1,3676
TXN504461,CUST20865,43866,1,15,2.0,596
TXN504462,CUST20701,7259203,2,8,8.1,911
TXN504463,CUST20659,30468,3,19,3.2,1101
TXN504464,CUST20310,6841,1,18,3.0,1343
TXN504465,CUST20394,285730,1,19,2.8,1664
TXN504466,CUST20295,21804,1,8,0.4,1623
TXN504467,CUST20157,12077,1,6,6.5,759
TXN504468,CUST20793,118607,1,11,2.5,2180
TXN504469,CUST20474,7971,3,10,6.2,3356
TXN504470,CUST20811,191400,3,11,2.1,3051
TXN504471,CUST20777,40762,2,15,2.3,1104
TXN504472,CUST20840,480000,1,19,15.1,1366
TXN504473,CUST20765,203146,1,10,1.0,2853
TXN504474,CUST20207,68516,1,15,3.0,3310
TXN504475,CUST20147,7696,1,11,1.7,2395
TXN504476,CUST20186,21541,2,21,6.0,3517
TXN504477,CUST20226,237735,1,16,1.0,3041
TXN504478,CUST20764,24185,2,11,1.9,1521
TXN504479,CUST20553,82606,2,8,4.2,2372
TXN504480,CUST20824,36661,3,9,1.8,1880
TXN504481,CUST20624,14740,1,17,4.4,2701
TXN504482,CUST20343,49589,3,18,5.0,3727
TXN504483,CUST20375,290401,2,10,5.0,3421
TXN504484,CUST20691,7328,1,16,0.9,3630
TXN504485,CUST20205,80674,1,14,0.5,1867
TXN504486,CUST20766,37382,4,12,2.2,2393
TXN504487,CUST20897,34456,2,15,1.7,47
TXN504488,CUST20000,12262,1,15,0.0,3598
TXN504489,CUST20792,33872,3,12,0.6,1123
TXN504490,CUST20514,33295,1,17,1.0,3855
TXN504491,CUST20177,9431,2,14,3.0,1755
TXN504492,CUST20167,74600,1,12,0.2,188
TXN504493,CUST20250,31636,1,14,5.8,1116
TXN504494,CUST20462,41176,3,9,1.0,2634
TXN504495,CUST20298,50764,1,15,1.4,2162
TXN504496,CUST20135,471417,1,12,1.7,1432
TXN504497,CUST20805,352275,1,8,2.5,420
TXN504498,CUST20739,31111,1,14,0.3,704
TXN504499,CUST20057,52318,1,14,0.0,2706
TXN504500,CUST20530,29641,2,18,0.5,227
TXN504501,CUST20523,33916,1,8,0.1,3292
TXN504502,CUST20686,13337,1,16,6.9,2170
TXN504503,CUST20075,15697,1,11,10.2,2711
TXN504504,CUST20611,21190,2,13,0.9,2833
TXN504505,CUST20102,39557,1,18,6.2,3155
TXN504506,CUST20314,12344,2,21,1.6,1985
TXN504507,CUST20076,13853,1,18,1.5,250
TXN504508,CUST20100,16344,2,15,4.6,1919
TXN504509,CUST20442,33611,1,14,1.4,402
TXN504510,CUST20301,177488,1,13,3.9,672
TXN504511,CUST20534,134614,1,17,0.4,557
TXN504512,CUST20582,341992,1,18,5.3,1421
TXN504513,CUST20018,55127,1,5,7.8,400
TXN504514,CUST20142,23609,2,21,6.5,68
TXN504515,CUST20339,7437,1,11,5.7,1697
TXN504516,CUST20379,26668,1,21,7.3,2844
TXN504517,CUST20011,51453,1,1,4.2,1856
TXN504518,CUST20876,67125,1,12,1.3,2176
TXN504519,CUST20404,25228,1,15,1.6,3655
TXN504520,CUST20451,9923,1,12,3.0,1365
TXN504521,CUST20165,95800,1,10,0.4,2783
TXN504522,CUST20688,42477,1,8,6.4,413
TXN504523,CUST20223,45281,1,17,3.8,1749
TXN504524,CUST20733,39097,3,14,3.8,361
TXN504525,CUST20897,27726,1,13,8.8,47
TXN504526,CUST20763,225528,1,12,1.3,1043
TXN504527,CUST20581,40910,1,17,0.0,1591
TXN504528,CUST20828,49661,1,15,1.9,1106
TXN504529,CUST20497,41610,1,17,2.0,2873
TXN504530,CUST20028,14042,1,19,2.6,3447
TXN504531,CUST20077,8364,3,21,0.6,3369
TXN504532,CUST20139,209508,1,10,2.8,3088
TXN504533,CUST20160,250211,4,10,1.0,116
TXN504534,CUST20724,234951,2,17,0.2,736
TXN504535,CUST20373,20614,1,16,0.7,999
TXN504536,CUST20044,41666,3,20,0.8,2144
TXN504537,CUST20823,115434,1,10,0.2,716
TXN504538,CUST20883,12782,1,14,0.2,2697
TXN504539,CUST20831,46107,1,12,3.7,2568
TXN504540,CUST20608,59087,1,22,5.9,624
TXN504541,CUST20568,80311,2,18,0.1,2127
TXN504542,CUST20818,18884,1,10,8.0,183
TXN504543,CUST20378,30969,1,16,2.0,1133
TXN504544,CUST20059,480000,2,8,6.6,2114
TXN504545,CUST20075,8081,1,15,2.3,2711
TXN504546,CUST20390,42913,2,22,3.7,702
TXN504547,CUST20640,7759,1,20,2.1,850
TXN504548,CUST20405,27711,1,11,2.1,2265
TXN504549,CUST20039,34738,1,21,2.9,160
TXN504550,CUST20405,13679,1,9,3.3,2265
TXN504551,CUST20134,61459,1,11,0.6,3405
TXN504552,CUST20081,34475,1,11,0.1,672
TXN504553,CUST20110,162899,1,9,7.4,3054
TXN504554,CUST20416,230215,2,18,1.3,3659
TXN504555,CUST20633,53325,2,17,7.5,1860
TXN504556,CUST20074,242786,1,6,0.3,381
TXN504557,CUST20720,49642,1,13,0.9,1580
TXN504558,CUST20348,44798,1,16,1.3,1944
TXN504559,CUST20154,160128,4,13,2.1,2298
TXN504560,CUST20607,229482,1,16,1.1,943
TXN504561,CUST20777,23266,2,16,4.1,1104
TXN504562,CUST20123,12571,1,12,1.4,328
TXN504563,CUST20868,233183,2,10,8.3,338
TXN504564,CUST20175,284132,1,8,2.8,2399
TXN504565,CUST20363,100113,1,13,5.4,622
TXN504566,CUST20725,262575,2,8,7.3,3405
TXN504567,CUST20846,10272,3,14,4.0,3234
TXN504568,CUST20268,227140,1,7,1.7,1677
TXN504569,CUST20711,17889,1,22,0.1,1285
TXN504570,CUST20217,287774,2,11,3.0,1505
TXN504571,CUST20395,52581,4,13,1.4,2364
TXN504572,CUST20510,283350,1,13,0.0,2989
TXN504573,CUST20072,17816,1,11,1.3,2037
TXN504574,CUST20153,738343,1,3,332.0,1335
TXN504575,CUST20742,16665,4,14,5.8,908
TXN504576,CUST20429,19274,1,13,2.7,1155
TXN504577,CUST20173,30353,3,10,3.2,1151
TXN504578,CUST20276,12450,1,14,1.6,1220
TXN504579,CUST20448,239910,1,24,5.3,3188
TXN504580,CUST20809,11513,1,8,0.2,2893
TXN504581,CUST20583,26187,1,16,6.3,2977
TXN504582,CUST20264,37875,2,14,0.7,882
TXN504583,CUST20364,14879,1,17,4.0,2081
TXN504584,CUST20458,30693,1,23,2.8,2733
TXN504585,CUST20536,40899,2,14,8.7,3421
TXN504586,CUST20520,43098,1,12,9.7,2429
TXN504587,CUST20049,383490,1,10,0.2,3531
TXN504588,CUST20325,27598,1,22,2.4,2482
TXN504589,CUST20415,13981,1,17,7.1,370
TXN504590,CUST20401,27647,1,12,0.6,2389
TXN504591,CUST20838,22178,1,12,3.5,1205
TXN504592,CUST20588,24486,2,12,1.2,724
TXN504593,CUST20694,20557,1,5,0.9,58
TXN504594,CUST20456,18557,1,8,9.3,1320
TXN504595,CUST20812,14383,1,14,5.3,2297
TXN504596,CUST20003,30982,1,8,2.8,1216
TXN504597,CUST20790,52061,1,12,10.6,2743
TXN504598,CUST20605,50312,1,10,2.4,1037
TXN504599,CUST20829,40672,1,12,0.9,3313
TXN504600,CUST20530,16297,2,16,2.6,227
TXN504601,CUST20357,41787,2,13,7.5,3693
TXN504602,CUST20551,32569,1,18,1.2,3104
TXN504603,CUST20399,6785,1,17,1.8,2798
TXN504604,CUST20857,18735,1,13,2.4,3666
TXN504605,CUST20065,40656,1,16,1.6,429
TXN504606,CUST20012,40957,1,16,10.0,3203
TXN504607,CUST20532,41113,1,12,9.5,3303
TXN504608,CUST20135,480000,2,14,5.8,1432
TXN504609,CUST20656,39943,2,12,3.4,3379
TXN504610,CUST20497,29623,3,14,3.0,2873
TXN504611,CUST20077,6450,2,13,5.3,3369
TXN504612,CUST20455,21785,1,18,1.4,76
TXN504613,CUST20197,2217750,1,16,2.4,3255
TXN504614,CUST20407,34025,2,1,0.9,3531
TXN504615,CUST20459,37789,3,11,2.2,3658
TXN504616,CUST20232,20330,1,17,2.7,3547
TXN504617,CUST20140,15874,1,9,3.9,1367
TXN504618,CUST20256,11875,2,15,3.5,823
TXN504619,CUST20311,17193,1,16,5.6,910
TXN504620,CUST20306,16206,2,16,2.1,1256
TXN504621,CUST20263,176328,2,16,0.8,2115
TXN504622,CUST20495,19715,1,15,0.3,2848
TXN504623,CUST20153,51592,2,14,1.3,1335
TXN504624,CUST20552,43976,3,13,3.1,2638
TXN504625,CUST20211,24543,1,14,2.4,2583
TXN504626,CUST20242,10222,1,14,4.8,1130
TXN504627,CUST20649,480000,1,9,2.6,2469
TXN504628,CUST20011,31579,1,16,0.2,1856
TXN504629,CUST20434,480000,1,15,0.8,2168
TXN504630,CUST20016,24516,1,11,0.3,1049
TXN504631,CUST20734,480000,1,14,12.4,1305
TXN504632,CUST20160,303647,1,12,16.2,116
TXN504633,CUST20519,84537,2,16,2.9,2453
TXN504634,CUST20658,92335,1,12,5.6,2032
TXN504635,CUST20056,11868,2,21,4.3,2116
TXN504636,CUST20771,48403,2,16,10.7,2540
TXN504637,CUST20712,132441,1,17,2.5,3721
TXN504638,CUST20629,12590,1,11,5.3,3005
TXN504639,CUST20891,42993,2,13,9.8,189
TXN504640,CUST20574,6229,1,16,2.1,1017
TXN504641,CUST20170,14740,1,9,2.1,1920
TXN504642,CUST20535,17036,1,7,0.4,864
TXN504643,CUST20229,480000,1,11,12.4,861
TXN504644,CUST20335,49045,1,13,12.5,839
TXN504645,CUST20011,67525,1,16,1.7,1856
TXN504646,CUST20218,21411,1,12,0.7,2456
TXN504647,CUST20413,33313,2,15,4.8,1306
TXN504648,CUST20403,479015,1,10,10.8,854
TXN504649,CUST20438,21050,1,14,0.5,2608
TXN504650,CUST20428,83645,1,16,4.1,2665
TXN504651,CUST20289,480000,1,7,0.1,500
TXN504652,CUST20016,38370,1,14,3.2,1049
TXN504653,CUST20874,12707,1,19,0.4,294
TXN504654,CUST20682,193537,1,14,4.1,2138
TXN504655,CUST20298,44762,1,20,5.4,2162
TXN504656,CUST20763,154962,1,13,3.7,1043
TXN504657,CUST20589,480000,1,14,0.3,1277
TXN504658,CUST20790,65401,1,9,3.4,2743
TXN504659,CUST20757,40642,1,14,2.6,771
TXN504660,CUST20733,39017,1,13,2.6,361
TXN504661,CUST20267,72040,3,19,10.4,443
TXN504662,CUST20409,44077,1,16,21.2,2677
TXN504663,CUST20676,31414,1,13,1.9,597
TXN504664,CUST20341,50327,2,16,4.5,1554
TXN504665,CUST20740,272651,1,13,5.1,3755
TXN504666,CUST20762,106176,1,6,1.3,2733
TXN504667,CUST20567,175788,1,21,0.9,2801
TXN504668,CUST20465,63694,3,6,0.6,430
TXN504669,CUST20350,25394,1,13,0.7,2677
TXN504670,CUST20829,16556,1,12,4.7,3313
TXN504671,CUST20870,34324,1,17,6.9,287
TXN504672,CUST20035,23436,1,22,5.0,771
TXN504673,CUST20128,377321,1,14,7.6,3238
TXN504674,CUST20180,17957,1,21,0.2,3019
TXN504675,CUST20190,15219,4,9,3.3,3717
TXN504676,CUST20282,54484,1,16,1.6,3565
TXN504677,CUST20377,17945,1,19,5.2,166
TXN504678,CUST20693,14500,1,14,1.3,1369
TXN504679,CUST20735,31942,1,19,5.1,1579
TXN504680,CUST20552,45741,2,20,7.6,2638
TXN504681,CUST20895,4952,1,14,0.3,1477
TXN504682,CUST20096,32648,1,15,4.8,432
TXN504683,CUST20587,10124,1,14,10.2,2295
TXN504684,CUST20712,121469,2,0,0.0,3721
TXN504685,CUST20042,14662,1,15,7.4,169
TXN504686,CUST20338,94830,1,17,2.5,2263
TXN504687,CUST20265,17903,2,10,0.7,1291
TXN504688,CUST20295,19026,3,15,9.0,1623
TXN504689,CUST20670,194319,1,14,6.4,312
TXN504690,CUST20821,47601,3,22,2.7,1234
TXN504691,CUST20512,422219,1,17,0.7,2004
TXN504692,CUST20209,30782,4,14,3.1,2744
TXN504693,CUST20065,37430,3,13,1.2,429
TXN504694,CUST20876,84674,3,12,14.3,2176
TXN504695,CUST20499,27259,1,11,1.9,3504
TXN504696,CUST20728,5381,2,21,1.1,542
TXN504697,CUST20897,30923,2,18,1.9,47
TXN504698,CUST20381,18741,1,19,11.2,3997
TXN504699,CUST20245,25210,2,19,0.0,3265
TXN504700,CUST20851,396828,2,2,270.8,1347
TXN504701,CUST20550,105544,2,17,6.6,1604
TXN504702,CUST20882,9627,1,15,13.8,2644
TXN504703,CUST20431,26482,2,12,2.1,1690
TXN504704,CUST20676,27476,1,15,1.0,597
TXN504705,CUST20137,19368,3,6,0.6,2727
TXN504706,CUST20404,14248,2,21,6.0,3655
TXN504707,CUST20269,480000,2,14,4.7,1676
TXN504708,CUST20517,45733,1,16,5.2,666
TXN504709,CUST20386,40258,1,20,7.8,509
TXN504710,CUST20256,20975,30,0,7.2,823
TXN504711,CUST20306,17487,1,17,5.7,1256
TXN504712,CUST20794,286291,1,3,2.7,1034
TXN504713,CUST20847,25931,1,7,0.1,521
TXN504714,CUST20499,26150,1,11,12.1,3504
TXN504715,CUST20180,15614,3,14,3.7,3019
TXN504716,CUST20435,34654,1,11,8.3,3199
TXN504717,CUST20616,81651,1,17,0.4,1227
TXN504718,CUST20813,28957,1,15,6.2,3376
TXN504719,CUST20032,30697,1,11,1.3,732
TXN504720,CUST20849,114313,1,8,0.5,768
TXN504721,CUST20290,24036,1,14,3.8,3526
TXN504722,CUST20248,17782,1,11,8.1,2158
TXN504723,CUST20644,16786,1,16,3.4,3305
TXN504724,CUST20294,34911,3,20,8.2,602
TXN504725,CUST20076,15379,23,7,20.9,250
TXN504726,CUST20766,30724,1,12,10.2,2393
TXN504727,CUST20138,17281,2,17,0.3,3020
TXN504728,CUST20553,49695,2,16,1.3,2372
TXN504729,CUST20185,15591,3,15,9.0,244
TXN504730,CUST20129,27421,1,8,1.3,3390
TXN504731,CUST20529,15979,2,19,0.9,2265
TXN504732,CUST20571,34756,2,9,7.2,2844
TXN504733,CUST20435,39690,1,23,3.2,3199
TXN504734,CUST20811,314658,1,13,0.4,3051
TXN504735,CUST20764,37995,1,19,0.0,1521
TXN504736,CUST20051,97600,1,13,5.1,3196
TXN504737,CUST20521,8414,1,10,4.4,3169
TXN504738,CUST20618,480000,2,11,5.9,2320
TXN504739,CUST20552,43842,1,17,0.3,2638
TXN504740,CUST20424,11825,1,13,8.4,549
TXN504741,CUST20560,193194,1,16,4.0,1054
TXN504742,CUST20586,16664,1,15,8.0,477
TXN504743,CUST20516,40953,2,12,5.7,3728
TXN504744,CUST20795,50326,2,14,1.0,541
TXN504745,CUST20095,35364,1,10,4.0,2070
TXN504746,CUST20800,6109,3,17,4.3,524
TXN504747,CUST20256,12260,30,0,18.2,823
TXN504748,CUST20227,24699,1,13,24.5,1004
TXN504749,CUST20868,473301,1,1,362.4,338
TXN504750,CUST20559,61843,1,10,4.4,3010
TXN504751,CUST20008,336251,1,15,4.0,2222
TXN504752,CUST20558,8283,2,18,14.0,3039
TXN504753,CUST20547,105100,1,19,0.2,2990
TXN504754,CUST20042,9603,2,13,3.0,169
TXN504755,CUST20552,31548,1,19,4.5,2638
TXN504756,CUST20057,3695969,1,20,0.5,2706
TXN504757,CUST20004,480000,4,11,2.6,815
TXN504758,CUST20819,47967,1,13,1.7,1524
TXN504759,CUST20607,225661,1,19,6.3,943
TXN504760,CUST20200,47334,1,14,5.6,543
TXN504761,CUST20401,22715,2,18,4.1,2389
TXN504762,CUST20290,12204,1,14,0.1,3526
TXN504763,CUST20248,40542,2,10,2.8,2158
TXN504764,CUST20280,437614,3,12,0.3,3007
TXN504765,CUST20617,20740,1,14,1.9,761
TXN504766,CUST20870,32422,1,17,6.2,287
TXN504767,CUST20311,13776,4,11,8.8,910
TXN504768,CUST20040,33131,1,13,0.4,3785
TXN504769,CUST20357,20345,1,11,5.1,3693
TXN504770,CUST20055,21765,2,19,1.0,2802
TXN504771,CUST20506,71334,1,10,0.6,2880
TXN504772,CUST20658,95098,1,13,4.2,2032
TXN504773,CUST20634,463290,1,11,1.4,1279
TXN504774,CUST20271,34025,2,15,1.5,521
TXN504775,CUST20257,336680,1,15,2.5,2998
TXN504776,CUST20494,39644,2,12,1.8,2729
TXN504777,CUST20043,4983,2,13,16.2,2904
TXN504778,CUST20541,58901,1,10,2.9,3322
TXN504779,CUST20067,35047,1,9,2.1,1283
TXN504780,CUST20540,55036,1,13,5.0,2488
TXN504781,CUST20254,26641,1,15,0.3,3830
TXN504782,CUST20309,362754,1,16,10.1,2207
TXN504783,CUST20882,19211,1,11,3.9,2644
TXN504784,CUST20608,19155,2,15,2.5,624
TXN504785,CUST20483,46670,1,13,0.1,2613
TXN504786,CUST20719,44833,1,15,0.9,3678
TXN504787,CUST20796,480000,1,16,14.1,2508
TXN504788,CUST20861,30358,1,17,0.3,3929
TXN504789,CUST20135,226324,1,13,6.7,1432
TXN504790,CUST20671,28943,1,16,1.5,1800
TXN504791,CUST20596,77417,3,10,4.6,48
TXN504792,CUST20330,345563,1,3,341.3,2940
TXN504793,CUST20002,29029,1,14,1.1,2839
TXN504794,CUST20725,97221,1,17,3.1,3405
TXN504795,CUST20595,29345,1,7,3.3,3442
TXN504796,CUST20406,30938,1,6,0.5,2880
TXN504797,CUST20301,181997,1,14,4.5,672
TXN504798,CUST20690,8412,1,14,3.2,75
TXN504799,CUST20076,33694,23,7,17.7,250
TXN504800,CUST20460,92004,1,0,2.8,611
TXN504801,CUST20186,50754,1,14,0.3,3517
TXN504802,CUST20352,75851,1,12,0.6,1218
TXN504803,CUST20311,9509,1,12,1.5,910
TXN504804,CUST20592,45101,1,14,2.7,1576
TXN504805,CUST20307,16253,1,13,2.8,1336
TXN504806,CUST20047,18925,1,16,4.7,350
TXN504807,CUST20616,38333,2,7,6.1,1227
TXN504808,CUST20853,21070,1,13,0.7,308
TXN504809,CUST20227,33418,1,15,0.2,1004
TXN504810,CUST20854,87764,1,19,0.2,3413
TXN504811,CUST20692,16284,2,18,1.4,2641
TXN504812,CUST20250,52118,1,13,1.7,1116
TXN504813,CUST20391,261572,1,13,0.4,2371
TXN504814,CUST20510,351835,1,11,9.6,2989
TXN504815,CUST20348,46343,1,12,4.8,1944
TXN504816,CUST20714,55561,1,11,0.5,1874
TXN504817,CUST20676,41878,3,12,12.2,597
TXN504818,CUST20199,12066,1,14,2.4,2953
TXN504819,CUST20492,2989,1,17,0.8,801
TXN504820,CUST20728,21261,2,15,0.6,542
TXN504821,CUST20383,30334,1,15,0.1,59
TXN504822,CUST20291,108752,2,15,5.1,890
TXN504823,CUST20895,12156,1,15,0.3,1477
TXN504824,CUST20210,84276,1,14,4.8,1432
TXN504825,CUST20585,31161,1,14,0.9,1912
TXN504826,CUST20799,29085,1,12,1.2,3777
TXN504827,CUST20581,60638,1,12,1.8,1591
TXN504828,CUST20452,40963,2,11,0.9,2763
TXN504829,CUST20535,23171,1,12,3.3,864
TXN504830,CUST20427,7394,1,17,0.4,699
TXN504831,CUST20581,45350,2,14,1.8,1591
TXN504832,CUST20217,343623,1,18,0.9,1505
TXN504833,CUST20498,30661,3,15,5.1,2459
TXN504834,CUST20491,35031,1,18,0.2,3283
TXN504835,CUST20107,7896,1,1,6.2,1425
TXN504836,CUST20222,29203,1,17,3.1,1541
TXN504837,CUST20603,15170,2,10,1.7,285
TXN504838,CUST20173,39331,1,18,2.1,1151
TXN504839,CUST20521,8806,1,15,4.3,3169
TXN504840,CUST20870,20996,1,14,0.9,287
TXN504841,CUST20357,515593,1,2,200.8,3693
TXN504842,CUST20787,23771,1,15,6.1,1833
TXN504843,CUST20657,73376,1,14,2.7,885
TXN504844,CUST20646,140827,1,15,3.9,131
TXN504845,CUST20614,14638,2,15,3.4,3648
TXN504846,CUST20563,12416,1,9,2.3,3560
TXN504847,CUST20490,45566,1,16,0.4,1619
TXN504848,CUST20532,26476,1,14,3.9,3303
TXN504849,CUST20640,8203,2,12,4.7,850
TXN504850,CUST20145,6218,1,15,6.7,273
TXN504851,CUST20036,131383,2,13,3.2,3090
TXN504852,CUST20240,478057,1,4,223.7,2503
TXN504853,CUST20379,28676,1,15,3.4,2844
TXN504854,CUST20161,38718,2,18,1.3,208
TXN504855,CUST20611,29136,1,20,6.5,2833
TXN504856,CUST20636,11047,1,21,10.2,2732
TXN504857,CUST20791,125637,3,17,10.4,796
TXN504858,CUST20485,6371,1,15,0.4,538
TXN504859,CUST20077,6483,1,23,0.1,3369
TXN504860,CUST20297,12750,2,13,1.1,2130
TXN504861,CUST20634,263844,1,17,2.8,1279
TXN504862,CUST20375,244173,1,8,1.7,3421
TXN504863,CUST20268,323260,1,13,2.8,1677
TXN504864,CUST20792,21762,2,17,3.4,1123
TXN504865,CUST20509,480000,1,7,2.0,293
TXN504866,CUST20479,14128,1,12,0.5,757
TXN504867,CUST20089,27499,1,14,1.8,3023
TXN504868,CUST20805,219751,2,15,1.4,420
TXN504869,CUST20160,208140,1,10,1.6,116
TXN504870,CUST20155,40443,2,15,5.1,2932
TXN504871,CUST20478,245497,1,4,199.3,3970
TXN504872,CUST20868,460739,2,2,324.5,338
TXN504873,CUST20319,33811,2,19,5.1,533
TXN504874,CUST20651,6586,1,14,1.0,1997
TXN504875,CUST20423,230572,1,11,6.7,913
TXN504876,CUST20444,63151,1,14,16.3,775
TXN504877,CUST20319,24180,1,10,1.1,533
TXN504878,CUST20896,20761,1,8,0.7,2800
TXN504879,CUST20058,262628,1,13,2.3,2281
TXN504880,CUST20362,367870,1,18,6.1,3493
TXN504881,CUST20464,19288,1,14,0.0,3648
TXN504882,CUST20660,39868,1,18,7.6,944
TXN504883,CUST20204,295653,1,12,2.8,2200
TXN504884,CUST20141,53848,3,18,4.9,3992
TXN504885,CUST20291,163592,1,14,2.4,890
TXN504886,CUST20355,24888,1,13,5.1,258
TXN504887,CUST20680,291883,1,11,2.3,1287
TXN504888,CUST20710,38226,1,12,3.2,2171
TXN504889,CUST20757,42401,2,8,0.4,771
TXN504890,CUST20294,36188,1,16,6.6,602
TXN504891,CUST20157,16350,2,8,5.4,759
TXN504892,CUST20092,53678,1,10,1.5,2634
TXN504893,CUST20830,7749,1,11,2.4,1641
TXN504894,CUST20517,25241,1,19,1.2,666
TXN504895,CUST20855,36674,1,16,2.0,255
TXN504896,CUST20161,41804,4,12,4.0,208
TXN504897,CUST20213,31916,1,22,0.3,2609
TXN504898,CUST20208,476995,4,15,1.4,3040
TXN504899,CUST20027,480000,2,16,1.9,3066
TXN504900,CUST20302,44405,2,19,0.1,803
TXN504901,CUST20679,22107,3,12,11.2,1810
TXN504902,CUST20247,46327,1,12,1.5,1303
TXN504903,CUST20563,18852,1,13,1.6,3560
TXN504904,CUST20690,8691,1,11,5.4,75
TXN504905,CUST20427,6721,3,14,0.8,699
TXN504906,CUST20592,72379,1,13,2.8,1576
TXN504907,CUST20111,10254,3,13,1.1,2776
TXN504908,CUST20631,7676262,1,15,1.3,3902
TXN504909,CUST20571,40134,2,10,1.5,2844
TXN504910,CUST20369,22451,1,19,4.7,1841
TXN504911,CUST20679,21814,2,8,1.0,1810
TXN504912,CUST20142,22010,1,15,0.1,68
TXN504913,CUST20114,17884,1,14,7.4,2862
TXN504914,CUST20429,30165,1,12,1.0,1155
TXN504915,CUST20381,23477,1,16,14.2,3997
TXN504916,CUST20745,100913,1,9,3.9,3838
TXN504917,CUST20613,26836,1,14,0.9,2482
TXN504918,CUST20752,32810,1,9,1.7,2331
TXN504919,CUST20599,22289,1,13,2.7,1530
TXN504920,CUST20873,11775,2,14,16.2,411
TXN504921,CUST20095,32147,1,9,2.0,2070
TXN504922,CUST20214,32119,1,16,0.7,1992
TXN504923,CUST20609,27121,1,10,1.6,3941
TXN504924,CUST20396,48533,1,10,2.1,1915
TXN504925,CUST20778,2266760,1,20,1.4,3990
TXN504926,CUST20172,11732,1,13,0.3,2099
TXN504927,CUST20031,8588872,1,19,5.8,3137
TXN504928,CUST20729,5164,1,15,3.5,1878
TXN504929,CUST20255,19384,2,12,4.8,1743
TXN504930,CUST20696,34221,4,15,5.0,377
TXN504931,CUST20545,21255,1,15,0.1,1002
TXN504932,CUST20251,35616,2,18,1.5,3759
TXN504933,CUST20822,15238,2,16,2.9,2392
TXN504934,CUST20477,28701,1,15,0.2,2308
TXN504935,CUST20333,8218,1,16,0.9,3898
TXN504936,CUST20504,157997,1,4,239.7,2982
TXN504937,CUST20514,129405,1,13,0.1,3855
TXN504938,CUST20865,24073,1,15,1.4,596
TXN504939,CUST20393,22681,1,12,6.2,2745
TXN504940,CUST20071,15624,1,10,0.3,3780
TXN504941,CUST20650,33464,1,8,1.1,3463
TXN504942,CUST20586,11943,1,19,1.4,477
TXN504943,CUST20265,17605,1,18,0.3,1291
TXN504944,CUST20698,29682,1,16,7.2,3099
TXN504945,CUST20108,480000,2,13,7.5,1277
TXN504946,CUST20035,21928,1,15,3.4,771
TXN504947,CUST20310,6230,2,5,2.8,1343
TXN504948,CUST20079,12840,1,9,1.5,3964
TXN504949,CUST20469,43016,1,13,4.4,1050
TXN504950,CUST20063,26269,1,19,9.4,3678
TXN504951,CUST20426,39041,1,11,6.3,3960
TXN504952,CUST20520,31374,1,14,0.2,2429
TXN504953,CUST20655,14811,3,18,5.1,632
TXN504954,CUST20434,480000,3,21,0.9,2168
TXN504955,CUST20277,15515,1,15,3.8,3724
TXN504956,CUST20695,25197,1,10,9.5,2455
TXN504957,CUST20025,25366,1,12,7.6,724
TXN504958,CUST20294,30969,2,13,1.3,602
TXN504959,CUST20873,23247,1,23,1.4,411
TXN504960,CUST20184,12969,1,15,5.0,2450
TXN504961,CUST20848,118211,2,5,3.0,1601
TXN504962,CUST20629,27932,1,12,2.4,3005
TXN504963,CUST20487,8361,1,17,0.2,3724
TXN504964,CUST20255,28556,2,10,5.8,1743
TXN504965,CUST20680,238147,1,17,5.5,1287
TXN504966,CUST20455,15050,1,12,2.6,76
TXN504967,CUST20549,29440,2,22,1.1,365
TXN504968,CUST20524,162236,1,16,0.5,586
TXN504969,CUST20072,24067,1,20,12.7,2037
TXN504970,CUST20587,6760,1,5,0.4,2295
TXN504971,CUST20748,19829,1,11,4.3,1183
TXN504972,CUST20055,24533,1,19,0.3,2802
TXN504973,CUST20817,30137,1,15,3.2,3114
TXN504974,CUST20143,35486,1,15,7.7,1985
TXN504975,CUST20684,23720,1,13,6.8,304
TXN504976,CUST20185,18660,1,15,0.9,244
TXN504977,CUST20633,44161,2,16,0.7,1860
TXN504978,CUST20096,47922,1,14,0.4,432
TXN504979,CUST20115,24395,1,8,0.8,2170
TXN504980,CUST20608,23478,4,12,2.1,624
TXN504981,CUST20552,13743,1,8,3.2,2638
TXN504982,CUST20634,480000,2,20,0.3,1279
TXN504983,CUST20509,299897,2,14,1.9,293
TXN504984,CUST20057,29533,1,10,9.7,2706
TXN504985,CUST20561,41572,1,18,5.3,1192
TXN504986,CUST20060,24652,3,10,0.7,1764
TXN504987,CUST20393,12109,1,10,0.8,2745
TXN504988,CUST20626,13584,2,18,3.7,1796
TXN504989,CUST20581,32857,3,17,3.3,1591
TXN504990,CUST20360,32142,1,17,0.5,2462
TXN504991,CUST20162,11728,2,20,4.4,828
TXN504992,CUST20152,206888,2,13,5.7,2570
TXN504993,CUST20876,54101,3,14,0.2,2176
TXN504994,CUST20283,13537,1,11,6.2,1847
TXN504995,CUST20793,176733,3,13,0.1,2180
TXN504996,CUST20198,28682,3,11,4.1,2102
TXN504997,CUST20245,31845,2,13,4.5,3265
TXN504998,CUST20801,43038,4,19,7.0,1724
TXN504999,CUST20005,61787,1,7,2.5,2233
TXN505000,CUST20484,174195,1,14,1.4,1036
TXN505001,CUST20639,15896,1,11,3.0,1017
TXN505002,CUST20883,7265,1,7,1.2,2697
TXN505003,CUST20321,19080,1,13,1.0,611
